version 1
nodes
0 "root" -1
end
skeleton
time 0
0 0.000000 0.000000 0.000000 0.000000 0.000000 0.000000
end
triangles

0 8.725800 19.557699 25.900000 0.000000 0.011800 0.999900 0.131500 0.983700
0 25.762600 20.125299 25.893299 0.000000 0.011800 0.999900 0.051700 0.983700
0 8.725800 20.125299 25.893299 0.000000 0.011800 0.999900 0.131000 0.981800

0 37.414200 3.530100 7.615700 0.000000 -0.962900 0.270000 0.235000 0.569300
0 38.455898 3.530100 7.615700 0.000000 -0.962900 0.270000 0.227500 0.569300
0 38.455898 6.414500 17.902800 0.000000 -0.962900 0.270000 0.227100 0.590800

0 38.455898 6.414500 17.902800 0.000000 -0.962900 0.270000 0.227100 0.590800
0 37.414200 6.414500 17.902800 0.000000 -0.962900 0.270000 0.234500 0.590800
0 37.414200 3.530100 7.615700 0.000000 -0.962900 0.270000 0.235000 0.569300

0 38.455898 -3.530100 7.615700 0.000000 0.000000 1.000000 0.360600 0.612500
0 38.455898 3.530100 7.615700 0.000000 0.000000 1.000000 0.402800 0.612500
0 37.414200 3.530100 7.615700 0.000000 0.000000 1.000000 0.402800 0.618400

0 37.414200 3.530100 7.615700 0.000000 0.000000 1.000000 0.402800 0.618400
0 37.414200 -3.530100 7.615700 0.000000 0.000000 1.000000 0.360600 0.618400
0 38.455898 -3.530100 7.615700 0.000000 0.000000 1.000000 0.360600 0.612500

0 35.581001 -5.919300 1.081600 0.000000 0.000000 -1.000000 0.257300 0.533200
0 35.581001 5.919300 1.081600 0.000000 0.000000 -1.000000 0.214500 0.532200
0 36.344799 5.919300 1.081600 0.000000 0.000000 -1.000000 0.214500 0.529500

0 36.344799 5.919300 1.081600 0.000000 0.000000 -1.000000 0.214500 0.529500
0 36.344799 -5.919300 1.081600 0.000000 0.000000 -1.000000 0.257300 0.530500
0 35.581001 -5.919300 1.081600 0.000000 0.000000 -1.000000 0.257300 0.533200

0 5.474200 -18.649000 1.759400 -0.000200 0.000000 -1.000000 0.481200 0.771700
0 5.474200 18.649000 1.759400 -0.000200 0.000000 -1.000000 0.481200 0.948300
0 8.713000 18.648001 1.758800 -0.000200 0.000000 -1.000000 0.467000 0.948300

0 8.713000 18.648001 1.758800 -0.000200 0.000000 -1.000000 0.467000 0.948300
0 8.713000 -18.648001 1.758800 -0.000200 0.000000 -1.000000 0.467000 0.771700
0 5.474200 -18.649000 1.759400 -0.000200 0.000000 -1.000000 0.481200 0.771700

0 11.618400 -18.287100 1.081600 0.000000 0.000000 -1.000000 0.438700 0.802200
0 8.713000 -19.021400 1.081600 0.000000 0.000000 -1.000000 0.427500 0.805100
0 8.713000 19.021400 1.081600 0.000000 0.000000 -1.000000 0.427000 0.659700

0 8.713000 19.021400 1.081600 0.000000 0.000000 -1.000000 0.427000 0.659700
0 11.618400 18.287100 1.081600 0.000000 0.000000 -1.000000 0.438500 0.662600
0 11.618400 -18.287100 1.081600 0.000000 0.000000 -1.000000 0.438700 0.802200

0 12.276900 -17.735500 0.001000 -0.853900 0.000000 -0.520400 0.456500 0.624000
0 11.618400 -18.287100 1.081600 0.029300 0.000000 -0.999600 0.458000 0.625700
0 11.618400 18.287100 1.081600 0.029300 0.000000 -0.999600 0.356700 0.623500

0 11.618400 18.287100 1.081600 0.029300 0.000000 -0.999600 0.356700 0.623500
0 12.276900 17.735500 0.001000 -0.853900 0.000000 -0.520400 0.358200 0.621800
0 12.276900 -17.735500 0.001000 -0.853900 0.000000 -0.520400 0.456500 0.624000

0 8.713000 19.021400 1.081600 0.000000 0.000000 -1.000000 0.354500 0.631100
0 11.618400 19.021400 1.081600 0.456100 0.000000 -0.889900 0.354500 0.623500
0 11.618400 18.287100 1.081600 0.029300 0.000000 -0.999600 0.356700 0.623500

0 13.776000 19.174101 3.998300 0.839100 0.000000 -0.544000 0.354200 0.617700
0 11.618400 18.287100 1.081600 0.029300 0.000000 -0.999600 0.356700 0.623500
0 11.618400 19.021400 1.081600 0.456100 0.000000 -0.889900 0.354500 0.623500

0 11.618400 19.021400 1.081600 0.803900 0.000000 -0.594700 0.354500 0.623500
0 13.776000 19.944000 3.998300 0.845000 0.000000 -0.534800 0.352300 0.617700
0 13.776000 19.174101 3.998300 0.839100 0.000000 -0.544000 0.354200 0.617700

0 13.776000 19.174101 3.998300 0.839100 0.000000 -0.544000 0.354200 0.617700
0 13.776000 19.944000 3.998300 0.845000 0.000000 -0.534800 0.352300 0.617700
0 21.965200 20.111900 18.862101 0.715400 0.000000 -0.698700 0.352300 0.595700

0 21.965200 20.111900 18.862101 0.715400 0.000000 -0.698700 0.352300 0.595700
0 21.965200 19.335501 18.862101 0.716700 0.000000 -0.697300 0.354200 0.595700
0 13.776000 19.174101 3.998300 0.839100 0.000000 -0.544000 0.354200 0.617700

0 24.007000 19.341299 20.055500 0.261200 0.000000 -0.965300 0.354500 0.590300
0 21.965200 19.335501 18.862101 0.716700 0.000000 -0.697300 0.354200 0.595700
0 21.965200 20.111900 18.862101 0.715400 0.000000 -0.698700 0.352300 0.595700

0 21.965200 20.111900 18.862101 0.715400 0.000000 -0.698700 0.352300 0.595700
0 24.007000 20.113001 20.055500 0.262100 0.000000 -0.965000 0.352300 0.590300
0 24.007000 19.341299 20.055500 0.261200 0.000000 -0.965300 0.354500 0.590300

0 30.646500 19.306900 20.055500 0.000000 0.000000 -1.000000 0.355000 0.572500
0 24.007000 19.341299 20.055500 0.261200 0.000000 -0.965300 0.354500 0.590300
0 24.007000 20.113001 20.055500 0.262100 0.000000 -0.965000 0.352300 0.590300

0 24.007000 20.113001 20.055500 0.262100 0.000000 -0.965000 0.352300 0.590300
0 30.794901 20.052200 20.055500 0.000000 0.000000 -1.000000 0.352800 0.572300
0 30.646500 19.306900 20.055500 0.000000 0.000000 -1.000000 0.355000 0.572500

0 37.254799 13.325700 26.641899 0.600600 0.019700 0.799300 0.500500 0.971900
0 36.852001 16.851000 26.913900 0.597900 0.320600 0.734600 0.518100 0.973200
0 37.059200 13.083200 26.815599 0.660900 0.004400 0.750400 0.499300 0.972700

0 38.035099 16.983299 25.893299 0.590600 0.224600 0.775000 0.518600 0.968500
0 36.077400 19.323799 25.893299 0.478700 0.400400 0.781300 0.529300 0.968000
0 34.913101 18.733601 26.909201 0.491400 0.440300 0.751400 0.529300 0.972800

0 34.913101 18.733601 26.909201 0.491400 0.440300 0.751400 0.529300 0.972800
0 36.852001 16.851000 26.913900 0.597900 0.320600 0.734600 0.518100 0.973200
0 38.035099 16.983299 25.893299 0.590600 0.224600 0.775000 0.518600 0.968500

0 38.035099 16.983299 25.893299 0.590600 0.224600 0.775000 0.518600 0.968500
0 36.852001 16.851000 26.913900 0.597900 0.320600 0.734600 0.518100 0.973200
0 37.254799 13.325700 26.641899 0.600600 0.019700 0.799300 0.500500 0.971900

0 37.254799 13.325700 26.641899 0.600600 0.019700 0.799300 0.500500 0.971900
0 38.455898 13.199900 25.893299 0.530800 0.027000 0.847100 0.500000 0.968500
0 38.035099 16.983299 25.893299 0.590600 0.224600 0.775000 0.518600 0.968500

0 38.455898 -13.199900 25.893299 0.529000 0.000000 0.848600 0.368200 0.968100
0 38.455898 13.199900 25.893299 0.530800 0.027000 0.847100 0.500000 0.968500
0 37.254799 13.325700 26.641899 0.600600 0.019700 0.799300 0.500500 0.971900

0 37.254799 13.325700 26.641899 0.600600 0.019700 0.799300 0.500500 0.971900
0 37.059200 13.083200 26.815599 0.660900 0.004400 0.750400 0.499300 0.972700
0 37.059299 -13.058900 26.815701 0.754300 0.148000 0.639600 0.368400 0.972300

0 37.059299 -13.058900 26.815701 0.754300 0.148000 0.639600 0.368400 0.972300
0 37.255100 -13.305300 26.641800 0.787800 0.079000 0.610800 0.367200 0.971500
0 37.254799 13.325700 26.641899 0.600600 0.019700 0.799300 0.500500 0.971900

0 37.254799 13.325700 26.641899 0.600600 0.019700 0.799300 0.500500 0.971900
0 37.255100 -13.305300 26.641800 0.787800 0.079000 0.610800 0.367200 0.971500
0 38.455898 -13.199900 25.893299 0.529000 0.000000 0.848600 0.368200 0.968100

0 38.035099 -16.983299 25.893299 0.606000 -0.214500 0.766000 0.349100 0.968000
0 38.455898 -13.199900 25.893299 0.531800 -0.059100 0.844800 0.368200 0.968100
0 37.255100 -13.305300 26.641800 0.787800 0.079000 0.610800 0.367200 0.971500

0 37.255100 -13.305300 26.641800 0.787800 0.079000 0.610800 0.367200 0.971500
0 36.851700 -16.830000 26.913799 0.603600 -0.275000 0.748400 0.349600 0.972700
0 38.035099 -16.983299 25.893299 0.606000 -0.214500 0.766000 0.349100 0.968000

0 36.077400 -19.323799 25.893299 0.370600 -0.574200 0.730000 0.337900 0.967400
0 38.035099 -16.983299 25.893299 0.606000 -0.214500 0.766000 0.349100 0.968000
0 36.851700 -16.830000 26.913799 0.603600 -0.275000 0.748400 0.349600 0.972700

0 36.851700 -16.830000 26.913799 0.603600 -0.275000 0.748400 0.349600 0.972700
0 34.911800 -18.711700 26.908501 0.271100 -0.668500 0.692600 0.337900 0.972200
0 36.077400 -19.323799 25.893299 0.370600 -0.574200 0.730000 0.337900 0.967400

0 32.364799 -20.052200 25.893299 0.118400 -0.830400 0.544400 0.322000 0.967100
0 36.077400 -19.323799 25.893299 0.370600 -0.574200 0.730000 0.337900 0.967400
0 34.911800 -18.711700 26.908501 0.271100 -0.668500 0.692600 0.337900 0.972200

0 34.911800 -18.711700 26.908501 0.271100 -0.668500 0.692600 0.337900 0.972200
0 31.974300 -19.456400 26.924101 0.094100 -0.846400 0.524200 0.320600 0.972100
0 32.364799 -20.052200 25.893299 0.118400 -0.830400 0.544400 0.322000 0.967100

0 25.762600 -20.125299 25.893299 -0.012800 -0.864500 0.502400 0.291300 0.967100
0 32.364799 -20.052200 25.893299 0.118400 -0.830400 0.544400 0.322000 0.967100
0 31.974300 -19.456400 26.924101 0.094100 -0.846400 0.524200 0.320600 0.972100

0 31.974300 -19.456400 26.924101 0.094100 -0.846400 0.524200 0.320600 0.972100
0 26.185400 -19.509100 26.965799 -0.003900 -0.870500 0.492100 0.293200 0.972300
0 25.762600 -20.125299 25.893299 -0.012800 -0.864500 0.502400 0.291300 0.967100

0 8.725800 -19.557699 25.900000 -0.005600 -0.990600 0.136600 0.212300 0.967300
0 25.762600 -20.125299 25.893299 -0.012800 -0.864500 0.502400 0.291300 0.967100
0 26.185400 -19.509100 26.965799 -0.003900 -0.870500 0.492100 0.293200 0.972300

0 26.185400 -19.509100 26.965799 -0.003900 -0.870500 0.492100 0.293200 0.972300
0 8.670600 -19.418400 27.058500 -0.004500 -0.992900 0.119200 0.211900 0.972800
0 8.725800 -19.557699 25.900000 -0.005600 -0.990600 0.136600 0.212300 0.967300

0 37.255100 -13.305300 26.641800 0.787800 0.079000 0.610800 0.367200 0.971500
0 37.059299 -13.058900 26.815701 0.754300 0.148000 0.639600 0.368400 0.972300
0 37.248901 -13.391900 26.933599 0.990500 0.125000 0.058100 0.366900 0.972900

0 36.851700 -16.830000 26.913799 0.603600 -0.275000 0.748400 0.349600 0.972700
0 37.255100 -13.305300 26.641800 0.787800 0.079000 0.610800 0.367200 0.971500
0 37.248901 -13.391900 26.933599 0.990500 0.125000 0.058100 0.366900 0.972900

0 38.455898 -3.530100 7.615700 0.997500 -0.024100 -0.065800 0.193100 0.888900
0 38.109100 -4.982600 3.998300 0.949300 0.000000 -0.314400 0.186900 0.874400
0 38.109100 4.982600 3.998300 0.949300 0.000000 -0.314400 0.230000 0.874400

0 38.109100 4.982600 3.998300 0.949300 0.000000 -0.314400 0.230000 0.874400
0 38.455898 3.530100 7.615700 0.997500 0.036300 -0.060500 0.223800 0.888900
0 38.455898 -3.530100 7.615700 0.997500 -0.024100 -0.065800 0.193100 0.888900

0 38.427700 -11.213100 18.752899 0.999800 -0.018700 -0.009500 0.159800 0.937300
0 38.455898 -6.414500 17.902800 1.000000 -0.005700 0.001100 0.180700 0.930100
0 38.455898 -5.449100 19.206900 1.000000 -0.003600 -0.002000 0.184800 0.935200

0 38.455898 -3.530100 7.615700 0.997500 -0.024100 -0.065800 0.193100 0.888900
0 38.455898 -6.414500 17.902800 1.000000 -0.005700 0.001100 0.180700 0.930100
0 38.427700 -11.213100 18.752899 0.999800 -0.018700 -0.009500 0.159800 0.937300

0 38.455898 -3.530100 7.615700 0.997500 -0.024100 -0.065800 0.193100 0.888900
0 38.427700 -11.213100 18.752899 0.999800 -0.018700 -0.009500 0.159800 0.937300
0 38.109100 -7.026700 3.998300 0.966900 -0.020500 -0.254200 0.178000 0.874400

0 38.109100 -7.026700 3.998300 0.966900 -0.020500 -0.254200 0.178000 0.874400
0 38.109100 -4.982600 3.998300 0.949300 0.000000 -0.314400 0.186900 0.874400
0 38.455898 -3.530100 7.615700 0.997500 -0.024100 -0.065800 0.193100 0.888900

0 36.344799 -5.919300 1.081600 0.855600 0.000000 -0.517600 0.182700 0.861800
0 38.109100 -4.982600 3.998300 0.949300 0.000000 -0.314400 0.186900 0.874400
0 38.109100 -7.026700 3.998300 0.966900 -0.020500 -0.254200 0.178000 0.874400

0 38.109100 -4.982600 3.998300 0.949300 0.000000 -0.314400 0.186900 0.874400
0 36.344799 -5.919300 1.081600 0.855600 0.000000 -0.517600 0.182700 0.861800
0 36.344799 5.919300 1.081600 0.855600 0.000000 -0.517600 0.234100 0.861800

0 36.344799 5.919300 1.081600 0.855600 0.000000 -0.517600 0.234100 0.861800
0 38.109100 4.982600 3.998300 0.949300 0.000000 -0.314400 0.230000 0.874400
0 38.109100 -4.982600 3.998300 0.949300 0.000000 -0.314400 0.186900 0.874400

0 36.344799 5.919300 1.081600 0.855600 0.000000 -0.517600 0.234100 0.861800
0 38.109100 7.026700 3.998300 0.968300 0.019500 -0.249000 0.238900 0.874400
0 38.109100 4.982600 3.998300 0.949300 0.000000 -0.314400 0.230000 0.874400

0 38.455898 3.530100 7.615700 0.997500 0.036300 -0.060500 0.223800 0.888900
0 38.109100 4.982600 3.998300 0.949300 0.000000 -0.314400 0.230000 0.874400
0 38.109100 7.026700 3.998300 0.968300 0.019500 -0.249000 0.238900 0.874400

0 38.109100 7.026700 3.998300 0.968300 0.019500 -0.249000 0.238900 0.874400
0 38.455898 6.414500 17.902800 0.999900 0.012900 -0.010000 0.236200 0.930100
0 38.455898 3.530100 7.615700 0.997500 0.036300 -0.060500 0.223800 0.888900

0 38.427700 11.213100 18.752899 0.999700 0.008800 0.022900 0.257100 0.933400
0 38.455898 6.414500 17.902800 0.999900 0.012900 -0.010000 0.236200 0.930100
0 38.109100 7.026700 3.998300 0.968300 0.019500 -0.249000 0.238900 0.874400

0 38.455898 5.449100 19.206900 1.000000 0.003900 0.000300 0.232200 0.935200
0 38.455898 6.414500 17.902800 0.999900 0.012900 -0.010000 0.236200 0.930100
0 38.427700 11.213100 18.752899 0.999700 0.008800 0.022900 0.257100 0.933400

0 38.427700 11.213100 18.752899 0.999700 0.008800 0.022900 0.257100 0.933400
0 38.352001 12.909900 20.055500 0.999200 0.039900 -0.010500 0.264400 0.937900
0 38.455898 5.449100 19.206900 1.000000 0.003900 0.000300 0.232200 0.935200

0 38.455898 5.449100 19.206900 1.000000 0.003900 0.000300 0.232200 0.935200
0 38.352001 12.909900 20.055500 0.999200 0.039900 -0.010500 0.264400 0.937900
0 38.455898 13.199900 25.893299 0.998500 0.054700 -0.009200 0.265600 0.961300

0 38.455898 13.199900 25.893299 0.998500 0.054700 -0.009200 0.265600 0.961300
0 38.352001 12.909900 20.055500 0.999200 0.039900 -0.010500 0.264400 0.937900
0 38.035099 16.956900 20.055500 0.924900 0.380000 -0.008800 0.282000 0.937900

0 38.035099 16.956900 20.055500 0.924900 0.380000 -0.008800 0.282000 0.937900
0 38.035099 16.983299 25.893299 0.919700 0.392700 -0.000700 0.282000 0.961300
0 38.455898 13.199900 25.893299 0.998500 0.054700 -0.009200 0.265600 0.961300

0 38.035099 16.983299 25.893299 0.919700 0.392700 -0.000700 0.282000 0.961300
0 38.035099 16.956900 20.055500 0.924900 0.380000 -0.008800 0.282000 0.937900
0 36.077400 19.323799 20.055500 0.495000 0.868800 -0.013500 0.292200 0.937900

0 36.077400 19.323799 20.055500 0.495000 0.868800 -0.013500 0.292200 0.937900
0 36.077400 19.323799 25.893299 0.767000 0.641600 0.000000 0.292200 0.961300
0 38.035099 16.983299 25.893299 0.919700 0.392700 -0.000700 0.282000 0.961300

0 32.364799 20.052200 25.893299 0.102300 0.994700 -0.011000 0.307600 0.961300
0 36.077400 19.323799 25.893299 0.192500 0.981300 0.000000 0.292200 0.961300
0 36.077400 19.323799 20.055500 0.495000 0.868800 -0.013500 0.292200 0.937900

0 36.077400 19.323799 20.055500 0.495000 0.868800 -0.013500 0.292200 0.937900
0 30.794901 20.052200 20.055500 0.062900 0.997900 -0.017600 0.314200 0.937900
0 32.364799 20.052200 25.893299 0.102300 0.994700 -0.011000 0.307600 0.961300

0 25.762600 20.125299 25.893299 0.005900 1.000000 -0.003200 0.335200 0.961300
0 32.364799 20.052200 25.893299 0.102300 0.994700 -0.011000 0.307600 0.961300
0 30.794901 20.052200 20.055500 0.062900 0.997900 -0.017600 0.314200 0.937900

0 30.794901 20.052200 20.055500 0.062900 0.997900 -0.017600 0.314200 0.937900
0 24.007000 20.113001 20.055500 0.003700 1.000000 -0.003200 0.342800 0.937900
0 25.762600 20.125299 25.893299 0.005900 1.000000 -0.003200 0.335200 0.961300

0 25.762600 20.125299 25.893299 0.005900 1.000000 -0.003200 0.335200 0.961300
0 24.007000 20.113001 20.055500 0.003700 1.000000 -0.003200 0.342800 0.937900
0 21.965200 20.111900 18.862101 -0.001100 1.000000 -0.004900 0.351100 0.932800

0 21.965200 20.111900 18.862101 -0.001100 1.000000 -0.004900 0.351100 0.932800
0 8.725800 20.125299 25.893299 -0.002300 1.000000 -0.006300 0.406500 0.961300
0 25.762600 20.125299 25.893299 0.005900 1.000000 -0.003200 0.335200 0.961300

0 8.723700 19.944000 3.998300 -0.000800 0.987500 -0.157600 0.406500 0.873000
0 8.725800 20.125299 25.893299 -0.002300 1.000000 -0.006300 0.406500 0.961300
0 21.965200 20.111900 18.862101 -0.001100 1.000000 -0.004900 0.351100 0.932800

0 21.965200 20.111900 18.862101 -0.001100 1.000000 -0.004900 0.351100 0.932800
0 13.776000 19.944000 3.998300 0.000000 0.994600 -0.103900 0.385500 0.873000
0 8.723700 19.944000 3.998300 -0.000800 0.987500 -0.157600 0.406500 0.873000

0 8.723700 19.944000 3.998300 -0.000800 0.987500 -0.157600 0.406500 0.873000
0 13.776000 19.944000 3.998300 0.000000 0.994600 -0.103900 0.385500 0.873000
0 11.618400 19.021400 1.081600 0.000000 0.953400 -0.301600 0.394500 0.861100

0 11.618400 19.021400 1.081600 0.000000 0.953400 -0.301600 0.394500 0.861100
0 8.713000 19.021400 1.081600 0.000000 0.953400 -0.301600 0.406500 0.861100
0 8.723700 19.944000 3.998300 -0.000800 0.987500 -0.157600 0.406500 0.873000

0 38.455898 -6.414500 17.902800 0.000000 0.962900 0.270000 0.359100 0.587600
0 38.455898 -3.530100 7.615700 0.000000 0.962900 0.270000 0.358900 0.609100
0 37.414200 -3.530100 7.615700 0.000000 0.962900 0.270000 0.366200 0.609400

0 37.414200 -3.530100 7.615700 0.000000 0.962900 0.270000 0.366200 0.609400
0 37.414200 -6.414500 17.902800 0.000000 0.962900 0.270000 0.366700 0.587900
0 38.455898 -6.414500 17.902800 0.000000 0.962900 0.270000 0.359100 0.587600

0 37.414200 3.530100 7.615700 1.000000 0.000000 0.000000 0.223400 0.889400
0 37.414200 6.414500 17.902800 1.000000 0.000000 0.000000 0.235600 0.929600
0 37.414200 5.449100 19.206900 1.000000 0.000000 0.000000 0.231600 0.934800

0 37.414200 5.449100 19.206900 1.000000 0.000000 0.000000 0.231600 0.934800
0 37.414200 -3.530100 7.615700 1.000000 0.000000 0.000000 0.193700 0.889400
0 37.414200 3.530100 7.615700 1.000000 0.000000 0.000000 0.223400 0.889400

0 37.414200 -3.530100 7.615700 1.000000 0.000000 0.000000 0.193700 0.889400
0 37.414200 5.449100 19.206900 1.000000 0.000000 0.000000 0.231600 0.934800
0 37.414200 -5.449100 19.206900 1.000000 0.000000 0.000000 0.185700 0.934800

0 37.414200 -5.449100 19.206900 1.000000 0.000000 0.000000 0.185700 0.934800
0 37.414200 -6.414500 17.902800 1.000000 0.000000 0.000000 0.181500 0.929600
0 37.414200 -3.530100 7.615700 1.000000 0.000000 0.000000 0.193700 0.889400

0 15.706500 -17.731100 26.296499 1.000000 0.000000 0.000000 0.301500 0.448700
0 15.706500 -18.069099 25.759701 1.000000 0.000000 0.000000 0.307400 0.445300
0 15.706500 -17.671200 25.266300 1.000000 0.000000 0.000000 0.313500 0.452100

0 15.706500 -17.671200 25.266300 1.000000 0.000000 0.000000 0.313500 0.452100
0 15.706500 -17.109900 26.129999 1.000000 0.000000 0.000000 0.301300 0.455600
0 15.706500 -17.731100 26.296499 1.000000 0.000000 0.000000 0.301500 0.448700

0 15.706500 -17.109900 26.129999 1.000000 0.000000 0.000000 0.301300 0.455600
0 15.706500 -17.671200 25.266300 1.000000 0.000000 0.000000 0.313500 0.452100
0 15.706500 -17.074400 25.496700 1.000000 0.000000 0.000000 0.307400 0.459000

0 11.013200 -18.069099 25.759701 -0.074200 -0.995600 -0.057600 0.266100 0.469200
0 11.013200 -17.731100 26.296499 -0.074400 -0.364800 0.928100 0.271700 0.468800
0 9.102400 -17.619600 26.015600 -0.203000 -0.364000 0.909000 0.274700 0.490200

0 9.102400 -17.619600 26.015600 -0.203000 -0.364000 0.909000 0.274700 0.490200
0 9.102400 -17.780800 25.777500 -0.197400 -0.980300 0.003200 0.272000 0.490700
0 11.013200 -18.069099 25.759701 -0.074200 -0.995600 -0.057600 0.266100 0.469200

0 11.013200 -17.074400 25.496700 -0.067500 0.839100 -0.539700 0.283000 0.468800
0 11.013200 -17.109900 26.129999 -0.071100 0.773900 0.629400 0.277300 0.468300
0 15.706500 -17.109900 26.129999 0.000000 0.776000 0.630700 0.277300 0.415500

0 15.706500 -17.731100 26.296499 0.000000 -0.364900 0.931100 0.271700 0.416000
0 15.706500 -17.109900 26.129999 0.000000 0.776000 0.630700 0.277300 0.415500
0 11.013200 -17.109900 26.129999 -0.071100 0.773900 0.629400 0.277300 0.468300

0 11.013200 -17.109900 26.129999 -0.071100 0.773900 0.629400 0.277300 0.468300
0 11.013200 -17.731100 26.296499 -0.074400 -0.364800 0.928100 0.271700 0.468800
0 15.706500 -17.731100 26.296499 0.000000 -0.364900 0.931100 0.271700 0.416000

0 15.706500 -18.069099 25.759701 0.000000 -0.998300 -0.058300 0.265900 0.416500
0 15.706500 -17.731100 26.296499 0.000000 -0.364900 0.931100 0.271700 0.416000
0 11.013200 -17.731100 26.296499 -0.074400 -0.364800 0.928100 0.271700 0.468800

0 11.013200 -17.731100 26.296499 -0.074400 -0.364800 0.928100 0.271700 0.468800
0 11.013200 -18.069099 25.759701 -0.074200 -0.995600 -0.057600 0.266100 0.469200
0 15.706500 -18.069099 25.759701 0.000000 -0.998300 -0.058300 0.265900 0.416500

0 15.706500 -17.671200 25.266300 0.000000 -0.778400 -0.627700 0.260000 0.416500
0 15.706500 -18.069099 25.759701 0.000000 -0.998300 -0.058300 0.265900 0.416500
0 11.013200 -18.069099 25.759701 -0.074200 -0.995600 -0.057600 0.266100 0.469200

0 11.013200 -18.069099 25.759701 -0.074200 -0.995600 -0.057600 0.266100 0.469200
0 11.013200 -17.671200 25.266300 -0.058500 -0.780500 -0.622500 0.260500 0.470200
0 15.706500 -17.671200 25.266300 0.000000 -0.778400 -0.627700 0.260000 0.416500

0 11.013200 -17.671200 25.266300 -0.058500 -0.780500 -0.622500 0.260500 0.470200
0 11.013200 -18.069099 25.759701 -0.074200 -0.995600 -0.057600 0.266100 0.469200
0 9.102400 -17.780800 25.777500 -0.197400 -0.980300 0.003200 0.272000 0.490700

0 9.102400 -17.780800 25.777500 -0.197400 -0.980300 0.003200 0.272000 0.490700
0 9.102400 -17.606600 25.509100 -0.160500 -0.827900 -0.537400 0.269300 0.492200
0 11.013200 -17.671200 25.266300 -0.058500 -0.780500 -0.622500 0.260500 0.470200

0 9.102400 -17.606600 25.509100 -0.160500 -0.827900 -0.537400 0.269300 0.492200
0 9.102400 -17.780800 25.777500 -0.197400 -0.980300 0.003200 0.272000 0.490700
0 8.220900 -17.533600 25.792000 -0.999800 -0.004000 0.018200 0.277300 0.500000

0 15.706500 -17.109900 26.129999 0.000000 0.776000 0.630700 0.277300 0.415500
0 15.706500 -17.074400 25.496700 0.000000 0.840200 -0.542300 0.283000 0.416000
0 11.013200 -17.074400 25.496700 -0.067500 0.839100 -0.539700 0.283000 0.468800

0 9.102400 -17.338100 25.953501 -0.211900 0.732400 0.647000 0.277300 0.489700
0 9.102400 -17.308500 25.650499 -0.215100 0.848700 -0.483200 0.280000 0.490200
0 8.220900 -17.533600 25.792000 -0.999800 -0.004000 0.018200 0.277300 0.500000

0 9.102400 -17.308500 25.650499 -0.215100 0.848700 -0.483200 0.280000 0.490200
0 9.102400 -17.606600 25.509100 -0.178000 0.414500 -0.892500 0.283900 0.491200
0 8.220900 -17.533600 25.792000 -0.999800 -0.004000 0.018200 0.277300 0.500000

0 9.102400 -17.780800 25.777500 -0.197400 -0.980300 0.003200 0.272000 0.490700
0 9.102400 -17.619600 26.015600 -0.203000 -0.364000 0.909000 0.274700 0.490200
0 8.220900 -17.533600 25.792000 -0.999800 -0.004000 0.018200 0.277300 0.500000

0 9.102400 -17.619600 26.015600 -0.203000 -0.364000 0.909000 0.274700 0.490200
0 9.102400 -17.338100 25.953501 -0.211900 0.732400 0.647000 0.277300 0.489700
0 8.220900 -17.533600 25.792000 -0.999800 -0.004000 0.018200 0.277300 0.500000

0 9.102400 -17.338100 25.953501 -0.211900 0.732400 0.647000 0.277300 0.489700
0 9.102400 -17.619600 26.015600 -0.203000 -0.364000 0.909000 0.274700 0.490200
0 11.013200 -17.731100 26.296499 -0.074400 -0.364800 0.928100 0.271700 0.468800

0 11.013200 -17.731100 26.296499 -0.074400 -0.364800 0.928100 0.271700 0.468800
0 11.013200 -17.109900 26.129999 -0.071100 0.773900 0.629400 0.277300 0.468300
0 9.102400 -17.338100 25.953501 -0.211900 0.732400 0.647000 0.277300 0.489700

0 9.102400 -17.308500 25.650499 -0.215100 0.848700 -0.483200 0.280000 0.490200
0 9.102400 -17.338100 25.953501 -0.211900 0.732400 0.647000 0.277300 0.489700
0 11.013200 -17.109900 26.129999 -0.071100 0.773900 0.629400 0.277300 0.468300

0 11.013200 -17.109900 26.129999 -0.071100 0.773900 0.629400 0.277300 0.468300
0 11.013200 -17.074400 25.496700 -0.067500 0.839100 -0.539700 0.283000 0.468800
0 9.102400 -17.308500 25.650499 -0.215100 0.848700 -0.483200 0.280000 0.490200

0 9.102400 -17.606600 25.509100 -0.178000 0.414500 -0.892500 0.283900 0.491200
0 9.102400 -17.308500 25.650499 -0.215100 0.848700 -0.483200 0.280000 0.490200
0 11.013200 -17.074400 25.496700 -0.067500 0.839100 -0.539700 0.283000 0.468800

0 11.013200 -17.074400 25.496700 -0.067500 0.839100 -0.539700 0.283000 0.468800
0 11.013200 -17.671200 25.266300 -0.051600 0.359700 -0.931600 0.291300 0.469700
0 9.102400 -17.606600 25.509100 -0.178000 0.414500 -0.892500 0.283900 0.491200

0 11.013200 -17.671200 25.266300 -0.051600 0.359700 -0.931600 0.291300 0.469700
0 11.013200 -17.074400 25.496700 -0.067500 0.839100 -0.539700 0.283000 0.468800
0 15.706500 -17.074400 25.496700 0.000000 0.840200 -0.542300 0.283000 0.416000

0 15.706500 -17.074400 25.496700 0.000000 0.840200 -0.542300 0.283000 0.416000
0 15.706500 -17.671200 25.266300 0.000000 0.360200 -0.932900 0.292200 0.416500
0 11.013200 -17.671200 25.266300 -0.051600 0.359700 -0.931600 0.291300 0.469700

0 19.520700 -35.644199 0.649300 0.911600 0.411000 0.000000 0.301500 0.448700
0 19.741301 -36.133499 0.987300 0.911600 0.411000 0.000000 0.307400 0.445300
0 19.944099 -36.583302 0.589400 0.911600 0.411000 -0.000000 0.313500 0.452100

0 19.944099 -36.583302 0.589400 0.911600 0.411000 -0.000000 0.313500 0.452100
0 19.589100 -35.795898 0.028100 0.911600 0.411000 -0.000000 0.301300 0.455600
0 19.520700 -35.644199 0.649300 0.911600 0.411000 0.000000 0.301500 0.448700

0 19.589100 -35.795898 0.028100 0.911600 0.411000 -0.000000 0.301300 0.455600
0 19.944099 -36.583302 0.589400 0.911600 0.411000 -0.000000 0.313500 0.452100
0 19.849400 -36.373299 -0.007400 0.911600 0.411000 -0.000000 0.307400 0.459000

0 15.462700 -38.062500 0.987300 -0.044000 -0.083000 0.995600 0.266100 0.469200
0 15.242100 -37.573101 0.649300 -0.449300 0.815500 0.364800 0.271700 0.468800
0 13.615500 -38.614498 0.537800 -0.519400 0.632500 0.574700 0.274700 0.490200

0 13.615500 -38.614498 0.537800 -0.519400 0.632500 0.574700 0.274700 0.490200
0 13.713400 -38.831600 0.699000 -0.181200 -0.078300 0.980300 0.272000 0.490700
0 15.462700 -38.062500 0.987300 -0.044000 -0.083000 0.995600 0.266100 0.469200

0 15.570800 -38.302200 -0.007400 0.160200 -0.519800 -0.839200 0.283000 0.468800
0 15.310500 -37.724899 0.028100 -0.323500 0.544500 -0.773900 0.277300 0.468300
0 19.589100 -35.795898 0.028100 -0.259200 0.575000 -0.776000 0.277300 0.415500

0 19.520700 -35.644199 0.649300 -0.382700 0.848800 0.364900 0.271700 0.416000
0 19.589100 -35.795898 0.028100 -0.259200 0.575000 -0.776000 0.277300 0.415500
0 15.310500 -37.724899 0.028100 -0.323500 0.544500 -0.773900 0.277300 0.468300

0 15.310500 -37.724899 0.028100 -0.323500 0.544500 -0.773900 0.277300 0.468300
0 15.242100 -37.573101 0.649300 -0.449300 0.815500 0.364800 0.271700 0.468800
0 19.520700 -35.644199 0.649300 -0.382700 0.848800 0.364900 0.271700 0.416000

0 19.741301 -36.133499 0.987300 0.024000 -0.053100 0.998300 0.265900 0.416500
0 19.520700 -35.644199 0.649300 -0.382700 0.848800 0.364900 0.271700 0.416000
0 15.242100 -37.573101 0.649300 -0.449300 0.815500 0.364800 0.271700 0.468800

0 15.242100 -37.573101 0.649300 -0.449300 0.815500 0.364800 0.271700 0.468800
0 15.462700 -38.062500 0.987300 -0.044000 -0.083000 0.995600 0.266100 0.469200
0 19.741301 -36.133499 0.987300 0.024000 -0.053100 0.998300 0.265900 0.416500

0 19.944099 -36.583302 0.589400 0.258000 -0.572300 0.778400 0.260000 0.416500
0 19.741301 -36.133499 0.987300 0.024000 -0.053100 0.998300 0.265900 0.416500
0 15.462700 -38.062500 0.987300 -0.044000 -0.083000 0.995600 0.266100 0.469200

0 15.462700 -38.062500 0.987300 -0.044000 -0.083000 0.995600 0.266100 0.469200
0 15.665500 -38.512299 0.589400 0.202500 -0.591500 0.780500 0.260500 0.470200
0 19.944099 -36.583302 0.589400 0.258000 -0.572300 0.778400 0.260000 0.416500

0 15.665500 -38.512299 0.589400 0.202500 -0.591500 0.780500 0.260500 0.470200
0 15.462700 -38.062500 0.987300 -0.044000 -0.083000 0.995600 0.266100 0.469200
0 13.713400 -38.831600 0.699000 -0.181200 -0.078300 0.980300 0.272000 0.490700

0 13.713400 -38.831600 0.699000 -0.181200 -0.078300 0.980300 0.272000 0.490700
0 13.823700 -39.076302 0.524800 0.074500 -0.555800 0.828000 0.269300 0.492200
0 15.665500 -38.512299 0.589400 0.202500 -0.591500 0.780500 0.260500 0.470200

0 13.823700 -39.076302 0.524800 0.074500 -0.555800 0.828000 0.269300 0.492200
0 13.713400 -38.831600 0.699000 -0.181200 -0.078300 0.980300 0.272000 0.490700
0 12.903800 -39.180698 0.451800 -0.919000 -0.394300 0.004000 0.277300 0.500000

0 19.589100 -35.795898 0.028100 -0.259200 0.575000 -0.776000 0.277300 0.415500
0 19.849400 -36.373299 -0.007400 0.222900 -0.494400 -0.840200 0.283000 0.416000
0 15.570800 -38.302200 -0.007400 0.160200 -0.519800 -0.839200 0.283000 0.468800

0 13.641100 -38.671200 0.256200 -0.459000 0.502600 -0.732600 0.277300 0.489700
0 13.765600 -38.947300 0.226700 0.002600 -0.528900 -0.848700 0.280000 0.490200
0 12.903800 -39.180698 0.451800 -0.919000 -0.394300 0.004000 0.277300 0.500000

0 13.765600 -38.947300 0.226700 0.002600 -0.528900 -0.848700 0.280000 0.490200
0 13.823700 -39.076302 0.524800 0.204500 -0.886700 -0.414700 0.283900 0.491200
0 12.903800 -39.180698 0.451800 -0.919000 -0.394300 0.004000 0.277300 0.500000

0 13.713400 -38.831600 0.699000 -0.181200 -0.078300 0.980300 0.272000 0.490700
0 13.615500 -38.614498 0.537800 -0.519400 0.632500 0.574700 0.274700 0.490200
0 12.903800 -39.180698 0.451800 -0.919000 -0.394300 0.004000 0.277300 0.500000

0 13.615500 -38.614498 0.537800 -0.519400 0.632500 0.574700 0.274700 0.490200
0 13.641100 -38.671200 0.256200 -0.459000 0.502600 -0.732600 0.277300 0.489700
0 12.903800 -39.180698 0.451800 -0.919000 -0.394300 0.004000 0.277300 0.500000

0 13.641100 -38.671200 0.256200 -0.459000 0.502600 -0.732600 0.277300 0.489700
0 13.615500 -38.614498 0.537800 -0.516300 0.829300 -0.213900 0.274700 0.490200
0 15.242100 -37.573101 0.649300 -0.449300 0.815500 0.364800 0.271700 0.468800

0 15.242100 -37.573101 0.649300 -0.449300 0.815500 0.364800 0.271700 0.468800
0 15.310500 -37.724899 0.028100 -0.323500 0.544500 -0.773900 0.277300 0.468300
0 13.641100 -38.671200 0.256200 -0.459000 0.502600 -0.732600 0.277300 0.489700

0 13.765600 -38.947300 0.226700 0.002600 -0.528900 -0.848700 0.280000 0.490200
0 13.641100 -38.671200 0.256200 -0.459000 0.502600 -0.732600 0.277300 0.489700
0 15.310500 -37.724899 0.028100 -0.323500 0.544500 -0.773900 0.277300 0.468300

0 15.310500 -37.724899 0.028100 -0.323500 0.544500 -0.773900 0.277300 0.468300
0 15.570800 -38.302200 -0.007400 0.160200 -0.519800 -0.839200 0.283000 0.468800
0 13.765600 -38.947300 0.226700 0.002600 -0.528900 -0.848700 0.280000 0.490200

0 13.823700 -39.076302 0.524800 0.204500 -0.886700 -0.414700 0.283900 0.491200
0 13.765600 -38.947300 0.226700 0.002600 -0.528900 -0.848700 0.280000 0.490200
0 15.570800 -38.302200 -0.007400 0.160200 -0.519800 -0.839200 0.283000 0.468800

0 15.570800 -38.302200 -0.007400 0.160200 -0.519800 -0.839200 0.283000 0.468800
0 15.665500 -38.512299 0.589400 0.335800 -0.870500 -0.359700 0.291300 0.469700
0 13.823700 -39.076302 0.524800 0.204500 -0.886700 -0.414700 0.283900 0.491200

0 15.665500 -38.512299 0.589400 0.335800 -0.870500 -0.359700 0.291300 0.469700
0 15.570800 -38.302200 -0.007400 0.160200 -0.519800 -0.839200 0.283000 0.468800
0 19.849400 -36.373299 -0.007400 0.222900 -0.494400 -0.840200 0.283000 0.416000

0 19.849400 -36.373299 -0.007400 0.222900 -0.494400 -0.840200 0.283000 0.416000
0 19.944099 -36.583302 0.589400 0.383400 -0.850500 -0.360100 0.292200 0.416500
0 15.665500 -38.512299 0.589400 0.335800 -0.870500 -0.359700 0.291300 0.469700

0 19.088100 -34.771500 0.649300 0.911600 0.411000 -0.000000 0.301500 0.448700
0 19.308701 -35.260899 0.987300 0.911600 0.411000 0.000100 0.307400 0.445300
0 19.511499 -35.710701 0.589400 0.911600 0.411000 0.000000 0.313500 0.452100

0 19.511499 -35.710701 0.589400 0.911600 0.411000 0.000000 0.313500 0.452100
0 19.156500 -34.923302 0.028100 0.911600 0.411000 -0.000000 0.301300 0.455600
0 19.088100 -34.771500 0.649300 0.911600 0.411000 -0.000000 0.301500 0.448700

0 19.156500 -34.923302 0.028100 0.911600 0.411000 -0.000000 0.301300 0.455600
0 19.511499 -35.710701 0.589400 0.911600 0.411000 0.000000 0.313500 0.452100
0 19.416800 -35.500599 -0.007400 0.911600 0.411000 0.000100 0.307400 0.459000

0 15.030100 -37.189800 0.987300 -0.044000 -0.083000 0.995600 0.266100 0.469200
0 14.809500 -36.700401 0.649300 -0.449300 0.815500 0.364800 0.271700 0.468800
0 13.182900 -37.741798 0.537800 -0.558700 0.745300 0.363900 0.274700 0.490200

0 13.182900 -37.741798 0.537800 -0.558700 0.745300 0.363900 0.274700 0.490200
0 13.280800 -37.958900 0.699000 -0.181200 -0.078300 0.980300 0.272000 0.490700
0 15.030100 -37.189800 0.987300 -0.044000 -0.083000 0.995600 0.266100 0.469200

0 15.138200 -37.429600 -0.007400 0.160300 -0.519800 -0.839100 0.283000 0.468800
0 14.877900 -36.852200 0.028100 -0.323500 0.544500 -0.773900 0.277300 0.468300
0 19.156500 -34.923302 0.028100 -0.259200 0.575000 -0.776000 0.277300 0.415500

0 19.088100 -34.771500 0.649300 -0.382700 0.848800 0.364900 0.271700 0.416000
0 19.156500 -34.923302 0.028100 -0.259200 0.575000 -0.776000 0.277300 0.415500
0 14.877900 -36.852200 0.028100 -0.323500 0.544500 -0.773900 0.277300 0.468300

0 14.877900 -36.852200 0.028100 -0.323500 0.544500 -0.773900 0.277300 0.468300
0 14.809500 -36.700401 0.649300 -0.449300 0.815500 0.364800 0.271700 0.468800
0 19.088100 -34.771500 0.649300 -0.382700 0.848800 0.364900 0.271700 0.416000

0 19.308701 -35.260899 0.987300 0.024000 -0.053200 0.998300 0.265900 0.416500
0 19.088100 -34.771500 0.649300 -0.382700 0.848800 0.364900 0.271700 0.416000
0 14.809500 -36.700401 0.649300 -0.449300 0.815500 0.364800 0.271700 0.468800

0 14.809500 -36.700401 0.649300 -0.449300 0.815500 0.364800 0.271700 0.468800
0 15.030100 -37.189800 0.987300 -0.044000 -0.083000 0.995600 0.266100 0.469200
0 19.308701 -35.260899 0.987300 0.024000 -0.053200 0.998300 0.265900 0.416500

0 19.511499 -35.710701 0.589400 0.258000 -0.572300 0.778400 0.260000 0.416500
0 19.308701 -35.260899 0.987300 0.024000 -0.053200 0.998300 0.265900 0.416500
0 15.030100 -37.189800 0.987300 -0.044000 -0.083000 0.995600 0.266100 0.469200

0 15.030100 -37.189800 0.987300 -0.044000 -0.083000 0.995600 0.266100 0.469200
0 15.232900 -37.639599 0.589400 0.202500 -0.591500 0.780500 0.260500 0.470200
0 19.511499 -35.710701 0.589400 0.258000 -0.572300 0.778400 0.260000 0.416500

0 15.232900 -37.639599 0.589400 0.202500 -0.591500 0.780500 0.260500 0.470200
0 15.030100 -37.189800 0.987300 -0.044000 -0.083000 0.995600 0.266100 0.469200
0 13.280800 -37.958900 0.699000 -0.181200 -0.078300 0.980300 0.272000 0.490700

0 13.280800 -37.958900 0.699000 -0.181200 -0.078300 0.980300 0.272000 0.490700
0 13.391100 -38.203602 0.524800 0.074500 -0.555800 0.828000 0.269300 0.492200
0 15.232900 -37.639599 0.589400 0.202500 -0.591500 0.780500 0.260500 0.470200

0 13.391100 -38.203602 0.524800 0.074500 -0.555800 0.828000 0.269300 0.492200
0 13.280800 -37.958900 0.699000 -0.181200 -0.078300 0.980300 0.272000 0.490700
0 12.471200 -38.307999 0.451800 -0.919000 -0.394300 0.004000 0.277300 0.500000

0 19.156500 -34.923302 0.028100 -0.259200 0.575000 -0.776000 0.277300 0.415500
0 19.416800 -35.500599 -0.007400 0.222900 -0.494400 -0.840200 0.283000 0.416000
0 15.138200 -37.429600 -0.007400 0.160300 -0.519800 -0.839100 0.283000 0.468800

0 13.208500 -37.798500 0.256200 -0.459000 0.502600 -0.732600 0.277300 0.489700
0 13.333000 -38.074699 0.226700 0.002600 -0.529000 -0.848600 0.280000 0.490200
0 12.471200 -38.307999 0.451800 -0.919000 -0.394300 0.004000 0.277300 0.500000

0 13.333000 -38.074699 0.226700 0.002600 -0.529000 -0.848600 0.280000 0.490200
0 13.391100 -38.203602 0.524800 0.204500 -0.886800 -0.414400 0.283900 0.491200
0 12.471200 -38.307999 0.451800 -0.919000 -0.394300 0.004000 0.277300 0.500000

0 13.280800 -37.958900 0.699000 -0.181200 -0.078300 0.980300 0.272000 0.490700
0 13.182900 -37.741798 0.537800 -0.558700 0.745300 0.363900 0.274700 0.490200
0 12.471200 -38.307999 0.451800 -0.919000 -0.394300 0.004000 0.277300 0.500000

0 13.182900 -37.741798 0.537800 -0.558700 0.745300 0.363900 0.274700 0.490200
0 13.208500 -37.798500 0.256200 -0.459000 0.502600 -0.732600 0.277300 0.489700
0 12.471200 -38.307999 0.451800 -0.919000 -0.394300 0.004000 0.277300 0.500000

0 13.208500 -37.798500 0.256200 -0.459000 0.502600 -0.732600 0.277300 0.489700
0 13.182900 -37.741798 0.537800 -0.558700 0.745300 0.363900 0.274700 0.490200
0 14.809500 -36.700401 0.649300 -0.449300 0.815500 0.364800 0.271700 0.468800

0 14.809500 -36.700401 0.649300 -0.449300 0.815500 0.364800 0.271700 0.468800
0 14.877900 -36.852200 0.028100 -0.323500 0.544500 -0.773900 0.277300 0.468300
0 13.208500 -37.798500 0.256200 -0.459000 0.502600 -0.732600 0.277300 0.489700

0 13.333000 -38.074699 0.226700 0.002600 -0.529000 -0.848600 0.280000 0.490200
0 13.208500 -37.798500 0.256200 -0.459000 0.502600 -0.732600 0.277300 0.489700
0 14.877900 -36.852200 0.028100 -0.323500 0.544500 -0.773900 0.277300 0.468300

0 14.877900 -36.852200 0.028100 -0.323500 0.544500 -0.773900 0.277300 0.468300
0 15.138200 -37.429600 -0.007400 0.160300 -0.519800 -0.839100 0.283000 0.468800
0 13.333000 -38.074699 0.226700 0.002600 -0.529000 -0.848600 0.280000 0.490200

0 13.391100 -38.203602 0.524800 0.204500 -0.886800 -0.414400 0.283900 0.491200
0 13.333000 -38.074699 0.226700 0.002600 -0.529000 -0.848600 0.280000 0.490200
0 15.138200 -37.429600 -0.007400 0.160300 -0.519800 -0.839100 0.283000 0.468800

0 15.138200 -37.429600 -0.007400 0.160300 -0.519800 -0.839100 0.283000 0.468800
0 15.232900 -37.639599 0.589400 0.335800 -0.870600 -0.359600 0.291300 0.469700
0 13.391100 -38.203602 0.524800 0.204500 -0.886800 -0.414400 0.283900 0.491200

0 15.232900 -37.639599 0.589400 0.335800 -0.870600 -0.359600 0.291300 0.469700
0 15.138200 -37.429600 -0.007400 0.160300 -0.519800 -0.839100 0.283000 0.468800
0 19.416800 -35.500599 -0.007400 0.222900 -0.494400 -0.840200 0.283000 0.416000

0 19.416800 -35.500599 -0.007400 0.222900 -0.494400 -0.840200 0.283000 0.416000
0 19.511499 -35.710701 0.589400 0.383400 -0.850400 -0.360200 0.292200 0.416500
0 15.232900 -37.639599 0.589400 0.335800 -0.870600 -0.359600 0.291300 0.469700

0 18.634001 -33.841301 0.649300 0.911600 0.411100 0.000000 0.301500 0.448700
0 18.854700 -34.330700 0.987300 0.911600 0.411100 -0.000100 0.307400 0.445300
0 19.057501 -34.780499 0.589400 0.911600 0.411100 0.000000 0.313500 0.452100

0 19.057501 -34.780499 0.589400 0.911600 0.411100 0.000000 0.313500 0.452100
0 18.702499 -33.993099 0.028100 0.911600 0.411000 0.000100 0.301300 0.455600
0 18.634001 -33.841301 0.649300 0.911600 0.411100 0.000000 0.301500 0.448700

0 18.702499 -33.993099 0.028100 0.911600 0.411000 0.000100 0.301300 0.455600
0 19.057501 -34.780499 0.589400 0.911600 0.411100 0.000000 0.313500 0.452100
0 18.962799 -34.570400 -0.007400 0.911600 0.411000 0.000000 0.307400 0.459000

0 14.576000 -36.259602 0.987300 -0.044000 -0.083000 0.995600 0.266100 0.469200
0 14.355400 -35.770199 0.649300 -0.449300 0.815500 0.364800 0.271700 0.468800
0 12.728900 -36.811600 0.537800 -0.558700 0.745300 0.363900 0.274700 0.490200

0 12.728900 -36.811600 0.537800 -0.558700 0.745300 0.363900 0.274700 0.490200
0 12.826800 -37.028702 0.699000 -0.181200 -0.078300 0.980300 0.272000 0.490700
0 14.576000 -36.259602 0.987300 -0.044000 -0.083000 0.995600 0.266100 0.469200

0 14.684100 -36.499401 -0.007400 0.160300 -0.519800 -0.839100 0.283000 0.468800
0 14.423900 -35.922001 0.028100 -0.323500 0.544500 -0.773900 0.277300 0.468300
0 18.702499 -33.993099 0.028100 -0.259200 0.574900 -0.776100 0.277300 0.415500

0 18.634001 -33.841301 0.649300 -0.382700 0.848800 0.364900 0.271700 0.416000
0 18.702499 -33.993099 0.028100 -0.259200 0.574900 -0.776100 0.277300 0.415500
0 14.423900 -35.922001 0.028100 -0.323500 0.544500 -0.773900 0.277300 0.468300

0 14.423900 -35.922001 0.028100 -0.323500 0.544500 -0.773900 0.277300 0.468300
0 14.355400 -35.770199 0.649300 -0.449300 0.815500 0.364800 0.271700 0.468800
0 18.634001 -33.841301 0.649300 -0.382700 0.848800 0.364900 0.271700 0.416000

0 18.854700 -34.330700 0.987300 0.024000 -0.053200 0.998300 0.265900 0.416500
0 18.634001 -33.841301 0.649300 -0.382700 0.848800 0.364900 0.271700 0.416000
0 14.355400 -35.770199 0.649300 -0.449300 0.815500 0.364800 0.271700 0.468800

0 14.355400 -35.770199 0.649300 -0.449300 0.815500 0.364800 0.271700 0.468800
0 14.576000 -36.259602 0.987300 -0.044000 -0.083000 0.995600 0.266100 0.469200
0 18.854700 -34.330700 0.987300 0.024000 -0.053200 0.998300 0.265900 0.416500

0 19.057501 -34.780499 0.589400 0.258000 -0.572300 0.778400 0.260000 0.416500
0 18.854700 -34.330700 0.987300 0.024000 -0.053200 0.998300 0.265900 0.416500
0 14.576000 -36.259602 0.987300 -0.044000 -0.083000 0.995600 0.266100 0.469200

0 14.576000 -36.259602 0.987300 -0.044000 -0.083000 0.995600 0.266100 0.469200
0 14.778800 -36.709400 0.589400 0.202500 -0.591500 0.780500 0.260500 0.470200
0 19.057501 -34.780499 0.589400 0.258000 -0.572300 0.778400 0.260000 0.416500

0 14.778800 -36.709400 0.589400 0.202500 -0.591500 0.780500 0.260500 0.470200
0 14.576000 -36.259602 0.987300 -0.044000 -0.083000 0.995600 0.266100 0.469200
0 12.826800 -37.028702 0.699000 -0.181200 -0.078300 0.980300 0.272000 0.490700

0 12.826800 -37.028702 0.699000 -0.181200 -0.078300 0.980300 0.272000 0.490700
0 12.937100 -37.273399 0.524800 0.074500 -0.555800 0.827900 0.269300 0.492200
0 14.778800 -36.709400 0.589400 0.202500 -0.591500 0.780500 0.260500 0.470200

0 12.937100 -37.273399 0.524800 0.074500 -0.555800 0.827900 0.269300 0.492200
0 12.826800 -37.028702 0.699000 -0.181200 -0.078300 0.980300 0.272000 0.490700
0 12.017200 -37.377800 0.451800 -0.919000 -0.394300 0.004100 0.277300 0.500000

0 18.702499 -33.993099 0.028100 -0.259200 0.574900 -0.776100 0.277300 0.415500
0 18.962799 -34.570400 -0.007400 0.222900 -0.494400 -0.840200 0.283000 0.416000
0 14.684100 -36.499401 -0.007400 0.160300 -0.519800 -0.839100 0.283000 0.468800

0 12.754400 -36.868301 0.256200 -0.459100 0.502600 -0.732600 0.277300 0.489700
0 12.878900 -37.144501 0.226700 0.002600 -0.529000 -0.848600 0.280000 0.490200
0 12.017200 -37.377800 0.451800 -0.919000 -0.394300 0.004100 0.277300 0.500000

0 12.878900 -37.144501 0.226700 0.002600 -0.529000 -0.848600 0.280000 0.490200
0 12.937100 -37.273399 0.524800 0.204500 -0.886800 -0.414500 0.283900 0.491200
0 12.017200 -37.377800 0.451800 -0.919000 -0.394300 0.004100 0.277300 0.500000

0 12.826800 -37.028702 0.699000 -0.181200 -0.078300 0.980300 0.272000 0.490700
0 12.728900 -36.811600 0.537800 -0.558700 0.745300 0.363900 0.274700 0.490200
0 12.017200 -37.377800 0.451800 -0.919000 -0.394300 0.004100 0.277300 0.500000

0 12.728900 -36.811600 0.537800 -0.558700 0.745300 0.363900 0.274700 0.490200
0 12.754400 -36.868301 0.256200 -0.459100 0.502600 -0.732600 0.277300 0.489700
0 12.017200 -37.377800 0.451800 -0.919000 -0.394300 0.004100 0.277300 0.500000

0 12.754400 -36.868301 0.256200 -0.459100 0.502600 -0.732600 0.277300 0.489700
0 12.728900 -36.811600 0.537800 -0.558700 0.745300 0.363900 0.274700 0.490200
0 14.355400 -35.770199 0.649300 -0.449300 0.815500 0.364800 0.271700 0.468800

0 14.355400 -35.770199 0.649300 -0.449300 0.815500 0.364800 0.271700 0.468800
0 14.423900 -35.922001 0.028100 -0.323500 0.544500 -0.773900 0.277300 0.468300
0 12.754400 -36.868301 0.256200 -0.459100 0.502600 -0.732600 0.277300 0.489700

0 12.878900 -37.144501 0.226700 0.002600 -0.529000 -0.848600 0.280000 0.490200
0 12.754400 -36.868301 0.256200 -0.459100 0.502600 -0.732600 0.277300 0.489700
0 14.423900 -35.922001 0.028100 -0.323500 0.544500 -0.773900 0.277300 0.468300

0 14.423900 -35.922001 0.028100 -0.323500 0.544500 -0.773900 0.277300 0.468300
0 14.684100 -36.499401 -0.007400 0.160300 -0.519800 -0.839100 0.283000 0.468800
0 12.878900 -37.144501 0.226700 0.002600 -0.529000 -0.848600 0.280000 0.490200

0 12.937100 -37.273399 0.524800 0.204500 -0.886800 -0.414500 0.283900 0.491200
0 12.878900 -37.144501 0.226700 0.002600 -0.529000 -0.848600 0.280000 0.490200
0 14.684100 -36.499401 -0.007400 0.160300 -0.519800 -0.839100 0.283000 0.468800

0 14.684100 -36.499401 -0.007400 0.160300 -0.519800 -0.839100 0.283000 0.468800
0 14.778800 -36.709400 0.589400 0.335800 -0.870600 -0.359600 0.291300 0.469700
0 12.937100 -37.273399 0.524800 0.204500 -0.886800 -0.414500 0.283900 0.491200

0 14.778800 -36.709400 0.589400 0.335800 -0.870600 -0.359600 0.291300 0.469700
0 14.684100 -36.499401 -0.007400 0.160300 -0.519800 -0.839100 0.283000 0.468800
0 18.962799 -34.570400 -0.007400 0.222900 -0.494400 -0.840200 0.283000 0.416000

0 18.962799 -34.570400 -0.007400 0.222900 -0.494400 -0.840200 0.283000 0.416000
0 19.057501 -34.780499 0.589400 0.383400 -0.850400 -0.360200 0.292200 0.416500
0 14.778800 -36.709400 0.589400 0.335800 -0.870600 -0.359600 0.291300 0.469700

0 18.195601 -32.956402 0.990900 0.911600 0.411000 0.000000 0.301500 0.448700
0 18.416201 -33.445702 1.328900 0.911600 0.411000 0.000000 0.307400 0.445300
0 18.618999 -33.895500 0.931100 0.911600 0.411000 -0.000000 0.313500 0.452100

0 18.618999 -33.895500 0.931100 0.911600 0.411000 -0.000000 0.313500 0.452100
0 18.264000 -33.108101 0.369800 0.911600 0.411000 -0.000000 0.301300 0.455600
0 18.195601 -32.956402 0.990900 0.911600 0.411000 0.000000 0.301500 0.448700

0 18.264000 -33.108101 0.369800 0.911600 0.411000 -0.000000 0.301300 0.455600
0 18.618999 -33.895500 0.931100 0.911600 0.411000 -0.000000 0.313500 0.452100
0 18.524300 -33.685501 0.334200 0.911600 0.411000 -0.000000 0.307400 0.459000

0 14.137600 -35.374699 1.328900 -0.044000 -0.083000 0.995600 0.266100 0.469200
0 13.917000 -34.885300 0.990900 -0.449300 0.815500 0.364800 0.271700 0.468800
0 12.290500 -35.926701 0.879400 -0.558600 0.745400 0.363800 0.274700 0.490200

0 12.290500 -35.926701 0.879400 -0.558600 0.745400 0.363800 0.274700 0.490200
0 12.388300 -36.143700 1.040700 -0.181300 -0.078000 0.980300 0.272000 0.490700
0 14.137600 -35.374699 1.328900 -0.044000 -0.083000 0.995600 0.266100 0.469200

0 14.245700 -35.614399 0.334200 0.160200 -0.519800 -0.839100 0.283000 0.468800
0 13.985400 -35.037102 0.369800 -0.323500 0.544500 -0.773800 0.277300 0.468300
0 18.264000 -33.108101 0.369800 -0.259300 0.575100 -0.775900 0.277300 0.415500

0 18.195601 -32.956402 0.990900 -0.382700 0.848800 0.364900 0.271700 0.416000
0 18.264000 -33.108101 0.369800 -0.259300 0.575100 -0.775900 0.277300 0.415500
0 13.985400 -35.037102 0.369800 -0.323500 0.544500 -0.773800 0.277300 0.468300

0 13.985400 -35.037102 0.369800 -0.323500 0.544500 -0.773800 0.277300 0.468300
0 13.917000 -34.885300 0.990900 -0.449300 0.815500 0.364800 0.271700 0.468800
0 18.195601 -32.956402 0.990900 -0.382700 0.848800 0.364900 0.271700 0.416000

0 18.416201 -33.445702 1.328900 0.023900 -0.053100 0.998300 0.265900 0.416500
0 18.195601 -32.956402 0.990900 -0.382700 0.848800 0.364900 0.271700 0.416000
0 13.917000 -34.885300 0.990900 -0.449300 0.815500 0.364800 0.271700 0.468800

0 13.917000 -34.885300 0.990900 -0.449300 0.815500 0.364800 0.271700 0.468800
0 14.137600 -35.374699 1.328900 -0.044000 -0.083000 0.995600 0.266100 0.469200
0 18.416201 -33.445702 1.328900 0.023900 -0.053100 0.998300 0.265900 0.416500

0 18.618999 -33.895500 0.931100 0.258000 -0.572200 0.778500 0.260000 0.416500
0 18.416201 -33.445702 1.328900 0.023900 -0.053100 0.998300 0.265900 0.416500
0 14.137600 -35.374699 1.328900 -0.044000 -0.083000 0.995600 0.266100 0.469200

0 14.137600 -35.374699 1.328900 -0.044000 -0.083000 0.995600 0.266100 0.469200
0 14.340400 -35.824402 0.931100 0.202500 -0.591500 0.780500 0.260500 0.470200
0 18.618999 -33.895500 0.931100 0.258000 -0.572200 0.778500 0.260000 0.416500

0 14.340400 -35.824402 0.931100 0.202500 -0.591500 0.780500 0.260500 0.470200
0 14.137600 -35.374699 1.328900 -0.044000 -0.083000 0.995600 0.266100 0.469200
0 12.388300 -36.143700 1.040700 -0.181300 -0.078000 0.980300 0.272000 0.490700

0 12.388300 -36.143700 1.040700 -0.181300 -0.078000 0.980300 0.272000 0.490700
0 12.498600 -36.388401 0.866500 0.074500 -0.555800 0.828000 0.269300 0.492200
0 14.340400 -35.824402 0.931100 0.202500 -0.591500 0.780500 0.260500 0.470200

0 12.498600 -36.388401 0.866500 0.074500 -0.555800 0.828000 0.269300 0.492200
0 12.388300 -36.143700 1.040700 -0.181300 -0.078000 0.980300 0.272000 0.490700
0 11.578700 -36.492901 0.793500 -0.918900 -0.394400 0.004100 0.277300 0.500000

0 18.264000 -33.108101 0.369800 -0.259300 0.575100 -0.775900 0.277300 0.415500
0 18.524300 -33.685501 0.334200 0.222900 -0.494400 -0.840200 0.283000 0.416000
0 14.245700 -35.614399 0.334200 0.160200 -0.519800 -0.839100 0.283000 0.468800

0 12.316000 -35.983299 0.597900 -0.459100 0.502700 -0.732500 0.277300 0.489700
0 12.440500 -36.259499 0.568400 0.002600 -0.529000 -0.848600 0.280000 0.490200
0 11.578700 -36.492901 0.793500 -0.918900 -0.394400 0.004100 0.277300 0.500000

0 12.440500 -36.259499 0.568400 0.002600 -0.529000 -0.848600 0.280000 0.490200
0 12.498600 -36.388401 0.866500 0.204600 -0.886800 -0.414400 0.283900 0.491200
0 11.578700 -36.492901 0.793500 -0.918900 -0.394400 0.004100 0.277300 0.500000

0 12.388300 -36.143700 1.040700 -0.181300 -0.078000 0.980300 0.272000 0.490700
0 12.290500 -35.926701 0.879400 -0.558600 0.745400 0.363800 0.274700 0.490200
0 11.578700 -36.492901 0.793500 -0.918900 -0.394400 0.004100 0.277300 0.500000

0 12.290500 -35.926701 0.879400 -0.558600 0.745400 0.363800 0.274700 0.490200
0 12.316000 -35.983299 0.597900 -0.459100 0.502700 -0.732500 0.277300 0.489700
0 11.578700 -36.492901 0.793500 -0.918900 -0.394400 0.004100 0.277300 0.500000

0 12.316000 -35.983299 0.597900 -0.459100 0.502700 -0.732500 0.277300 0.489700
0 12.290500 -35.926701 0.879400 -0.558600 0.745400 0.363800 0.274700 0.490200
0 13.917000 -34.885300 0.990900 -0.449300 0.815500 0.364800 0.271700 0.468800

0 13.917000 -34.885300 0.990900 -0.449300 0.815500 0.364800 0.271700 0.468800
0 13.985400 -35.037102 0.369800 -0.323500 0.544500 -0.773800 0.277300 0.468300
0 12.316000 -35.983299 0.597900 -0.459100 0.502700 -0.732500 0.277300 0.489700

0 12.440500 -36.259499 0.568400 0.002600 -0.529000 -0.848600 0.280000 0.490200
0 12.316000 -35.983299 0.597900 -0.459100 0.502700 -0.732500 0.277300 0.489700
0 13.985400 -35.037102 0.369800 -0.323500 0.544500 -0.773800 0.277300 0.468300

0 13.985400 -35.037102 0.369800 -0.323500 0.544500 -0.773800 0.277300 0.468300
0 14.245700 -35.614399 0.334200 0.160200 -0.519800 -0.839100 0.283000 0.468800
0 12.440500 -36.259499 0.568400 0.002600 -0.529000 -0.848600 0.280000 0.490200

0 12.498600 -36.388401 0.866500 0.204600 -0.886800 -0.414400 0.283900 0.491200
0 12.440500 -36.259499 0.568400 0.002600 -0.529000 -0.848600 0.280000 0.490200
0 14.245700 -35.614399 0.334200 0.160200 -0.519800 -0.839100 0.283000 0.468800

0 14.245700 -35.614399 0.334200 0.160200 -0.519800 -0.839100 0.283000 0.468800
0 14.340400 -35.824402 0.931100 0.335800 -0.870600 -0.359600 0.291300 0.469700
0 12.498600 -36.388401 0.866500 0.204600 -0.886800 -0.414400 0.283900 0.491200

0 14.340400 -35.824402 0.931100 0.335800 -0.870600 -0.359600 0.291300 0.469700
0 14.245700 -35.614399 0.334200 0.160200 -0.519800 -0.839100 0.283000 0.468800
0 18.524300 -33.685501 0.334200 0.222900 -0.494400 -0.840200 0.283000 0.416000

0 18.524300 -33.685501 0.334200 0.222900 -0.494400 -0.840200 0.283000 0.416000
0 18.618999 -33.895500 0.931100 0.383400 -0.850500 -0.360100 0.292200 0.416500
0 14.340400 -35.824402 0.931100 0.335800 -0.870600 -0.359600 0.291300 0.469700

0 13.891000 -34.695202 2.107600 -0.045700 -0.082000 0.995600 0.266100 0.469200
0 13.680200 -34.201599 1.769600 -0.433000 0.824300 0.364800 0.271700 0.468800
0 12.033300 -35.210400 1.658100 -0.543700 0.756300 0.363800 0.274700 0.490200

0 12.033300 -35.210400 1.658100 -0.543700 0.756300 0.363800 0.274700 0.490200
0 12.126800 -35.429401 1.819300 -0.182800 -0.074700 0.980300 0.272000 0.490700
0 13.891000 -34.695202 2.107600 -0.045700 -0.082000 0.995600 0.266100 0.469200

0 13.994300 -34.937099 1.112900 0.149900 -0.522900 -0.839100 0.283000 0.468800
0 13.745600 -34.354698 1.148500 -0.312700 0.550900 -0.773800 0.277300 0.468300
0 18.061701 -32.511101 1.148500 -0.247800 0.580100 -0.776000 0.277300 0.415500

0 17.996300 -32.358002 1.769600 -0.365700 0.856200 0.364800 0.271700 0.416000
0 18.061701 -32.511101 1.148500 -0.247800 0.580100 -0.776000 0.277300 0.415500
0 13.745600 -34.354698 1.148500 -0.312700 0.550900 -0.773800 0.277300 0.468300

0 13.745600 -34.354698 1.148500 -0.312700 0.550900 -0.773800 0.277300 0.468300
0 13.680200 -34.201599 1.769600 -0.433000 0.824300 0.364800 0.271700 0.468800
0 17.996300 -32.358002 1.769600 -0.365700 0.856200 0.364800 0.271700 0.416000

0 18.207100 -32.851700 2.107600 0.022900 -0.053600 0.998300 0.265900 0.416500
0 17.996300 -32.358002 1.769600 -0.365700 0.856200 0.364800 0.271700 0.416000
0 13.680200 -34.201599 1.769600 -0.433000 0.824300 0.364800 0.271700 0.468800

0 13.680200 -34.201599 1.769600 -0.433000 0.824300 0.364800 0.271700 0.468800
0 13.891000 -34.695202 2.107600 -0.045700 -0.082000 0.995600 0.266100 0.469200
0 18.207100 -32.851700 2.107600 0.022900 -0.053600 0.998300 0.265900 0.416500

0 18.400900 -33.305401 1.709800 0.246600 -0.577200 0.778500 0.260000 0.416500
0 18.207100 -32.851700 2.107600 0.022900 -0.053600 0.998300 0.265900 0.416500
0 13.891000 -34.695202 2.107600 -0.045700 -0.082000 0.995600 0.266100 0.469200

0 13.891000 -34.695202 2.107600 -0.045700 -0.082000 0.995600 0.266100 0.469200
0 14.084800 -35.148899 1.709800 0.190700 -0.595300 0.780500 0.260500 0.470200
0 18.400900 -33.305401 1.709800 0.246600 -0.577200 0.778500 0.260000 0.416500

0 14.084800 -35.148899 1.709800 0.190700 -0.595300 0.780500 0.260500 0.470200
0 13.891000 -34.695202 2.107600 -0.045700 -0.082000 0.995600 0.266100 0.469200
0 12.126800 -35.429401 1.819300 -0.182800 -0.074700 0.980300 0.272000 0.490700

0 12.126800 -35.429401 1.819300 -0.182800 -0.074700 0.980300 0.272000 0.490700
0 12.232200 -35.676201 1.645100 0.063400 -0.557300 0.827900 0.269300 0.492200
0 14.084800 -35.148899 1.709800 0.190700 -0.595300 0.780500 0.260500 0.470200

0 12.232200 -35.676201 1.645100 0.063400 -0.557300 0.827900 0.269300 0.492200
0 12.126800 -35.429401 1.819300 -0.182800 -0.074700 0.980300 0.272000 0.490700
0 11.310400 -35.762299 1.572100 -0.926600 -0.375900 0.004000 0.277300 0.500000

0 18.061701 -32.511101 1.148500 -0.247800 0.580100 -0.776000 0.277300 0.415500
0 18.310400 -33.093498 1.112900 0.213000 -0.498700 -0.840200 0.283000 0.416000
0 13.994300 -34.937099 1.112900 0.149900 -0.522900 -0.839100 0.283000 0.468800

0 12.057700 -35.267601 1.376600 -0.448900 0.511700 -0.732500 0.277300 0.489700
0 12.176700 -35.546200 1.347000 -0.008000 -0.528900 -0.848700 0.280000 0.490200
0 11.310400 -35.762299 1.572100 -0.926600 -0.375900 0.004000 0.277300 0.500000

0 12.176700 -35.546200 1.347000 -0.008000 -0.528900 -0.848700 0.280000 0.490200
0 12.232200 -35.676201 1.645100 0.186900 -0.890700 -0.414300 0.283900 0.491200
0 11.310400 -35.762299 1.572100 -0.926600 -0.375900 0.004000 0.277300 0.500000

0 12.126800 -35.429401 1.819300 -0.182800 -0.074700 0.980300 0.272000 0.490700
0 12.033300 -35.210400 1.658100 -0.543700 0.756300 0.363800 0.274700 0.490200
0 11.310400 -35.762299 1.572100 -0.926600 -0.375900 0.004000 0.277300 0.500000

0 12.033300 -35.210400 1.658100 -0.543700 0.756300 0.363800 0.274700 0.490200
0 12.057700 -35.267601 1.376600 -0.448900 0.511700 -0.732500 0.277300 0.489700
0 11.310400 -35.762299 1.572100 -0.926600 -0.375900 0.004000 0.277300 0.500000

0 12.057700 -35.267601 1.376600 -0.448900 0.511700 -0.732500 0.277300 0.489700
0 12.033300 -35.210400 1.658100 -0.543700 0.756300 0.363800 0.274700 0.490200
0 13.680200 -34.201599 1.769600 -0.433000 0.824300 0.364800 0.271700 0.468800

0 13.680200 -34.201599 1.769600 -0.433000 0.824300 0.364800 0.271700 0.468800
0 13.745600 -34.354698 1.148500 -0.312700 0.550900 -0.773800 0.277300 0.468300
0 12.057700 -35.267601 1.376600 -0.448900 0.511700 -0.732500 0.277300 0.489700

0 12.176700 -35.546200 1.347000 -0.008000 -0.528900 -0.848700 0.280000 0.490200
0 12.057700 -35.267601 1.376600 -0.448900 0.511700 -0.732500 0.277300 0.489700
0 13.745600 -34.354698 1.148500 -0.312700 0.550900 -0.773800 0.277300 0.468300

0 13.745600 -34.354698 1.148500 -0.312700 0.550900 -0.773800 0.277300 0.468300
0 13.994300 -34.937099 1.112900 0.149900 -0.522900 -0.839100 0.283000 0.468800
0 12.176700 -35.546200 1.347000 -0.008000 -0.528900 -0.848700 0.280000 0.490200

0 12.232200 -35.676201 1.645100 0.186900 -0.890700 -0.414300 0.283900 0.491200
0 12.176700 -35.546200 1.347000 -0.008000 -0.528900 -0.848700 0.280000 0.490200
0 13.994300 -34.937099 1.112900 0.149900 -0.522900 -0.839100 0.283000 0.468800

0 13.994300 -34.937099 1.112900 0.149900 -0.522900 -0.839100 0.283000 0.468800
0 14.084800 -35.148899 1.709800 0.318500 -0.877100 -0.359500 0.291300 0.469700
0 12.232200 -35.676201 1.645100 0.186900 -0.890700 -0.414300 0.283900 0.491200

0 14.084800 -35.148899 1.709800 0.318500 -0.877100 -0.359500 0.291300 0.469700
0 13.994300 -34.937099 1.112900 0.149900 -0.522900 -0.839100 0.283000 0.468800
0 18.310400 -33.093498 1.112900 0.213000 -0.498700 -0.840200 0.283000 0.416000

0 18.310400 -33.093498 1.112900 0.213000 -0.498700 -0.840200 0.283000 0.416000
0 18.400900 -33.305401 1.709800 0.366400 -0.857900 -0.360100 0.292200 0.416500
0 14.084800 -35.148899 1.709800 0.318500 -0.877100 -0.359500 0.291300 0.469700

0 17.634399 -31.379900 1.769600 0.918800 0.394700 -0.000000 0.301500 0.448700
0 17.846300 -31.873199 2.107600 0.918800 0.394700 -0.000000 0.307400 0.445300
0 18.041000 -32.326500 1.709800 0.918800 0.394700 0.000000 0.313500 0.452100

0 18.041000 -32.326500 1.709800 0.918800 0.394700 0.000000 0.313500 0.452100
0 17.700100 -31.532900 1.148500 0.918800 0.394700 0.000000 0.301300 0.455600
0 17.634399 -31.379900 1.769600 0.918800 0.394700 -0.000000 0.301500 0.448700

0 17.700100 -31.532900 1.148500 0.918800 0.394700 0.000000 0.301300 0.455600
0 18.041000 -32.326500 1.709800 0.918800 0.394700 0.000000 0.313500 0.452100
0 17.950100 -32.114799 1.112900 0.918800 0.394700 0.000100 0.307400 0.459000

0 13.533900 -33.725399 2.107600 -0.045500 -0.082100 0.995600 0.266100 0.469200
0 13.322100 -33.232201 1.769600 -0.434600 0.823400 0.364800 0.271700 0.468800
0 11.677200 -34.244400 1.658100 -0.545300 0.755100 0.363900 0.274700 0.490200

0 11.677200 -34.244400 1.658100 -0.545300 0.755100 0.363900 0.274700 0.490200
0 11.771200 -34.463200 1.819300 -0.182600 -0.075000 0.980300 0.272000 0.490700
0 13.533900 -33.725399 2.107600 -0.045500 -0.082100 0.995600 0.266100 0.469200

0 13.637700 -33.967098 1.112900 0.150900 -0.522500 -0.839200 0.283000 0.468800
0 13.387800 -33.385201 1.148500 -0.313800 0.550200 -0.773800 0.277300 0.468300
0 17.700100 -31.532900 1.148500 -0.372000 0.866000 -0.334300 0.277300 0.415500

0 17.634399 -31.379900 1.769600 -0.367500 0.855500 0.364900 0.271700 0.416000
0 17.700100 -31.532900 1.148500 -0.372000 0.866000 -0.334300 0.277300 0.415500
0 13.387800 -33.385201 1.148500 -0.313800 0.550200 -0.773800 0.277300 0.468300

0 13.387800 -33.385201 1.148500 -0.313800 0.550200 -0.773800 0.277300 0.468300
0 13.322100 -33.232201 1.769600 -0.434600 0.823400 0.364800 0.271700 0.468800
0 17.634399 -31.379900 1.769600 -0.367500 0.855500 0.364900 0.271700 0.416000

0 17.846300 -31.873199 2.107600 0.023000 -0.053600 0.998300 0.265900 0.416500
0 17.634399 -31.379900 1.769600 -0.367500 0.855500 0.364900 0.271700 0.416000
0 13.322100 -33.232201 1.769600 -0.434600 0.823400 0.364800 0.271700 0.468800

0 13.322100 -33.232201 1.769600 -0.434600 0.823400 0.364800 0.271700 0.468800
0 13.533900 -33.725399 2.107600 -0.045500 -0.082100 0.995600 0.266100 0.469200
0 17.846300 -31.873199 2.107600 0.023000 -0.053600 0.998300 0.265900 0.416500

0 18.041000 -32.326500 1.709800 0.247700 -0.576700 0.778500 0.260000 0.416500
0 17.846300 -31.873199 2.107600 0.023000 -0.053600 0.998300 0.265900 0.416500
0 13.533900 -33.725399 2.107600 -0.045500 -0.082100 0.995600 0.266100 0.469200

0 13.533900 -33.725399 2.107600 -0.045500 -0.082100 0.995600 0.266100 0.469200
0 13.728600 -34.178799 1.709800 0.191900 -0.594900 0.780600 0.260500 0.470200
0 18.041000 -32.326500 1.709800 0.247700 -0.576700 0.778500 0.260000 0.416500

0 13.728600 -34.178799 1.709800 0.191900 -0.594900 0.780600 0.260500 0.470200
0 13.533900 -33.725399 2.107600 -0.045500 -0.082100 0.995600 0.266100 0.469200
0 11.771200 -34.463200 1.819300 -0.182600 -0.075000 0.980300 0.272000 0.490700

0 11.771200 -34.463200 1.819300 -0.182600 -0.075000 0.980300 0.272000 0.490700
0 11.877100 -34.709801 1.645100 0.064600 -0.557100 0.827900 0.269300 0.492200
0 13.728600 -34.178799 1.709800 0.191900 -0.594900 0.780600 0.260500 0.470200

0 11.877100 -34.709801 1.645100 0.064600 -0.557100 0.827900 0.269300 0.492200
0 11.771200 -34.463200 1.819300 -0.182600 -0.075000 0.980300 0.272000 0.490700
0 10.955500 -34.797798 1.572100 -0.925800 -0.377900 0.004000 0.277300 0.500000

0 17.700100 -31.532900 1.148500 -0.022100 0.051600 -0.998400 0.277300 0.415500
0 17.950100 -32.114799 1.112900 0.214000 -0.498300 -0.840200 0.283000 0.416000
0 13.637700 -33.967098 1.112900 0.150900 -0.522500 -0.839200 0.283000 0.468800

0 11.701700 -34.301498 1.376600 -0.450000 0.510900 -0.732500 0.277300 0.489700
0 11.821300 -34.579899 1.347000 -0.006900 -0.528900 -0.848700 0.280000 0.490200
0 10.955500 -34.797798 1.572100 -0.925800 -0.377900 0.004000 0.277300 0.500000

0 11.821300 -34.579899 1.347000 -0.006900 -0.528900 -0.848700 0.280000 0.490200
0 11.877100 -34.709801 1.645100 0.188700 -0.890300 -0.414400 0.283900 0.491200
0 10.955500 -34.797798 1.572100 -0.925800 -0.377900 0.004000 0.277300 0.500000

0 11.771200 -34.463200 1.819300 -0.182600 -0.075000 0.980300 0.272000 0.490700
0 11.677200 -34.244400 1.658100 -0.545300 0.755100 0.363900 0.274700 0.490200
0 10.955500 -34.797798 1.572100 -0.925800 -0.377900 0.004000 0.277300 0.500000

0 11.677200 -34.244400 1.658100 -0.545300 0.755100 0.363900 0.274700 0.490200
0 11.701700 -34.301498 1.376600 -0.450000 0.510900 -0.732500 0.277300 0.489700
0 10.955500 -34.797798 1.572100 -0.925800 -0.377900 0.004000 0.277300 0.500000

0 11.701700 -34.301498 1.376600 -0.450000 0.510900 -0.732500 0.277300 0.489700
0 11.677200 -34.244400 1.658100 -0.545300 0.755100 0.363900 0.274700 0.490200
0 13.322100 -33.232201 1.769600 -0.434600 0.823400 0.364800 0.271700 0.468800

0 13.322100 -33.232201 1.769600 -0.434600 0.823400 0.364800 0.271700 0.468800
0 13.387800 -33.385201 1.148500 -0.313800 0.550200 -0.773800 0.277300 0.468300
0 11.701700 -34.301498 1.376600 -0.450000 0.510900 -0.732500 0.277300 0.489700

0 11.821300 -34.579899 1.347000 -0.006900 -0.528900 -0.848700 0.280000 0.490200
0 11.701700 -34.301498 1.376600 -0.450000 0.510900 -0.732500 0.277300 0.489700
0 13.387800 -33.385201 1.148500 -0.313800 0.550200 -0.773800 0.277300 0.468300

0 13.387800 -33.385201 1.148500 -0.313800 0.550200 -0.773800 0.277300 0.468300
0 13.637700 -33.967098 1.112900 0.150900 -0.522500 -0.839200 0.283000 0.468800
0 11.821300 -34.579899 1.347000 -0.006900 -0.528900 -0.848700 0.280000 0.490200

0 11.877100 -34.709801 1.645100 0.188700 -0.890300 -0.414400 0.283900 0.491200
0 11.821300 -34.579899 1.347000 -0.006900 -0.528900 -0.848700 0.280000 0.490200
0 13.637700 -33.967098 1.112900 0.150900 -0.522500 -0.839200 0.283000 0.468800

0 13.637700 -33.967098 1.112900 0.150900 -0.522500 -0.839200 0.283000 0.468800
0 13.728600 -34.178799 1.709800 0.320300 -0.876400 -0.359600 0.291300 0.469700
0 11.877100 -34.709801 1.645100 0.188700 -0.890300 -0.414400 0.283900 0.491200

0 13.728600 -34.178799 1.709800 0.320300 -0.876400 -0.359600 0.291300 0.469700
0 13.637700 -33.967098 1.112900 0.150900 -0.522500 -0.839200 0.283000 0.468800
0 17.950100 -32.114799 1.112900 0.214000 -0.498300 -0.840200 0.283000 0.416000

0 17.950100 -32.114799 1.112900 0.214000 -0.498300 -0.840200 0.283000 0.416000
0 18.041000 -32.326500 1.709800 0.368200 -0.857200 -0.360100 0.292200 0.416500
0 13.728600 -34.178799 1.709800 0.320300 -0.876400 -0.359600 0.291300 0.469700

0 17.330799 -30.722300 1.164300 0.922600 0.385900 0.000000 0.301500 0.448700
0 17.537901 -31.217600 1.502300 0.922600 0.385800 0.000100 0.307400 0.445300
0 17.728300 -31.672701 1.104500 0.922600 0.385900 0.000000 0.313500 0.452100

0 17.728300 -31.672701 1.104500 0.922600 0.385900 0.000000 0.313500 0.452100
0 17.395000 -30.875900 0.543200 0.922600 0.385900 -0.000000 0.301300 0.455600
0 17.330799 -30.722300 1.164300 0.922600 0.385900 0.000000 0.301500 0.448700

0 17.395000 -30.875900 0.543200 0.922600 0.385900 -0.000000 0.301300 0.455600
0 17.728300 -31.672701 1.104500 0.922600 0.385900 0.000000 0.313500 0.452100
0 17.639400 -31.460199 0.507600 0.922500 0.385900 -0.000000 0.307400 0.459000

0 13.208100 -33.028599 1.502300 -0.046300 -0.081700 0.995600 0.266100 0.469200
0 13.000900 -32.533401 1.164300 -0.426800 0.827500 0.364800 0.271700 0.468800
0 11.346500 -33.529800 1.052800 -0.538000 0.760400 0.363800 0.274700 0.490200

0 11.346500 -33.529800 1.052800 -0.538000 0.760400 0.363800 0.274700 0.490200
0 11.438400 -33.749500 1.214000 -0.183300 -0.073200 0.980300 0.272000 0.490700
0 13.208100 -33.028599 1.502300 -0.046300 -0.081700 0.995600 0.266100 0.469200

0 13.309500 -33.271198 0.507600 0.145900 -0.523900 -0.839200 0.283000 0.468800
0 13.065200 -32.687000 0.543200 -0.308500 0.553200 -0.773800 0.277300 0.468300
0 17.395000 -30.875900 0.543200 -0.243400 0.581900 -0.776000 0.277300 0.415500

0 17.330799 -30.722300 1.164300 -0.359300 0.858900 0.364900 0.271700 0.416000
0 17.395000 -30.875900 0.543200 -0.243400 0.581900 -0.776000 0.277300 0.415500
0 13.065200 -32.687000 0.543200 -0.308500 0.553200 -0.773800 0.277300 0.468300

0 13.065200 -32.687000 0.543200 -0.308500 0.553200 -0.773800 0.277300 0.468300
0 13.000900 -32.533401 1.164300 -0.426800 0.827500 0.364800 0.271700 0.468800
0 17.330799 -30.722300 1.164300 -0.359300 0.858900 0.364900 0.271700 0.416000

0 17.537901 -31.217600 1.502300 0.022500 -0.053800 0.998300 0.265900 0.416500
0 17.330799 -30.722300 1.164300 -0.359300 0.858900 0.364900 0.271700 0.416000
0 13.000900 -32.533401 1.164300 -0.426800 0.827500 0.364800 0.271700 0.468800

0 13.000900 -32.533401 1.164300 -0.426800 0.827500 0.364800 0.271700 0.468800
0 13.208100 -33.028599 1.502300 -0.046300 -0.081700 0.995600 0.266100 0.469200
0 17.537901 -31.217600 1.502300 0.022500 -0.053800 0.998300 0.265900 0.416500

0 17.728300 -31.672701 1.104500 0.242200 -0.579100 0.778500 0.260000 0.416500
0 17.537901 -31.217600 1.502300 0.022500 -0.053800 0.998300 0.265900 0.416500
0 13.208100 -33.028599 1.502300 -0.046300 -0.081700 0.995600 0.266100 0.469200

0 13.208100 -33.028599 1.502300 -0.046300 -0.081700 0.995600 0.266100 0.469200
0 13.398500 -33.483799 1.104500 0.186200 -0.596700 0.780600 0.260500 0.470200
0 17.728300 -31.672701 1.104500 0.242200 -0.579100 0.778500 0.260000 0.416500

0 13.398500 -33.483799 1.104500 0.186200 -0.596700 0.780600 0.260500 0.470200
0 13.208100 -33.028599 1.502300 -0.046300 -0.081700 0.995600 0.266100 0.469200
0 11.438400 -33.749500 1.214000 -0.183300 -0.073200 0.980300 0.272000 0.490700

0 11.438400 -33.749500 1.214000 -0.183300 -0.073200 0.980300 0.272000 0.490700
0 11.541900 -33.997101 1.039900 0.059200 -0.557500 0.828100 0.269300 0.492200
0 13.398500 -33.483799 1.104500 0.186200 -0.596700 0.780600 0.260500 0.470200

0 11.541900 -33.997101 1.039900 0.059200 -0.557500 0.828100 0.269300 0.492200
0 11.438400 -33.749500 1.214000 -0.183300 -0.073200 0.980300 0.272000 0.490700
0 10.619500 -34.076302 0.966900 -0.929400 -0.369000 0.004100 0.277300 0.500000

0 17.395000 -30.875900 0.543200 -0.243400 0.581900 -0.776000 0.277300 0.415500
0 17.639400 -31.460199 0.507600 0.209300 -0.500300 -0.840200 0.283000 0.416000
0 13.309500 -33.271198 0.507600 0.145900 -0.523900 -0.839200 0.283000 0.468800

0 11.370500 -33.587200 0.771300 -0.445100 0.514900 -0.732600 0.277300 0.489700
0 11.487400 -33.866699 0.741800 -0.011900 -0.528900 -0.848600 0.280000 0.490200
0 10.619500 -34.076302 0.966900 -0.929400 -0.369000 0.004100 0.277300 0.500000

0 11.487400 -33.866699 0.741800 -0.011900 -0.528900 -0.848600 0.280000 0.490200
0 11.541900 -33.997101 1.039900 0.180200 -0.892100 -0.414300 0.283900 0.491200
0 10.619500 -34.076302 0.966900 -0.929400 -0.369000 0.004100 0.277300 0.500000

0 11.438400 -33.749500 1.214000 -0.183300 -0.073200 0.980300 0.272000 0.490700
0 11.346500 -33.529800 1.052800 -0.538000 0.760400 0.363800 0.274700 0.490200
0 10.619500 -34.076302 0.966900 -0.929400 -0.369000 0.004100 0.277300 0.500000

0 11.346500 -33.529800 1.052800 -0.538000 0.760400 0.363800 0.274700 0.490200
0 11.370500 -33.587200 0.771300 -0.445100 0.514900 -0.732600 0.277300 0.489700
0 10.619500 -34.076302 0.966900 -0.929400 -0.369000 0.004100 0.277300 0.500000

0 11.370500 -33.587200 0.771300 -0.445100 0.514900 -0.732600 0.277300 0.489700
0 11.346500 -33.529800 1.052800 -0.538000 0.760400 0.363800 0.274700 0.490200
0 13.000900 -32.533401 1.164300 -0.426800 0.827500 0.364800 0.271700 0.468800

0 13.000900 -32.533401 1.164300 -0.426800 0.827500 0.364800 0.271700 0.468800
0 13.065200 -32.687000 0.543200 -0.308500 0.553200 -0.773800 0.277300 0.468300
0 11.370500 -33.587200 0.771300 -0.445100 0.514900 -0.732600 0.277300 0.489700

0 11.487400 -33.866699 0.741800 -0.011900 -0.528900 -0.848600 0.280000 0.490200
0 11.370500 -33.587200 0.771300 -0.445100 0.514900 -0.732600 0.277300 0.489700
0 13.065200 -32.687000 0.543200 -0.308500 0.553200 -0.773800 0.277300 0.468300

0 13.065200 -32.687000 0.543200 -0.308500 0.553200 -0.773800 0.277300 0.468300
0 13.309500 -33.271198 0.507600 0.145900 -0.523900 -0.839200 0.283000 0.468800
0 11.487400 -33.866699 0.741800 -0.011900 -0.528900 -0.848600 0.280000 0.490200

0 11.541900 -33.997101 1.039900 0.180200 -0.892100 -0.414300 0.283900 0.491200
0 11.487400 -33.866699 0.741800 -0.011900 -0.528900 -0.848600 0.280000 0.490200
0 13.309500 -33.271198 0.507600 0.145900 -0.523900 -0.839200 0.283000 0.468800

0 13.309500 -33.271198 0.507600 0.145900 -0.523900 -0.839200 0.283000 0.468800
0 13.398500 -33.483799 1.104500 0.311800 -0.879400 -0.359700 0.291300 0.469700
0 11.541900 -33.997101 1.039900 0.180200 -0.892100 -0.414300 0.283900 0.491200

0 13.398500 -33.483799 1.104500 0.311800 -0.879400 -0.359700 0.291300 0.469700
0 13.309500 -33.271198 0.507600 0.145900 -0.523900 -0.839200 0.283000 0.468800
0 17.639400 -31.460199 0.507600 0.209300 -0.500300 -0.840200 0.283000 0.416000

0 17.639400 -31.460199 0.507600 0.209300 -0.500300 -0.840200 0.283000 0.416000
0 17.728300 -31.672701 1.104500 0.360000 -0.860700 -0.360000 0.292200 0.416500
0 13.398500 -33.483799 1.104500 0.311800 -0.879400 -0.359700 0.291300 0.469700

0 17.034000 -29.886400 0.649300 0.931200 0.364500 -0.000000 0.301500 0.448700
0 17.229700 -30.386299 0.987300 0.931200 0.364500 -0.000100 0.307400 0.445300
0 17.409500 -30.845699 0.589400 0.931200 0.364500 -0.000000 0.313500 0.452100

0 17.409500 -30.845699 0.589400 0.931200 0.364500 -0.000000 0.313500 0.452100
0 17.094700 -30.041500 0.028100 0.931200 0.364500 -0.000000 0.301300 0.455600
0 17.034000 -29.886400 0.649300 0.931200 0.364500 -0.000000 0.301500 0.448700

0 17.094700 -30.041500 0.028100 0.931200 0.364500 -0.000000 0.301300 0.455600
0 17.409500 -30.845699 0.589400 0.931200 0.364500 -0.000000 0.313500 0.452100
0 17.325500 -30.631201 -0.007400 0.931200 0.364500 -0.000100 0.307400 0.459000

0 12.859300 -32.097198 0.987300 -0.048200 -0.080600 0.995600 0.266100 0.469200
0 12.663600 -31.597401 0.649300 -0.407600 0.837100 0.364800 0.271700 0.468800
0 10.986700 -32.555500 0.537800 -0.520400 0.772500 0.363900 0.274700 0.490200

0 10.986700 -32.555500 0.537800 -0.520400 0.772500 0.363900 0.274700 0.490200
0 11.073500 -32.777199 0.699000 -0.185000 -0.069000 0.980300 0.272000 0.490700
0 12.859300 -32.097198 0.987300 -0.048200 -0.080600 0.995600 0.266100 0.469200

0 12.955200 -32.342098 -0.007400 0.133800 -0.527200 -0.839100 0.283000 0.468800
0 12.724300 -31.752399 0.028100 -0.295700 0.560100 -0.773800 0.277300 0.468300
0 17.094700 -30.041500 0.028100 -0.229900 0.587300 -0.776000 0.277300 0.415500

0 17.034000 -29.886400 0.649300 -0.339400 0.867000 0.364900 0.271700 0.416000
0 17.094700 -30.041500 0.028100 -0.229900 0.587300 -0.776000 0.277300 0.415500
0 12.724300 -31.752399 0.028100 -0.295700 0.560100 -0.773800 0.277300 0.468300

0 12.724300 -31.752399 0.028100 -0.295700 0.560100 -0.773800 0.277300 0.468300
0 12.663600 -31.597401 0.649300 -0.407600 0.837100 0.364800 0.271700 0.468800
0 17.034000 -29.886400 0.649300 -0.339400 0.867000 0.364900 0.271700 0.416000

0 17.229700 -30.386299 0.987300 0.021300 -0.054300 0.998300 0.265900 0.416500
0 17.034000 -29.886400 0.649300 -0.339400 0.867000 0.364900 0.271700 0.416000
0 12.663600 -31.597401 0.649300 -0.407600 0.837100 0.364800 0.271700 0.468800

0 12.663600 -31.597401 0.649300 -0.407600 0.837100 0.364800 0.271700 0.468800
0 12.859300 -32.097198 0.987300 -0.048200 -0.080600 0.995600 0.266100 0.469200
0 17.229700 -30.386299 0.987300 0.021300 -0.054300 0.998300 0.265900 0.416500

0 17.409500 -30.845699 0.589400 0.228900 -0.584600 0.778400 0.260000 0.416500
0 17.229700 -30.386299 0.987300 0.021300 -0.054300 0.998300 0.265900 0.416500
0 12.859300 -32.097198 0.987300 -0.048200 -0.080600 0.995600 0.266100 0.469200

0 12.859300 -32.097198 0.987300 -0.048200 -0.080600 0.995600 0.266100 0.469200
0 13.039200 -32.556702 0.589400 0.172500 -0.600900 0.780500 0.260500 0.470200
0 17.409500 -30.845699 0.589400 0.228900 -0.584600 0.778400 0.260000 0.416500

0 13.039200 -32.556702 0.589400 0.172500 -0.600900 0.780500 0.260500 0.470200
0 12.859300 -32.097198 0.987300 -0.048200 -0.080600 0.995600 0.266100 0.469200
0 11.073500 -32.777199 0.699000 -0.185000 -0.069000 0.980300 0.272000 0.490700

0 11.073500 -32.777199 0.699000 -0.185000 -0.069000 0.980300 0.272000 0.490700
0 11.171300 -33.027100 0.524800 0.046400 -0.558900 0.827900 0.269300 0.492200
0 13.039200 -32.556702 0.589400 0.172500 -0.600900 0.780500 0.260500 0.470200

0 11.171300 -33.027100 0.524800 0.046400 -0.558900 0.827900 0.269300 0.492200
0 11.073500 -32.777199 0.699000 -0.185000 -0.069000 0.980300 0.272000 0.490700
0 10.247300 -33.085098 0.451800 -0.937700 -0.347500 0.004000 0.277300 0.500000

0 17.094700 -30.041500 0.028100 -0.229900 0.587300 -0.776000 0.277300 0.415500
0 17.325500 -30.631201 -0.007400 0.197700 -0.505000 -0.840200 0.283000 0.416000
0 12.955200 -32.342098 -0.007400 0.133800 -0.527200 -0.839100 0.283000 0.468800

0 11.009300 -32.613400 0.256200 -0.433200 0.525100 -0.732600 0.277300 0.489700
0 11.119800 -32.895401 0.226700 -0.024000 -0.528400 -0.848600 0.280000 0.490200
0 10.247300 -33.085098 0.451800 -0.937700 -0.347500 0.004000 0.277300 0.500000

0 11.119800 -32.895401 0.226700 -0.024000 -0.528400 -0.848600 0.280000 0.490200
0 11.171300 -33.027100 0.524800 0.159600 -0.895900 -0.414500 0.283900 0.491200
0 10.247300 -33.085098 0.451800 -0.937700 -0.347500 0.004000 0.277300 0.500000

0 11.073500 -32.777199 0.699000 -0.185000 -0.069000 0.980300 0.272000 0.490700
0 10.986700 -32.555500 0.537800 -0.520400 0.772500 0.363900 0.274700 0.490200
0 10.247300 -33.085098 0.451800 -0.937700 -0.347500 0.004000 0.277300 0.500000

0 10.986700 -32.555500 0.537800 -0.520400 0.772500 0.363900 0.274700 0.490200
0 11.009300 -32.613400 0.256200 -0.433200 0.525100 -0.732600 0.277300 0.489700
0 10.247300 -33.085098 0.451800 -0.937700 -0.347500 0.004000 0.277300 0.500000

0 11.009300 -32.613400 0.256200 -0.433200 0.525100 -0.732600 0.277300 0.489700
0 10.986700 -32.555500 0.537800 -0.520400 0.772500 0.363900 0.274700 0.490200
0 12.663600 -31.597401 0.649300 -0.407600 0.837100 0.364800 0.271700 0.468800

0 12.663600 -31.597401 0.649300 -0.407600 0.837100 0.364800 0.271700 0.468800
0 12.724300 -31.752399 0.028100 -0.295700 0.560100 -0.773800 0.277300 0.468300
0 11.009300 -32.613400 0.256200 -0.433200 0.525100 -0.732600 0.277300 0.489700

0 11.119800 -32.895401 0.226700 -0.024000 -0.528400 -0.848600 0.280000 0.490200
0 11.009300 -32.613400 0.256200 -0.433200 0.525100 -0.732600 0.277300 0.489700
0 12.724300 -31.752399 0.028100 -0.295700 0.560100 -0.773800 0.277300 0.468300

0 12.724300 -31.752399 0.028100 -0.295700 0.560100 -0.773800 0.277300 0.468300
0 12.955200 -32.342098 -0.007400 0.133800 -0.527200 -0.839100 0.283000 0.468800
0 11.119800 -32.895401 0.226700 -0.024000 -0.528400 -0.848600 0.280000 0.490200

0 11.171300 -33.027100 0.524800 0.159600 -0.895900 -0.414500 0.283900 0.491200
0 11.119800 -32.895401 0.226700 -0.024000 -0.528400 -0.848600 0.280000 0.490200
0 12.955200 -32.342098 -0.007400 0.133800 -0.527200 -0.839100 0.283000 0.468800

0 12.955200 -32.342098 -0.007400 0.133800 -0.527200 -0.839100 0.283000 0.468800
0 13.039200 -32.556702 0.589400 0.291500 -0.886300 -0.359700 0.291300 0.469700
0 11.171300 -33.027100 0.524800 0.159600 -0.895900 -0.414500 0.283900 0.491200

0 13.039200 -32.556702 0.589400 0.291500 -0.886300 -0.359700 0.291300 0.469700
0 12.955200 -32.342098 -0.007400 0.133800 -0.527200 -0.839100 0.283000 0.468800
0 17.325500 -30.631201 -0.007400 0.197700 -0.505000 -0.840200 0.283000 0.416000

0 17.325500 -30.631201 -0.007400 0.197700 -0.505000 -0.840200 0.283000 0.416000
0 17.409500 -30.845699 0.589400 0.340100 -0.868700 -0.360100 0.292200 0.416500
0 13.039200 -32.556702 0.589400 0.291500 -0.886300 -0.359700 0.291300 0.469700

0 16.945299 -29.233900 0.649300 0.959300 0.282400 -0.000000 0.301500 0.448700
0 17.096901 -29.748800 0.987300 0.959300 0.282400 -0.000100 0.307400 0.445300
0 17.236200 -30.222200 0.589400 0.959300 0.282400 -0.000100 0.313500 0.452100

0 17.236200 -30.222200 0.589400 0.959300 0.282400 -0.000100 0.313500 0.452100
0 16.992300 -29.393600 0.028100 0.959300 0.282400 -0.000000 0.301300 0.455600
0 16.945299 -29.233900 0.649300 0.959300 0.282400 -0.000000 0.301500 0.448700

0 16.992300 -29.393600 0.028100 0.959300 0.282400 -0.000000 0.301300 0.455600
0 17.236200 -30.222200 0.589400 0.959300 0.282400 -0.000100 0.313500 0.452100
0 17.171101 -30.001101 -0.007400 0.959300 0.282300 -0.000000 0.307400 0.459000

0 12.594500 -31.074100 0.987300 -0.055000 -0.076200 0.995600 0.266100 0.469200
0 12.443000 -30.559099 0.649300 -0.333400 0.869300 0.364900 0.271700 0.468800
0 10.689200 -31.368099 0.537800 -0.451400 0.814800 0.363900 0.274700 0.490200

0 10.689200 -31.368099 0.537800 -0.451400 0.814800 0.363900 0.274700 0.490200
0 10.756400 -31.596500 0.699000 -0.190300 -0.052600 0.980300 0.272000 0.490700
0 12.594500 -31.074100 0.987300 -0.055000 -0.076200 0.995600 0.266100 0.469200

0 12.668800 -31.326300 -0.007400 0.087600 -0.536800 -0.839200 0.283000 0.468800
0 12.490000 -30.718800 0.028100 -0.246000 0.583700 -0.773800 0.277300 0.468300
0 16.992300 -29.393600 0.028100 -0.178100 0.605100 -0.776000 0.277300 0.415500

0 16.945299 -29.233900 0.649300 -0.262900 0.893200 0.364900 0.271700 0.416000
0 16.992300 -29.393600 0.028100 -0.178100 0.605100 -0.776000 0.277300 0.415500
0 12.490000 -30.718800 0.028100 -0.246000 0.583700 -0.773800 0.277300 0.468300

0 12.490000 -30.718800 0.028100 -0.246000 0.583700 -0.773800 0.277300 0.468300
0 12.443000 -30.559099 0.649300 -0.333400 0.869300 0.364900 0.271700 0.468800
0 16.945299 -29.233900 0.649300 -0.262900 0.893200 0.364900 0.271700 0.416000

0 17.096901 -29.748800 0.987300 0.016500 -0.055900 0.998300 0.265900 0.416500
0 16.945299 -29.233900 0.649300 -0.262900 0.893200 0.364900 0.271700 0.416000
0 12.443000 -30.559099 0.649300 -0.333400 0.869300 0.364900 0.271700 0.468800

0 12.443000 -30.559099 0.649300 -0.333400 0.869300 0.364900 0.271700 0.468800
0 12.594500 -31.074100 0.987300 -0.055000 -0.076200 0.995600 0.266100 0.469200
0 17.096901 -29.748800 0.987300 0.016500 -0.055900 0.998300 0.265900 0.416500

0 17.236200 -30.222200 0.589400 0.177200 -0.602200 0.778500 0.260000 0.416500
0 17.096901 -29.748800 0.987300 0.016500 -0.055900 0.998300 0.265900 0.416500
0 12.594500 -31.074100 0.987300 -0.055000 -0.076200 0.995600 0.266100 0.469200

0 12.594500 -31.074100 0.987300 -0.055000 -0.076200 0.995600 0.266100 0.469200
0 12.733800 -31.547400 0.589400 0.119700 -0.613700 0.780500 0.260500 0.470200
0 17.236200 -30.222200 0.589400 0.177200 -0.602200 0.778500 0.260000 0.416500

0 12.733800 -31.547400 0.589400 0.119700 -0.613700 0.780500 0.260500 0.470200
0 12.594500 -31.074100 0.987300 -0.055000 -0.076200 0.995600 0.266100 0.469200
0 10.756400 -31.596500 0.699000 -0.190300 -0.052600 0.980300 0.272000 0.490700

0 10.756400 -31.596500 0.699000 -0.190300 -0.052600 0.980300 0.272000 0.490700
0 10.832200 -31.854000 0.524800 -0.002300 -0.560800 0.828000 0.269300 0.492200
0 12.733800 -31.547400 0.589400 0.119700 -0.613700 0.780500 0.260500 0.470200

0 10.832200 -31.854000 0.524800 -0.002300 -0.560800 0.828000 0.269300 0.492200
0 10.756400 -31.596500 0.699000 -0.190300 -0.052600 0.980300 0.272000 0.490700
0 9.906700 -31.831499 0.451800 -0.964300 -0.264800 0.004000 0.277300 0.500000

0 16.992300 -29.393600 0.028100 -0.178100 0.605100 -0.776000 0.277300 0.415500
0 17.171101 -30.001101 -0.007400 0.153100 -0.520200 -0.840200 0.283000 0.416000
0 12.668800 -31.326300 -0.007400 0.087600 -0.536800 -0.839200 0.283000 0.468800

0 10.706800 -31.427700 0.256200 -0.385900 0.560700 -0.732600 0.277300 0.489700
0 10.792300 -31.718300 0.226700 -0.069800 -0.524300 -0.848700 0.280000 0.490200
0 9.906700 -31.831499 0.451800 -0.964300 -0.264800 0.004000 0.277300 0.500000

0 10.792300 -31.718300 0.226700 -0.069800 -0.524300 -0.848700 0.280000 0.490200
0 10.832200 -31.854000 0.524800 0.081200 -0.906400 -0.414600 0.283900 0.491200
0 9.906700 -31.831499 0.451800 -0.964300 -0.264800 0.004000 0.277300 0.500000

0 10.756400 -31.596500 0.699000 -0.190300 -0.052600 0.980300 0.272000 0.490700
0 10.689200 -31.368099 0.537800 -0.451400 0.814800 0.363900 0.274700 0.490200
0 9.906700 -31.831499 0.451800 -0.964300 -0.264800 0.004000 0.277300 0.500000

0 10.689200 -31.368099 0.537800 -0.451400 0.814800 0.363900 0.274700 0.490200
0 10.706800 -31.427700 0.256200 -0.385900 0.560700 -0.732600 0.277300 0.489700
0 9.906700 -31.831499 0.451800 -0.964300 -0.264800 0.004000 0.277300 0.500000

0 10.706800 -31.427700 0.256200 -0.385900 0.560700 -0.732600 0.277300 0.489700
0 10.689200 -31.368099 0.537800 -0.451400 0.814800 0.363900 0.274700 0.490200
0 12.443000 -30.559099 0.649300 -0.333400 0.869300 0.364900 0.271700 0.468800

0 12.443000 -30.559099 0.649300 -0.333400 0.869300 0.364900 0.271700 0.468800
0 12.490000 -30.718800 0.028100 -0.246000 0.583700 -0.773800 0.277300 0.468300
0 10.706800 -31.427700 0.256200 -0.385900 0.560700 -0.732600 0.277300 0.489700

0 10.792300 -31.718300 0.226700 -0.069800 -0.524300 -0.848700 0.280000 0.490200
0 10.706800 -31.427700 0.256200 -0.385900 0.560700 -0.732600 0.277300 0.489700
0 12.490000 -30.718800 0.028100 -0.246000 0.583700 -0.773800 0.277300 0.468300

0 12.490000 -30.718800 0.028100 -0.246000 0.583700 -0.773800 0.277300 0.468300
0 12.668800 -31.326300 -0.007400 0.087600 -0.536800 -0.839200 0.283000 0.468800
0 10.792300 -31.718300 0.226700 -0.069800 -0.524300 -0.848700 0.280000 0.490200

0 10.832200 -31.854000 0.524800 0.081200 -0.906400 -0.414600 0.283900 0.491200
0 10.792300 -31.718300 0.226700 -0.069800 -0.524300 -0.848700 0.280000 0.490200
0 12.668800 -31.326300 -0.007400 0.087600 -0.536800 -0.839200 0.283000 0.468800

0 12.668800 -31.326300 -0.007400 0.087600 -0.536800 -0.839200 0.283000 0.468800
0 12.733800 -31.547400 0.589400 0.213500 -0.908300 -0.359800 0.291300 0.469700
0 10.832200 -31.854000 0.524800 0.081200 -0.906400 -0.414600 0.283900 0.491200

0 12.733800 -31.547400 0.589400 0.213500 -0.908300 -0.359800 0.291300 0.469700
0 12.668800 -31.326300 -0.007400 0.087600 -0.536800 -0.839200 0.283000 0.468800
0 17.171101 -30.001101 -0.007400 0.153100 -0.520200 -0.840200 0.283000 0.416000

0 17.171101 -30.001101 -0.007400 0.153100 -0.520200 -0.840200 0.283000 0.416000
0 17.236200 -30.222200 0.589400 0.263400 -0.894900 -0.360300 0.292200 0.416500
0 12.733800 -31.547400 0.589400 0.213500 -0.908300 -0.359800 0.291300 0.469700

0 15.881500 -23.588699 1.221600 0.976800 0.214300 0.000000 0.301500 0.448700
0 15.953900 -23.918800 0.684800 0.976800 0.214200 0.000000 0.307400 0.445300
0 15.868700 -23.530199 0.191400 0.976800 0.214300 0.000000 0.313500 0.452100

0 15.868700 -23.530199 0.191400 0.976800 0.214300 0.000000 0.313500 0.452100
0 15.748400 -22.982000 1.055100 0.976800 0.214300 0.000000 0.301300 0.455600
0 15.881500 -23.588699 1.221600 0.976800 0.214300 0.000000 0.301500 0.448700

0 15.748400 -22.982000 1.055100 0.976800 0.214300 0.000000 0.301300 0.455600
0 15.868700 -23.530199 0.191400 0.976800 0.214300 0.000000 0.313500 0.452100
0 15.740800 -22.947201 0.421800 0.976800 0.214300 0.000100 0.307400 0.459000

0 11.369500 -24.924299 0.684800 0.140800 -0.988400 -0.057500 0.266100 0.469200
0 11.297100 -24.594200 1.221600 0.005500 -0.372300 0.928100 0.271700 0.468800
0 9.406800 -24.894699 0.940700 -0.120300 -0.399100 0.909000 0.274700 0.490200

0 9.406800 -24.894699 0.940700 -0.120300 -0.399100 0.909000 0.274700 0.490200
0 9.441300 -25.052099 0.702600 0.017300 -0.999800 0.003200 0.272000 0.490700
0 11.369500 -24.924299 0.684800 0.140800 -0.988400 -0.057500 0.266100 0.469200

0 11.156400 -23.952700 0.421800 -0.245800 0.805200 -0.539600 0.283000 0.468800
0 11.164100 -23.987499 1.055100 -0.235300 0.740600 0.629400 0.277300 0.468300
0 15.748400 -22.982000 1.055100 -0.166200 0.758000 0.630800 0.277300 0.415500

0 15.881500 -23.588699 1.221600 0.078200 -0.356400 0.931000 0.271700 0.416000
0 15.748400 -22.982000 1.055100 -0.166200 0.758000 0.630800 0.277300 0.415500
0 11.164100 -23.987499 1.055100 -0.235300 0.740600 0.629400 0.277300 0.468300

0 11.164100 -23.987499 1.055100 -0.235300 0.740600 0.629400 0.277300 0.468300
0 11.297100 -24.594200 1.221600 0.005500 -0.372300 0.928100 0.271700 0.468800
0 15.881500 -23.588699 1.221600 0.078200 -0.356400 0.931000 0.271700 0.416000

0 15.953900 -23.918800 0.684800 0.213900 -0.975100 -0.058300 0.265900 0.416500
0 15.881500 -23.588699 1.221600 0.078200 -0.356400 0.931000 0.271700 0.416000
0 11.297100 -24.594200 1.221600 0.005500 -0.372300 0.928100 0.271700 0.468800

0 11.297100 -24.594200 1.221600 0.005500 -0.372300 0.928100 0.271700 0.468800
0 11.369500 -24.924299 0.684800 0.140800 -0.988400 -0.057500 0.266100 0.469200
0 15.953900 -23.918800 0.684800 0.213900 -0.975100 -0.058300 0.265900 0.416500

0 15.868700 -23.530199 0.191400 0.166800 -0.760400 -0.627700 0.260000 0.416500
0 15.953900 -23.918800 0.684800 0.213900 -0.975100 -0.058300 0.265900 0.416500
0 11.369500 -24.924299 0.684800 0.140800 -0.988400 -0.057500 0.266100 0.469200

0 11.369500 -24.924299 0.684800 0.140800 -0.988400 -0.057500 0.266100 0.469200
0 11.284300 -24.535700 0.191400 0.110100 -0.774900 -0.622400 0.260500 0.470200
0 15.868700 -23.530199 0.191400 0.166800 -0.760400 -0.627700 0.260000 0.416500

0 11.284300 -24.535700 0.191400 0.110100 -0.774900 -0.622400 0.260500 0.470200
0 11.369500 -24.924299 0.684800 0.140800 -0.988400 -0.057500 0.266100 0.469200
0 9.441300 -25.052099 0.702600 0.017300 -0.999800 0.003200 0.272000 0.490700

0 9.441300 -25.052099 0.702600 0.017300 -0.999800 0.003200 0.272000 0.490700
0 9.404000 -24.882000 0.434200 0.020600 -0.843200 -0.537200 0.269300 0.492200
0 11.284300 -24.535700 0.191400 0.110100 -0.774900 -0.622400 0.260500 0.470200

0 9.404000 -24.882000 0.434200 0.020600 -0.843200 -0.537200 0.269300 0.492200
0 9.441300 -25.052099 0.702600 0.017300 -0.999800 0.003200 0.272000 0.490700
0 8.527300 -24.999599 0.717100 -0.975700 -0.218200 0.018200 0.277300 0.500000

0 15.748400 -22.982000 1.055100 -0.166200 0.758000 0.630800 0.277300 0.415500
0 15.740800 -22.947201 0.421800 -0.180000 0.820700 -0.542300 0.283000 0.416000
0 11.156400 -23.952700 0.421800 -0.245800 0.805200 -0.539600 0.283000 0.468800

0 9.346500 -24.619699 0.878600 -0.363900 0.670000 0.647000 0.277300 0.489700
0 9.340100 -24.590799 0.575600 -0.391900 0.782900 -0.483200 0.280000 0.490200
0 8.527300 -24.999599 0.717100 -0.975700 -0.218200 0.018200 0.277300 0.500000

0 9.340100 -24.590799 0.575600 -0.391900 0.782900 -0.483200 0.280000 0.490200
0 9.404000 -24.882000 0.434200 -0.262700 0.366600 -0.892500 0.283900 0.491200
0 8.527300 -24.999599 0.717100 -0.975700 -0.218200 0.018200 0.277300 0.500000

0 9.441300 -25.052099 0.702600 0.017300 -0.999800 0.003200 0.272000 0.490700
0 9.406800 -24.894699 0.940700 -0.120300 -0.399100 0.909000 0.274700 0.490200
0 8.527300 -24.999599 0.717100 -0.975700 -0.218200 0.018200 0.277300 0.500000

0 9.406800 -24.894699 0.940700 -0.120300 -0.399100 0.909000 0.274700 0.490200
0 9.346500 -24.619699 0.878600 -0.363900 0.670000 0.647000 0.277300 0.489700
0 8.527300 -24.999599 0.717100 -0.975700 -0.218200 0.018200 0.277300 0.500000

0 9.346500 -24.619699 0.878600 -0.363900 0.670000 0.647000 0.277300 0.489700
0 9.406800 -24.894699 0.940700 -0.120300 -0.399100 0.909000 0.274700 0.490200
0 11.297100 -24.594200 1.221600 0.005500 -0.372300 0.928100 0.271700 0.468800

0 11.297100 -24.594200 1.221600 0.005500 -0.372300 0.928100 0.271700 0.468800
0 11.164100 -23.987499 1.055100 -0.235300 0.740600 0.629400 0.277300 0.468300
0 9.346500 -24.619699 0.878600 -0.363900 0.670000 0.647000 0.277300 0.489700

0 9.340100 -24.590799 0.575600 -0.391900 0.782900 -0.483200 0.280000 0.490200
0 9.346500 -24.619699 0.878600 -0.363900 0.670000 0.647000 0.277300 0.489700
0 11.164100 -23.987499 1.055100 -0.235300 0.740600 0.629400 0.277300 0.468300

0 11.164100 -23.987499 1.055100 -0.235300 0.740600 0.629400 0.277300 0.468300
0 11.156400 -23.952700 0.421800 -0.245800 0.805200 -0.539600 0.283000 0.468800
0 9.340100 -24.590799 0.575600 -0.391900 0.782900 -0.483200 0.280000 0.490200

0 9.404000 -24.882000 0.434200 -0.262700 0.366600 -0.892500 0.283900 0.491200
0 9.340100 -24.590799 0.575600 -0.391900 0.782900 -0.483200 0.280000 0.490200
0 11.156400 -23.952700 0.421800 -0.245800 0.805200 -0.539600 0.283000 0.468800

0 11.156400 -23.952700 0.421800 -0.245800 0.805200 -0.539600 0.283000 0.468800
0 11.284300 -24.535700 0.191400 -0.127500 0.340200 -0.931700 0.291300 0.469700
0 9.404000 -24.882000 0.434200 -0.262700 0.366600 -0.892500 0.283900 0.491200

0 11.284300 -24.535700 0.191400 -0.127500 0.340200 -0.931700 0.291300 0.469700
0 11.156400 -23.952700 0.421800 -0.245800 0.805200 -0.539600 0.283000 0.468800
0 15.740800 -22.947201 0.421800 -0.180000 0.820700 -0.542300 0.283000 0.416000

0 15.740800 -22.947201 0.421800 -0.180000 0.820700 -0.542300 0.283000 0.416000
0 15.868700 -23.530199 0.191400 -0.077200 0.351800 -0.932900 0.292200 0.416500
0 11.284300 -24.535700 0.191400 -0.127500 0.340200 -0.931700 0.291300 0.469700

0 15.824500 -22.953199 1.810900 0.986700 0.162400 0.000000 0.301500 0.448700
0 15.879400 -23.286699 1.274100 0.986700 0.162400 0.000000 0.307400 0.445300
0 15.814800 -22.894199 0.780700 0.986700 0.162500 -0.000000 0.313500 0.452100

0 15.814800 -22.894199 0.780700 0.986700 0.162500 -0.000000 0.313500 0.452100
0 15.723600 -22.340300 1.644400 0.986700 0.162500 -0.000000 0.301300 0.455600
0 15.824500 -22.953199 1.810900 0.986700 0.162400 0.000000 0.301500 0.448700

0 15.723600 -22.340300 1.644400 0.986700 0.162500 -0.000000 0.301300 0.455600
0 15.814800 -22.894199 0.780700 0.986700 0.162500 -0.000000 0.313500 0.452100
0 15.717800 -22.305300 1.011100 0.986700 0.162500 -0.000100 0.307400 0.459000

0 11.248500 -24.049500 1.274100 0.088600 -0.994400 -0.057500 0.266100 0.469200
0 11.193600 -23.716000 1.810900 -0.014100 -0.372100 0.928100 0.271700 0.468800
0 9.290000 -23.916500 1.530100 -0.141200 -0.391800 0.909100 0.274700 0.490200

0 9.290000 -23.916500 1.530100 -0.141200 -0.391800 0.909100 0.274700 0.490200
0 9.316200 -24.075600 1.292000 -0.035400 -0.999400 0.003400 0.272000 0.490700
0 11.248500 -24.049500 1.274100 0.088600 -0.994400 -0.057500 0.266100 0.469200

0 11.086800 -23.068001 1.011100 -0.203000 0.817000 -0.539700 0.283000 0.468800
0 11.092600 -23.103100 1.644400 -0.196000 0.752000 0.629400 0.277300 0.468300
0 15.723600 -22.340300 1.644400 -0.126100 0.765700 0.630700 0.277300 0.415500

0 15.824500 -22.953199 1.810900 0.059300 -0.360000 0.931100 0.271700 0.416000
0 15.723600 -22.340300 1.644400 -0.126100 0.765700 0.630700 0.277300 0.415500
0 11.092600 -23.103100 1.644400 -0.196000 0.752000 0.629400 0.277300 0.468300

0 11.092600 -23.103100 1.644400 -0.196000 0.752000 0.629400 0.277300 0.468300
0 11.193600 -23.716000 1.810900 -0.014100 -0.372100 0.928100 0.271700 0.468800
0 15.824500 -22.953199 1.810900 0.059300 -0.360000 0.931100 0.271700 0.416000

0 15.879400 -23.286699 1.274100 0.162300 -0.985000 -0.058300 0.265900 0.416500
0 15.824500 -22.953199 1.810900 0.059300 -0.360000 0.931100 0.271700 0.416000
0 11.193600 -23.716000 1.810900 -0.014100 -0.372100 0.928100 0.271700 0.468800

0 11.193600 -23.716000 1.810900 -0.014100 -0.372100 0.928100 0.271700 0.468800
0 11.248500 -24.049500 1.274100 0.088600 -0.994400 -0.057500 0.266100 0.469200
0 15.879400 -23.286699 1.274100 0.162300 -0.985000 -0.058300 0.265900 0.416500

0 15.814800 -22.894199 0.780700 0.126500 -0.768200 -0.627600 0.260000 0.416500
0 15.879400 -23.286699 1.274100 0.162300 -0.985000 -0.058300 0.265900 0.416500
0 11.248500 -24.049500 1.274100 0.088600 -0.994400 -0.057500 0.266100 0.469200

0 11.248500 -24.049500 1.274100 0.088600 -0.994400 -0.057500 0.266100 0.469200
0 11.183800 -23.657000 0.780700 0.069200 -0.779700 -0.622300 0.260500 0.470200
0 15.814800 -22.894199 0.780700 0.126500 -0.768200 -0.627600 0.260000 0.416500

0 11.183800 -23.657000 0.780700 0.069200 -0.779700 -0.622300 0.260500 0.470200
0 11.248500 -24.049500 1.274100 0.088600 -0.994400 -0.057500 0.266100 0.469200
0 9.316200 -24.075600 1.292000 -0.035400 -0.999400 0.003400 0.272000 0.490700

0 9.316200 -24.075600 1.292000 -0.035400 -0.999400 0.003400 0.272000 0.490700
0 9.287900 -23.903799 1.023500 -0.023800 -0.843200 -0.537000 0.269300 0.492200
0 11.183800 -23.657000 0.780700 0.069200 -0.779700 -0.622300 0.260500 0.470200

0 9.287900 -23.903799 1.023500 -0.023800 -0.843200 -0.537000 0.269300 0.492200
0 9.316200 -24.075600 1.292000 -0.035400 -0.999400 0.003400 0.272000 0.490700
0 8.406300 -23.975000 1.306400 -0.985900 -0.166500 0.018200 0.277300 0.500000

0 15.723600 -22.340300 1.644400 -0.126100 0.765700 0.630700 0.277300 0.415500
0 15.717800 -22.305300 1.011100 -0.136500 0.829000 -0.542300 0.283000 0.416000
0 11.086800 -23.068001 1.011100 -0.203000 0.817000 -0.539700 0.283000 0.468800

0 9.244300 -23.638800 1.467900 -0.328100 0.688400 0.646900 0.277300 0.489700
0 9.239500 -23.609600 1.165000 -0.350200 0.802500 -0.483100 0.280000 0.490200
0 8.406300 -23.975000 1.306400 -0.985900 -0.166500 0.018200 0.277300 0.500000

0 9.239500 -23.609600 1.165000 -0.350200 0.802500 -0.483100 0.280000 0.490200
0 9.287900 -23.903799 1.023500 -0.243100 0.380200 -0.892400 0.283900 0.491200
0 8.406300 -23.975000 1.306400 -0.985900 -0.166500 0.018200 0.277300 0.500000

0 9.316200 -24.075600 1.292000 -0.035400 -0.999400 0.003400 0.272000 0.490700
0 9.290000 -23.916500 1.530100 -0.141200 -0.391800 0.909100 0.274700 0.490200
0 8.406300 -23.975000 1.306400 -0.985900 -0.166500 0.018200 0.277300 0.500000

0 9.290000 -23.916500 1.530100 -0.141200 -0.391800 0.909100 0.274700 0.490200
0 9.244300 -23.638800 1.467900 -0.328100 0.688400 0.646900 0.277300 0.489700
0 8.406300 -23.975000 1.306400 -0.985900 -0.166500 0.018200 0.277300 0.500000

0 9.244300 -23.638800 1.467900 -0.328100 0.688400 0.646900 0.277300 0.489700
0 9.290000 -23.916500 1.530100 -0.141200 -0.391800 0.909100 0.274700 0.490200
0 11.193600 -23.716000 1.810900 -0.014100 -0.372100 0.928100 0.271700 0.468800

0 11.193600 -23.716000 1.810900 -0.014100 -0.372100 0.928100 0.271700 0.468800
0 11.092600 -23.103100 1.644400 -0.196000 0.752000 0.629400 0.277300 0.468300
0 9.244300 -23.638800 1.467900 -0.328100 0.688400 0.646900 0.277300 0.489700

0 9.239500 -23.609600 1.165000 -0.350200 0.802500 -0.483100 0.280000 0.490200
0 9.244300 -23.638800 1.467900 -0.328100 0.688400 0.646900 0.277300 0.489700
0 11.092600 -23.103100 1.644400 -0.196000 0.752000 0.629400 0.277300 0.468300

0 11.092600 -23.103100 1.644400 -0.196000 0.752000 0.629400 0.277300 0.468300
0 11.086800 -23.068001 1.011100 -0.203000 0.817000 -0.539700 0.283000 0.468800
0 9.239500 -23.609600 1.165000 -0.350200 0.802500 -0.483100 0.280000 0.490200

0 9.287900 -23.903799 1.023500 -0.243100 0.380200 -0.892400 0.283900 0.491200
0 9.239500 -23.609600 1.165000 -0.350200 0.802500 -0.483100 0.280000 0.490200
0 11.086800 -23.068001 1.011100 -0.203000 0.817000 -0.539700 0.283000 0.468800

0 11.086800 -23.068001 1.011100 -0.203000 0.817000 -0.539700 0.283000 0.468800
0 11.183800 -23.657000 0.780700 -0.109400 0.346400 -0.931700 0.291300 0.469700
0 9.287900 -23.903799 1.023500 -0.243100 0.380200 -0.892400 0.283900 0.491200

0 11.183800 -23.657000 0.780700 -0.109400 0.346400 -0.931700 0.291300 0.469700
0 11.086800 -23.068001 1.011100 -0.203000 0.817000 -0.539700 0.283000 0.468800
0 15.717800 -22.305300 1.011100 -0.136500 0.829000 -0.542300 0.283000 0.416000

0 15.717800 -22.305300 1.011100 -0.136500 0.829000 -0.542300 0.283000 0.416000
0 15.814800 -22.894199 0.780700 -0.058500 0.355300 -0.932900 0.292200 0.416500
0 11.183800 -23.657000 0.780700 -0.109400 0.346400 -0.931700 0.291300 0.469700

0 15.695400 -22.508900 2.641300 0.990900 0.134400 0.000000 0.301500 0.448700
0 15.740900 -22.843800 2.104500 0.990900 0.134500 0.000000 0.307400 0.445300
0 15.687400 -22.449600 1.611100 0.990900 0.134400 0.000000 0.313500 0.452100

0 15.687400 -22.449600 1.611100 0.990900 0.134400 0.000000 0.313500 0.452100
0 15.612000 -21.893400 2.474800 0.990900 0.134300 0.000000 0.301300 0.455600
0 15.695400 -22.508900 2.641300 0.990900 0.134400 0.000000 0.301500 0.448700

0 15.612000 -21.893400 2.474800 0.990900 0.134300 0.000000 0.301300 0.455600
0 15.687400 -22.449600 1.611100 0.990900 0.134400 0.000000 0.313500 0.452100
0 15.607200 -21.858101 1.841500 0.990900 0.134400 -0.000000 0.307400 0.459000

0 11.090200 -23.474701 2.104500 0.060300 -0.996500 -0.057500 0.266100 0.469200
0 11.044700 -23.139799 2.641300 -0.024700 -0.371500 0.928100 0.271700 0.468800
0 9.136300 -23.286200 2.360400 -0.152300 -0.387900 0.909100 0.274700 0.490200

0 9.136300 -23.286200 2.360400 -0.152300 -0.387900 0.909100 0.274700 0.490200
0 9.157900 -23.445900 2.122300 -0.063800 -0.998000 0.003200 0.272000 0.490700
0 11.090200 -23.474701 2.104500 0.060300 -0.996500 -0.057500 0.266100 0.469200

0 10.956400 -22.489100 1.841500 -0.179700 0.822400 -0.539700 0.283000 0.468800
0 10.961200 -22.524300 2.474800 -0.174500 0.757300 0.629400 0.277300 0.468300
0 15.612000 -21.893400 2.474800 -0.104300 0.768900 0.630700 0.277300 0.415500

0 15.695400 -22.508900 2.641300 0.049000 -0.361500 0.931100 0.271700 0.416000
0 15.612000 -21.893400 2.474800 -0.104300 0.768900 0.630700 0.277300 0.415500
0 10.961200 -22.524300 2.474800 -0.174500 0.757300 0.629400 0.277300 0.468300

0 10.961200 -22.524300 2.474800 -0.174500 0.757300 0.629400 0.277300 0.468300
0 11.044700 -23.139799 2.641300 -0.024700 -0.371500 0.928100 0.271700 0.468800
0 15.695400 -22.508900 2.641300 0.049000 -0.361500 0.931100 0.271700 0.416000

0 15.740900 -22.843800 2.104500 0.134200 -0.989200 -0.058300 0.265900 0.416500
0 15.695400 -22.508900 2.641300 0.049000 -0.361500 0.931100 0.271700 0.416000
0 11.044700 -23.139799 2.641300 -0.024700 -0.371500 0.928100 0.271700 0.468800

0 11.044700 -23.139799 2.641300 -0.024700 -0.371500 0.928100 0.271700 0.468800
0 11.090200 -23.474701 2.104500 0.060300 -0.996500 -0.057500 0.266100 0.469200
0 15.740900 -22.843800 2.104500 0.134200 -0.989200 -0.058300 0.265900 0.416500

0 15.687400 -22.449600 1.611100 0.104600 -0.771400 -0.627700 0.260000 0.416500
0 15.740900 -22.843800 2.104500 0.134200 -0.989200 -0.058300 0.265900 0.416500
0 11.090200 -23.474701 2.104500 0.060300 -0.996500 -0.057500 0.266100 0.469200

0 11.090200 -23.474701 2.104500 0.060300 -0.996500 -0.057500 0.266100 0.469200
0 11.036700 -23.080500 1.611100 0.047000 -0.781300 -0.622400 0.260500 0.470200
0 15.687400 -22.449600 1.611100 0.104600 -0.771400 -0.627700 0.260000 0.416500

0 11.036700 -23.080500 1.611100 0.047000 -0.781300 -0.622400 0.260500 0.470200
0 11.090200 -23.474701 2.104500 0.060300 -0.996500 -0.057500 0.266100 0.469200
0 9.157900 -23.445900 2.122300 -0.063800 -0.998000 0.003200 0.272000 0.490700

0 9.157900 -23.445900 2.122300 -0.063800 -0.998000 0.003200 0.272000 0.490700
0 9.134500 -23.273300 1.853900 -0.047700 -0.842000 -0.537300 0.269300 0.492200
0 11.036700 -23.080500 1.611100 0.047000 -0.781300 -0.622400 0.260500 0.470200

0 9.134500 -23.273300 1.853900 -0.047700 -0.842000 -0.537300 0.269300 0.492200
0 9.157900 -23.445900 2.122300 -0.063800 -0.998000 0.003200 0.272000 0.490700
0 8.251200 -23.319500 2.136700 -0.990200 -0.138400 0.018100 0.277300 0.500000

0 15.612000 -21.893400 2.474800 -0.104300 0.768900 0.630700 0.277300 0.415500
0 15.607200 -21.858101 1.841500 -0.113000 0.832600 -0.542200 0.283000 0.416000
0 10.956400 -22.489100 1.841500 -0.179700 0.822400 -0.539700 0.283000 0.468800

0 9.098400 -23.007200 2.298200 -0.308500 0.697400 0.646900 0.277300 0.489700
0 9.094400 -22.977900 1.995300 -0.327200 0.812100 -0.483200 0.280000 0.490200
0 8.251200 -23.319500 2.136700 -0.990200 -0.138400 0.018100 0.277300 0.500000

0 9.094400 -22.977900 1.995300 -0.327200 0.812100 -0.483200 0.280000 0.490200
0 9.134500 -23.273300 1.853900 -0.232100 0.386700 -0.892500 0.283900 0.491200
0 8.251200 -23.319500 2.136700 -0.990200 -0.138400 0.018100 0.277300 0.500000

0 9.157900 -23.445900 2.122300 -0.063800 -0.998000 0.003200 0.272000 0.490700
0 9.136300 -23.286200 2.360400 -0.152300 -0.387900 0.909100 0.274700 0.490200
0 8.251200 -23.319500 2.136700 -0.990200 -0.138400 0.018100 0.277300 0.500000

0 9.136300 -23.286200 2.360400 -0.152300 -0.387900 0.909100 0.274700 0.490200
0 9.098400 -23.007200 2.298200 -0.308500 0.697400 0.646900 0.277300 0.489700
0 8.251200 -23.319500 2.136700 -0.990200 -0.138400 0.018100 0.277300 0.500000

0 9.098400 -23.007200 2.298200 -0.308500 0.697400 0.646900 0.277300 0.489700
0 9.136300 -23.286200 2.360400 -0.152300 -0.387900 0.909100 0.274700 0.490200
0 11.044700 -23.139799 2.641300 -0.024700 -0.371500 0.928100 0.271700 0.468800

0 11.044700 -23.139799 2.641300 -0.024700 -0.371500 0.928100 0.271700 0.468800
0 10.961200 -22.524300 2.474800 -0.174500 0.757300 0.629400 0.277300 0.468300
0 9.098400 -23.007200 2.298200 -0.308500 0.697400 0.646900 0.277300 0.489700

0 9.094400 -22.977900 1.995300 -0.327200 0.812100 -0.483200 0.280000 0.490200
0 9.098400 -23.007200 2.298200 -0.308500 0.697400 0.646900 0.277300 0.489700
0 10.961200 -22.524300 2.474800 -0.174500 0.757300 0.629400 0.277300 0.468300

0 10.961200 -22.524300 2.474800 -0.174500 0.757300 0.629400 0.277300 0.468300
0 10.956400 -22.489100 1.841500 -0.179700 0.822400 -0.539700 0.283000 0.468800
0 9.094400 -22.977900 1.995300 -0.327200 0.812100 -0.483200 0.280000 0.490200

0 9.134500 -23.273300 1.853900 -0.232100 0.386700 -0.892500 0.283900 0.491200
0 9.094400 -22.977900 1.995300 -0.327200 0.812100 -0.483200 0.280000 0.490200
0 10.956400 -22.489100 1.841500 -0.179700 0.822400 -0.539700 0.283000 0.468800

0 10.956400 -22.489100 1.841500 -0.179700 0.822400 -0.539700 0.283000 0.468800
0 11.036700 -23.080500 1.611100 -0.099500 0.349400 -0.931700 0.291300 0.469700
0 9.134500 -23.273300 1.853900 -0.232100 0.386700 -0.892500 0.283900 0.491200

0 11.036700 -23.080500 1.611100 -0.099500 0.349400 -0.931700 0.291300 0.469700
0 10.956400 -22.489100 1.841500 -0.179700 0.822400 -0.539700 0.283000 0.468800
0 15.607200 -21.858101 1.841500 -0.113000 0.832600 -0.542200 0.283000 0.416000

0 15.607200 -21.858101 1.841500 -0.113000 0.832600 -0.542200 0.283000 0.416000
0 15.687400 -22.449600 1.611100 -0.048400 0.356800 -0.932900 0.292200 0.416500
0 11.036700 -23.080500 1.611100 -0.099500 0.349400 -0.931700 0.291300 0.469700

0 15.706500 -22.906401 3.747800 1.000000 0.000000 0.000000 0.301500 0.448700
0 15.706500 -23.244400 3.211000 1.000000 0.000000 0.000000 0.307400 0.445300
0 15.706500 -22.846600 2.717600 1.000000 0.000000 0.000000 0.313500 0.452100

0 15.706500 -22.846600 2.717600 1.000000 0.000000 0.000000 0.313500 0.452100
0 15.706500 -22.285299 3.581300 1.000000 0.000000 0.000000 0.301300 0.455600
0 15.706500 -22.906401 3.747800 1.000000 0.000000 0.000000 0.301500 0.448700

0 15.706500 -22.285299 3.581300 1.000000 0.000000 0.000000 0.301300 0.455600
0 15.706500 -22.846600 2.717600 1.000000 0.000000 0.000000 0.313500 0.452100
0 15.706500 -22.249701 2.948000 1.000000 0.000000 0.000000 0.307400 0.459000

0 11.013200 -23.244400 3.211000 -0.074200 -0.995600 -0.057500 0.266100 0.469200
0 11.013200 -22.906401 3.747800 -0.074400 -0.364800 0.928100 0.271700 0.468800
0 9.102400 -22.794901 3.466900 -0.203000 -0.363800 0.909100 0.274700 0.490200

0 9.102400 -22.794901 3.466900 -0.203000 -0.363800 0.909100 0.274700 0.490200
0 9.102400 -22.956100 3.228800 -0.197300 -0.980300 0.003300 0.272000 0.490700
0 11.013200 -23.244400 3.211000 -0.074200 -0.995600 -0.057500 0.266100 0.469200

0 11.013200 -22.249701 2.948000 -0.067600 0.839200 -0.539700 0.283000 0.468800
0 11.013200 -22.285299 3.581300 -0.071200 0.773800 0.629400 0.277300 0.468300
0 15.706500 -22.285299 3.581300 0.000000 0.776000 0.630700 0.277300 0.415500

0 15.706500 -22.906401 3.747800 0.000000 -0.364800 0.931100 0.271700 0.416000
0 15.706500 -22.285299 3.581300 0.000000 0.776000 0.630700 0.277300 0.415500
0 11.013200 -22.285299 3.581300 -0.071200 0.773800 0.629400 0.277300 0.468300

0 11.013200 -22.285299 3.581300 -0.071200 0.773800 0.629400 0.277300 0.468300
0 11.013200 -22.906401 3.747800 -0.074400 -0.364800 0.928100 0.271700 0.468800
0 15.706500 -22.906401 3.747800 0.000000 -0.364800 0.931100 0.271700 0.416000

0 15.706500 -23.244400 3.211000 0.000000 -0.998300 -0.058300 0.265900 0.416500
0 15.706500 -22.906401 3.747800 0.000000 -0.364800 0.931100 0.271700 0.416000
0 11.013200 -22.906401 3.747800 -0.074400 -0.364800 0.928100 0.271700 0.468800

0 11.013200 -22.906401 3.747800 -0.074400 -0.364800 0.928100 0.271700 0.468800
0 11.013200 -23.244400 3.211000 -0.074200 -0.995600 -0.057500 0.266100 0.469200
0 15.706500 -23.244400 3.211000 0.000000 -0.998300 -0.058300 0.265900 0.416500

0 15.706500 -22.846600 2.717600 0.000000 -0.778500 -0.627700 0.260000 0.416500
0 15.706500 -23.244400 3.211000 0.000000 -0.998300 -0.058300 0.265900 0.416500
0 11.013200 -23.244400 3.211000 -0.074200 -0.995600 -0.057500 0.266100 0.469200

0 11.013200 -23.244400 3.211000 -0.074200 -0.995600 -0.057500 0.266100 0.469200
0 11.013200 -22.846600 2.717600 -0.058500 -0.780500 -0.622400 0.260500 0.470200
0 15.706500 -22.846600 2.717600 0.000000 -0.778500 -0.627700 0.260000 0.416500

0 11.013200 -22.846600 2.717600 -0.058500 -0.780500 -0.622400 0.260500 0.470200
0 11.013200 -23.244400 3.211000 -0.074200 -0.995600 -0.057500 0.266100 0.469200
0 9.102400 -22.956100 3.228800 -0.197300 -0.980300 0.003300 0.272000 0.490700

0 9.102400 -22.956100 3.228800 -0.197300 -0.980300 0.003300 0.272000 0.490700
0 9.102400 -22.782000 2.960400 -0.160500 -0.828100 -0.537100 0.269300 0.492200
0 11.013200 -22.846600 2.717600 -0.058500 -0.780500 -0.622400 0.260500 0.470200

0 9.102400 -22.782000 2.960400 -0.160500 -0.828100 -0.537100 0.269300 0.492200
0 9.102400 -22.956100 3.228800 -0.197300 -0.980300 0.003300 0.272000 0.490700
0 8.220900 -22.709000 3.243300 -0.999800 -0.004100 0.018200 0.277300 0.500000

0 15.706500 -22.285299 3.581300 0.000000 0.776000 0.630700 0.277300 0.415500
0 15.706500 -22.249701 2.948000 0.000000 0.840200 -0.542300 0.283000 0.416000
0 11.013200 -22.249701 2.948000 -0.067600 0.839200 -0.539700 0.283000 0.468800

0 9.102400 -22.513399 3.404700 -0.211900 0.732600 0.646800 0.277300 0.489700
0 9.102400 -22.483900 3.101800 -0.215100 0.848600 -0.483300 0.280000 0.490200
0 8.220900 -22.709000 3.243300 -0.999800 -0.004100 0.018200 0.277300 0.500000

0 9.102400 -22.483900 3.101800 -0.215100 0.848600 -0.483300 0.280000 0.490200
0 9.102400 -22.782000 2.960400 -0.178000 0.414400 -0.892500 0.283900 0.491200
0 8.220900 -22.709000 3.243300 -0.999800 -0.004100 0.018200 0.277300 0.500000

0 9.102400 -22.956100 3.228800 -0.197300 -0.980300 0.003300 0.272000 0.490700
0 9.102400 -22.794901 3.466900 -0.203000 -0.363800 0.909100 0.274700 0.490200
0 8.220900 -22.709000 3.243300 -0.999800 -0.004100 0.018200 0.277300 0.500000

0 9.102400 -22.794901 3.466900 -0.203000 -0.363800 0.909100 0.274700 0.490200
0 9.102400 -22.513399 3.404700 -0.211900 0.732600 0.646800 0.277300 0.489700
0 8.220900 -22.709000 3.243300 -0.999800 -0.004100 0.018200 0.277300 0.500000

0 9.102400 -22.513399 3.404700 -0.211900 0.732600 0.646800 0.277300 0.489700
0 9.102400 -22.794901 3.466900 -0.203000 -0.363800 0.909100 0.274700 0.490200
0 11.013200 -22.906401 3.747800 -0.074400 -0.364800 0.928100 0.271700 0.468800

0 11.013200 -22.906401 3.747800 -0.074400 -0.364800 0.928100 0.271700 0.468800
0 11.013200 -22.285299 3.581300 -0.071200 0.773800 0.629400 0.277300 0.468300
0 9.102400 -22.513399 3.404700 -0.211900 0.732600 0.646800 0.277300 0.489700

0 9.102400 -22.483900 3.101800 -0.215100 0.848600 -0.483300 0.280000 0.490200
0 9.102400 -22.513399 3.404700 -0.211900 0.732600 0.646800 0.277300 0.489700
0 11.013200 -22.285299 3.581300 -0.071200 0.773800 0.629400 0.277300 0.468300

0 11.013200 -22.285299 3.581300 -0.071200 0.773800 0.629400 0.277300 0.468300
0 11.013200 -22.249701 2.948000 -0.067600 0.839200 -0.539700 0.283000 0.468800
0 9.102400 -22.483900 3.101800 -0.215100 0.848600 -0.483300 0.280000 0.490200

0 9.102400 -22.782000 2.960400 -0.178000 0.414400 -0.892500 0.283900 0.491200
0 9.102400 -22.483900 3.101800 -0.215100 0.848600 -0.483300 0.280000 0.490200
0 11.013200 -22.249701 2.948000 -0.067600 0.839200 -0.539700 0.283000 0.468800

0 11.013200 -22.249701 2.948000 -0.067600 0.839200 -0.539700 0.283000 0.468800
0 11.013200 -22.846600 2.717600 -0.051600 0.359600 -0.931700 0.291300 0.469700
0 9.102400 -22.782000 2.960400 -0.178000 0.414400 -0.892500 0.283900 0.491200

0 11.013200 -22.846600 2.717600 -0.051600 0.359600 -0.931700 0.291300 0.469700
0 11.013200 -22.249701 2.948000 -0.067600 0.839200 -0.539700 0.283000 0.468800
0 15.706500 -22.249701 2.948000 0.000000 0.840200 -0.542300 0.283000 0.416000

0 15.706500 -22.249701 2.948000 0.000000 0.840200 -0.542300 0.283000 0.416000
0 15.706500 -22.846600 2.717600 0.000000 0.360100 -0.932900 0.292200 0.416500
0 11.013200 -22.846600 2.717600 -0.051600 0.359600 -0.931700 0.291300 0.469700

0 15.706500 -22.093700 4.287400 1.000000 0.000000 0.000000 0.301500 0.448700
0 15.706500 -22.431700 3.750600 1.000000 0.000000 0.000000 0.307400 0.445300
0 15.706500 -22.033800 3.257200 1.000000 0.000000 0.000000 0.313500 0.452100

0 15.706500 -22.033800 3.257200 1.000000 0.000000 0.000000 0.313500 0.452100
0 15.706500 -21.472500 4.121000 1.000000 0.000000 0.000000 0.301300 0.455600
0 15.706500 -22.093700 4.287400 1.000000 0.000000 0.000000 0.301500 0.448700

0 15.706500 -21.472500 4.121000 1.000000 0.000000 0.000000 0.301300 0.455600
0 15.706500 -22.033800 3.257200 1.000000 0.000000 0.000000 0.313500 0.452100
0 15.706500 -21.437000 3.487600 1.000000 0.000000 0.000000 0.307400 0.459000

0 11.013200 -22.431700 3.750600 -0.074200 -0.995600 -0.057600 0.266100 0.469200
0 11.013200 -22.093700 4.287400 -0.074400 -0.364900 0.928100 0.271700 0.468800
0 9.102400 -21.982201 4.006600 -0.203000 -0.363800 0.909100 0.274700 0.490200

0 9.102400 -21.982201 4.006600 -0.203000 -0.363800 0.909100 0.274700 0.490200
0 9.102400 -22.143400 3.768500 -0.197400 -0.980300 0.003300 0.272000 0.490700
0 11.013200 -22.431700 3.750600 -0.074200 -0.995600 -0.057600 0.266100 0.469200

0 11.013200 -21.437000 3.487600 -0.067500 0.839100 -0.539700 0.283000 0.468800
0 11.013200 -21.472500 4.121000 -0.071200 0.773800 0.629400 0.277300 0.468300
0 15.706500 -21.472500 4.121000 0.000000 0.776000 0.630800 0.277300 0.415500

0 15.706500 -22.093700 4.287400 0.000000 -0.364900 0.931000 0.271700 0.416000
0 15.706500 -21.472500 4.121000 0.000000 0.776000 0.630800 0.277300 0.415500
0 11.013200 -21.472500 4.121000 -0.071200 0.773800 0.629400 0.277300 0.468300

0 11.013200 -21.472500 4.121000 -0.071200 0.773800 0.629400 0.277300 0.468300
0 11.013200 -22.093700 4.287400 -0.074400 -0.364900 0.928100 0.271700 0.468800
0 15.706500 -22.093700 4.287400 0.000000 -0.364900 0.931000 0.271700 0.416000

0 15.706500 -22.431700 3.750600 0.000000 -0.998300 -0.058300 0.265900 0.416500
0 15.706500 -22.093700 4.287400 0.000000 -0.364900 0.931000 0.271700 0.416000
0 11.013200 -22.093700 4.287400 -0.074400 -0.364900 0.928100 0.271700 0.468800

0 11.013200 -22.093700 4.287400 -0.074400 -0.364900 0.928100 0.271700 0.468800
0 11.013200 -22.431700 3.750600 -0.074200 -0.995600 -0.057600 0.266100 0.469200
0 15.706500 -22.431700 3.750600 0.000000 -0.998300 -0.058300 0.265900 0.416500

0 15.706500 -22.033800 3.257200 0.000000 -0.778400 -0.627700 0.260000 0.416500
0 15.706500 -22.431700 3.750600 0.000000 -0.998300 -0.058300 0.265900 0.416500
0 11.013200 -22.431700 3.750600 -0.074200 -0.995600 -0.057600 0.266100 0.469200

0 11.013200 -22.431700 3.750600 -0.074200 -0.995600 -0.057600 0.266100 0.469200
0 11.013200 -22.033800 3.257200 -0.058500 -0.780500 -0.622500 0.260500 0.470200
0 15.706500 -22.033800 3.257200 0.000000 -0.778400 -0.627700 0.260000 0.416500

0 11.013200 -22.033800 3.257200 -0.058500 -0.780500 -0.622500 0.260500 0.470200
0 11.013200 -22.431700 3.750600 -0.074200 -0.995600 -0.057600 0.266100 0.469200
0 9.102400 -22.143400 3.768500 -0.197400 -0.980300 0.003300 0.272000 0.490700

0 9.102400 -22.143400 3.768500 -0.197400 -0.980300 0.003300 0.272000 0.490700
0 9.102400 -21.969200 3.500000 -0.160500 -0.828000 -0.537200 0.269300 0.492200
0 11.013200 -22.033800 3.257200 -0.058500 -0.780500 -0.622500 0.260500 0.470200

0 9.102400 -21.969200 3.500000 -0.160500 -0.828000 -0.537200 0.269300 0.492200
0 9.102400 -22.143400 3.768500 -0.197400 -0.980300 0.003300 0.272000 0.490700
0 8.220900 -21.896200 3.782900 -0.999800 -0.004000 0.018200 0.277300 0.500000

0 15.706500 -21.472500 4.121000 0.000000 0.776000 0.630800 0.277300 0.415500
0 15.706500 -21.437000 3.487600 0.000000 0.840200 -0.542300 0.283000 0.416000
0 11.013200 -21.437000 3.487600 -0.067500 0.839100 -0.539700 0.283000 0.468800

0 9.102400 -21.700600 3.944400 -0.211900 0.732600 0.646800 0.277300 0.489700
0 9.102400 -21.671101 3.641500 -0.215100 0.848700 -0.483200 0.280000 0.490200
0 8.220900 -21.896200 3.782900 -0.999800 -0.004000 0.018200 0.277300 0.500000

0 9.102400 -21.671101 3.641500 -0.215100 0.848700 -0.483200 0.280000 0.490200
0 9.102400 -21.969200 3.500000 -0.178000 0.414700 -0.892400 0.283900 0.491200
0 8.220900 -21.896200 3.782900 -0.999800 -0.004000 0.018200 0.277300 0.500000

0 9.102400 -22.143400 3.768500 -0.197400 -0.980300 0.003300 0.272000 0.490700
0 9.102400 -21.982201 4.006600 -0.203000 -0.363800 0.909100 0.274700 0.490200
0 8.220900 -21.896200 3.782900 -0.999800 -0.004000 0.018200 0.277300 0.500000

0 9.102400 -21.982201 4.006600 -0.203000 -0.363800 0.909100 0.274700 0.490200
0 9.102400 -21.700600 3.944400 -0.211900 0.732600 0.646800 0.277300 0.489700
0 8.220900 -21.896200 3.782900 -0.999800 -0.004000 0.018200 0.277300 0.500000

0 9.102400 -21.700600 3.944400 -0.211900 0.732600 0.646800 0.277300 0.489700
0 9.102400 -21.982201 4.006600 -0.203000 -0.363800 0.909100 0.274700 0.490200
0 11.013200 -22.093700 4.287400 -0.074400 -0.364900 0.928100 0.271700 0.468800

0 11.013200 -22.093700 4.287400 -0.074400 -0.364900 0.928100 0.271700 0.468800
0 11.013200 -21.472500 4.121000 -0.071200 0.773800 0.629400 0.277300 0.468300
0 9.102400 -21.700600 3.944400 -0.211900 0.732600 0.646800 0.277300 0.489700

0 9.102400 -21.671101 3.641500 -0.215100 0.848700 -0.483200 0.280000 0.490200
0 9.102400 -21.700600 3.944400 -0.211900 0.732600 0.646800 0.277300 0.489700
0 11.013200 -21.472500 4.121000 -0.071200 0.773800 0.629400 0.277300 0.468300

0 11.013200 -21.472500 4.121000 -0.071200 0.773800 0.629400 0.277300 0.468300
0 11.013200 -21.437000 3.487600 -0.067500 0.839100 -0.539700 0.283000 0.468800
0 9.102400 -21.671101 3.641500 -0.215100 0.848700 -0.483200 0.280000 0.490200

0 9.102400 -21.969200 3.500000 -0.178000 0.414700 -0.892400 0.283900 0.491200
0 9.102400 -21.671101 3.641500 -0.215100 0.848700 -0.483200 0.280000 0.490200
0 11.013200 -21.437000 3.487600 -0.067500 0.839100 -0.539700 0.283000 0.468800

0 11.013200 -21.437000 3.487600 -0.067500 0.839100 -0.539700 0.283000 0.468800
0 11.013200 -22.033800 3.257200 -0.051600 0.359700 -0.931600 0.291300 0.469700
0 9.102400 -21.969200 3.500000 -0.178000 0.414700 -0.892400 0.283900 0.491200

0 11.013200 -22.033800 3.257200 -0.051600 0.359700 -0.931600 0.291300 0.469700
0 11.013200 -21.437000 3.487600 -0.067500 0.839100 -0.539700 0.283000 0.468800
0 15.706500 -21.437000 3.487600 0.000000 0.840200 -0.542300 0.283000 0.416000

0 15.706500 -21.437000 3.487600 0.000000 0.840200 -0.542300 0.283000 0.416000
0 15.706500 -22.033800 3.257200 0.000000 0.360200 -0.932900 0.292200 0.416500
0 11.013200 -22.033800 3.257200 -0.051600 0.359700 -0.931600 0.291300 0.469700

0 11.013200 -21.723400 4.429500 -0.074200 -0.995600 -0.057500 0.266100 0.469200
0 11.013200 -21.385401 4.966300 -0.074400 -0.364900 0.928100 0.271700 0.468800
0 9.102400 -21.273899 4.685500 -0.203000 -0.363800 0.909100 0.274700 0.490200

0 9.102400 -21.273899 4.685500 -0.203000 -0.363800 0.909100 0.274700 0.490200
0 9.102400 -21.435101 4.447400 -0.175400 -0.966600 -0.186900 0.272000 0.490700
0 11.013200 -21.723400 4.429500 -0.074200 -0.995600 -0.057500 0.266100 0.469200

0 11.013200 -20.728701 4.166500 -0.067500 0.839100 -0.539700 0.283000 0.468800
0 11.013200 -20.764200 4.799900 -0.071200 0.773800 0.629400 0.277300 0.468300
0 15.706500 -20.764200 4.799900 0.000000 0.776000 0.630800 0.277300 0.415500

0 15.706500 -21.385401 4.966300 0.000000 -0.364900 0.931000 0.271700 0.416000
0 15.706500 -20.764200 4.799900 0.000000 0.776000 0.630800 0.277300 0.415500
0 11.013200 -20.764200 4.799900 -0.071200 0.773800 0.629400 0.277300 0.468300

0 11.013200 -20.764200 4.799900 -0.071200 0.773800 0.629400 0.277300 0.468300
0 11.013200 -21.385401 4.966300 -0.074400 -0.364900 0.928100 0.271700 0.468800
0 15.706500 -21.385401 4.966300 0.000000 -0.364900 0.931000 0.271700 0.416000

0 15.706500 -21.723400 4.429500 0.000000 -0.998300 -0.058300 0.265900 0.416500
0 15.706500 -21.385401 4.966300 0.000000 -0.364900 0.931000 0.271700 0.416000
0 11.013200 -21.385401 4.966300 -0.074400 -0.364900 0.928100 0.271700 0.468800

0 11.013200 -21.385401 4.966300 -0.074400 -0.364900 0.928100 0.271700 0.468800
0 11.013200 -21.723400 4.429500 -0.074200 -0.995600 -0.057500 0.266100 0.469200
0 15.706500 -21.723400 4.429500 0.000000 -0.998300 -0.058300 0.265900 0.416500

0 15.706500 -21.325600 3.936100 0.000000 -0.778500 -0.627700 0.260000 0.416500
0 15.706500 -21.723400 4.429500 0.000000 -0.998300 -0.058300 0.265900 0.416500
0 11.013200 -21.723400 4.429500 -0.074200 -0.995600 -0.057500 0.266100 0.469200

0 11.013200 -21.723400 4.429500 -0.074200 -0.995600 -0.057500 0.266100 0.469200
0 11.013200 -21.325600 3.936100 -0.058500 -0.780500 -0.622400 0.260500 0.470200
0 15.706500 -21.325600 3.936100 0.000000 -0.778500 -0.627700 0.260000 0.416500

0 11.013200 -21.325600 3.936100 -0.058500 -0.780500 -0.622400 0.260500 0.470200
0 11.013200 -21.723400 4.429500 -0.074200 -0.995600 -0.057500 0.266100 0.469200
0 9.102400 -21.435101 4.447400 -0.175400 -0.966600 -0.186900 0.272000 0.490700

0 9.102400 -21.435101 4.447400 -0.175400 -0.966600 -0.186900 0.272000 0.490700
0 9.102400 -21.260900 4.178900 -0.160500 -0.828000 -0.537200 0.269300 0.492200
0 11.013200 -21.325600 3.936100 -0.058500 -0.780500 -0.622400 0.260500 0.470200

0 9.102400 -21.260900 4.178900 -0.160500 -0.828000 -0.537200 0.269300 0.492200
0 9.102400 -21.435101 4.447400 -0.175400 -0.966600 -0.186900 0.272000 0.490700
0 8.220900 -21.187901 4.461800 -0.999800 -0.004000 0.018200 0.277300 0.500000

0 15.706500 -20.764200 4.799900 0.000000 0.776000 0.630800 0.277300 0.415500
0 15.706500 -20.728701 4.166500 0.000000 0.840200 -0.542300 0.283000 0.416000
0 11.013200 -20.728701 4.166500 -0.067500 0.839100 -0.539700 0.283000 0.468800

0 9.102400 -20.992399 4.623300 -0.211900 0.732500 0.646900 0.277300 0.489700
0 9.102400 -20.962799 4.320400 -0.215100 0.848800 -0.483000 0.280000 0.490200
0 8.220900 -21.187901 4.461800 -0.999800 -0.004000 0.018200 0.277300 0.500000

0 9.102400 -20.962799 4.320400 -0.215100 0.848800 -0.483000 0.280000 0.490200
0 9.102400 -21.260900 4.178900 -0.178000 0.414700 -0.892400 0.283900 0.491200
0 8.220900 -21.187901 4.461800 -0.999800 -0.004000 0.018200 0.277300 0.500000

0 9.102400 -21.435101 4.447400 -0.217700 -0.808200 0.547200 0.272000 0.490700
0 9.102400 -21.273899 4.685500 -0.203000 -0.363800 0.909100 0.274700 0.490200
0 8.220900 -21.187901 4.461800 -0.999800 -0.004000 0.018200 0.277300 0.500000

0 9.102400 -21.273899 4.685500 -0.203000 -0.363800 0.909100 0.274700 0.490200
0 9.102400 -20.992399 4.623300 -0.211900 0.732500 0.646900 0.277300 0.489700
0 8.220900 -21.187901 4.461800 -0.999800 -0.004000 0.018200 0.277300 0.500000

0 9.102400 -20.992399 4.623300 -0.211900 0.732500 0.646900 0.277300 0.489700
0 9.102400 -21.273899 4.685500 -0.203000 -0.363800 0.909100 0.274700 0.490200
0 11.013200 -21.385401 4.966300 -0.074400 -0.364900 0.928100 0.271700 0.468800

0 11.013200 -21.385401 4.966300 -0.074400 -0.364900 0.928100 0.271700 0.468800
0 11.013200 -20.764200 4.799900 -0.071200 0.773800 0.629400 0.277300 0.468300
0 9.102400 -20.992399 4.623300 -0.211900 0.732500 0.646900 0.277300 0.489700

0 9.102400 -20.962799 4.320400 -0.215100 0.848800 -0.483000 0.280000 0.490200
0 9.102400 -20.992399 4.623300 -0.211900 0.732500 0.646900 0.277300 0.489700
0 11.013200 -20.764200 4.799900 -0.071200 0.773800 0.629400 0.277300 0.468300

0 11.013200 -20.764200 4.799900 -0.071200 0.773800 0.629400 0.277300 0.468300
0 11.013200 -20.728701 4.166500 -0.067500 0.839100 -0.539700 0.283000 0.468800
0 9.102400 -20.962799 4.320400 -0.215100 0.848800 -0.483000 0.280000 0.490200

0 9.102400 -21.260900 4.178900 -0.178000 0.414700 -0.892400 0.283900 0.491200
0 9.102400 -20.962799 4.320400 -0.215100 0.848800 -0.483000 0.280000 0.490200
0 11.013200 -20.728701 4.166500 -0.067500 0.839100 -0.539700 0.283000 0.468800

0 11.013200 -20.728701 4.166500 -0.067500 0.839100 -0.539700 0.283000 0.468800
0 11.013200 -21.325600 3.936100 -0.051600 0.359600 -0.931700 0.291300 0.469700
0 9.102400 -21.260900 4.178900 -0.178000 0.414700 -0.892400 0.283900 0.491200

0 11.013200 -21.325600 3.936100 -0.051600 0.359600 -0.931700 0.291300 0.469700
0 11.013200 -20.728701 4.166500 -0.067500 0.839100 -0.539700 0.283000 0.468800
0 15.706500 -20.728701 4.166500 0.000000 0.840200 -0.542300 0.283000 0.416000

0 15.706500 -20.728701 4.166500 0.000000 0.840200 -0.542300 0.283000 0.416000
0 15.706500 -21.325600 3.936100 0.000000 0.360100 -0.932900 0.292200 0.416500
0 11.013200 -21.325600 3.936100 -0.051600 0.359600 -0.931700 0.291300 0.469700

0 15.706500 -21.062799 5.849200 1.000000 0.000000 0.000000 0.301500 0.448700
0 15.706500 -21.400801 5.312400 1.000000 0.000000 0.000000 0.307400 0.445300
0 15.706500 -21.003000 4.819000 1.000000 0.000000 0.000000 0.313500 0.452100

0 15.706500 -21.003000 4.819000 1.000000 0.000000 0.000000 0.313500 0.452100
0 15.706500 -20.441700 5.682700 1.000000 0.000000 0.000000 0.301300 0.455600
0 15.706500 -21.062799 5.849200 1.000000 0.000000 0.000000 0.301500 0.448700

0 15.706500 -20.441700 5.682700 1.000000 0.000000 0.000000 0.301300 0.455600
0 15.706500 -21.003000 4.819000 1.000000 0.000000 0.000000 0.313500 0.452100
0 15.706500 -20.406099 5.049400 1.000000 0.000000 0.000000 0.307400 0.459000

0 11.013200 -21.400801 5.312400 -0.074200 -0.995600 -0.057500 0.266100 0.469200
0 11.013200 -21.062799 5.849200 -0.074400 -0.364800 0.928100 0.271700 0.468800
0 9.102400 -20.951300 5.568300 -0.203000 -0.364000 0.909000 0.274700 0.490200

0 9.102400 -20.951300 5.568300 -0.203000 -0.364000 0.909000 0.274700 0.490200
0 9.102400 -21.112499 5.330200 -0.197400 -0.980300 0.003300 0.272000 0.490700
0 11.013200 -21.400801 5.312400 -0.074200 -0.995600 -0.057500 0.266100 0.469200

0 11.013200 -20.406099 5.049400 -0.067500 0.839200 -0.539700 0.283000 0.468800
0 11.013200 -20.441700 5.682700 -0.071100 0.773800 0.629400 0.277300 0.468300
0 15.706500 -20.441700 5.682700 0.000000 0.776000 0.630700 0.277300 0.415500

0 15.706500 -21.062799 5.849200 0.000000 -0.364800 0.931100 0.271700 0.416000
0 15.706500 -20.441700 5.682700 0.000000 0.776000 0.630700 0.277300 0.415500
0 11.013200 -20.441700 5.682700 -0.071100 0.773800 0.629400 0.277300 0.468300

0 11.013200 -20.441700 5.682700 -0.071100 0.773800 0.629400 0.277300 0.468300
0 11.013200 -21.062799 5.849200 -0.074400 -0.364800 0.928100 0.271700 0.468800
0 15.706500 -21.062799 5.849200 0.000000 -0.364800 0.931100 0.271700 0.416000

0 15.706500 -21.400801 5.312400 0.000000 -0.998300 -0.058300 0.265900 0.416500
0 15.706500 -21.062799 5.849200 0.000000 -0.364800 0.931100 0.271700 0.416000
0 11.013200 -21.062799 5.849200 -0.074400 -0.364800 0.928100 0.271700 0.468800

0 11.013200 -21.062799 5.849200 -0.074400 -0.364800 0.928100 0.271700 0.468800
0 11.013200 -21.400801 5.312400 -0.074200 -0.995600 -0.057500 0.266100 0.469200
0 15.706500 -21.400801 5.312400 0.000000 -0.998300 -0.058300 0.265900 0.416500

0 15.706500 -21.003000 4.819000 0.000000 -0.778500 -0.627700 0.260000 0.416500
0 15.706500 -21.400801 5.312400 0.000000 -0.998300 -0.058300 0.265900 0.416500
0 11.013200 -21.400801 5.312400 -0.074200 -0.995600 -0.057500 0.266100 0.469200

0 11.013200 -21.400801 5.312400 -0.074200 -0.995600 -0.057500 0.266100 0.469200
0 11.013200 -21.003000 4.819000 -0.058500 -0.780500 -0.622400 0.260500 0.470200
0 15.706500 -21.003000 4.819000 0.000000 -0.778500 -0.627700 0.260000 0.416500

0 11.013200 -21.003000 4.819000 -0.058500 -0.780500 -0.622400 0.260500 0.470200
0 11.013200 -21.400801 5.312400 -0.074200 -0.995600 -0.057500 0.266100 0.469200
0 9.102400 -21.112499 5.330200 -0.197400 -0.980300 0.003300 0.272000 0.490700

0 9.102400 -21.112499 5.330200 -0.197400 -0.980300 0.003300 0.272000 0.490700
0 9.102400 -20.938400 5.061800 -0.160500 -0.828100 -0.537100 0.269300 0.492200
0 11.013200 -21.003000 4.819000 -0.058500 -0.780500 -0.622400 0.260500 0.470200

0 9.102400 -20.938400 5.061800 -0.160500 -0.828100 -0.537100 0.269300 0.492200
0 9.102400 -21.112499 5.330200 -0.197400 -0.980300 0.003300 0.272000 0.490700
0 8.220900 -20.865299 5.344700 -0.999800 -0.004000 0.018200 0.277300 0.500000

0 15.706500 -20.441700 5.682700 0.000000 0.776000 0.630700 0.277300 0.415500
0 15.706500 -20.406099 5.049400 0.000000 0.840200 -0.542300 0.283000 0.416000
0 11.013200 -20.406099 5.049400 -0.067500 0.839200 -0.539700 0.283000 0.468800

0 9.102400 -20.669800 5.506200 -0.211900 0.732400 0.647000 0.277300 0.489700
0 9.102400 -20.640200 5.203200 -0.215100 0.848700 -0.483200 0.280000 0.490200
0 8.220900 -20.865299 5.344700 -0.999800 -0.004000 0.018200 0.277300 0.500000

0 9.102400 -20.640200 5.203200 -0.215100 0.848700 -0.483200 0.280000 0.490200
0 9.102400 -20.938400 5.061800 -0.178000 0.414300 -0.892500 0.283900 0.491200
0 8.220900 -20.865299 5.344700 -0.999800 -0.004000 0.018200 0.277300 0.500000

0 9.102400 -21.112499 5.330200 -0.197400 -0.980300 0.003300 0.272000 0.490700
0 9.102400 -20.951300 5.568300 -0.203000 -0.364000 0.909000 0.274700 0.490200
0 8.220900 -20.865299 5.344700 -0.999800 -0.004000 0.018200 0.277300 0.500000

0 9.102400 -20.951300 5.568300 -0.203000 -0.364000 0.909000 0.274700 0.490200
0 9.102400 -20.669800 5.506200 -0.211900 0.732400 0.647000 0.277300 0.489700
0 8.220900 -20.865299 5.344700 -0.999800 -0.004000 0.018200 0.277300 0.500000

0 9.102400 -20.669800 5.506200 -0.211900 0.732400 0.647000 0.277300 0.489700
0 9.102400 -20.951300 5.568300 -0.203000 -0.364000 0.909000 0.274700 0.490200
0 11.013200 -21.062799 5.849200 -0.074400 -0.364800 0.928100 0.271700 0.468800

0 11.013200 -21.062799 5.849200 -0.074400 -0.364800 0.928100 0.271700 0.468800
0 11.013200 -20.441700 5.682700 -0.071100 0.773800 0.629400 0.277300 0.468300
0 9.102400 -20.669800 5.506200 -0.211900 0.732400 0.647000 0.277300 0.489700

0 9.102400 -20.640200 5.203200 -0.215100 0.848700 -0.483200 0.280000 0.490200
0 9.102400 -20.669800 5.506200 -0.211900 0.732400 0.647000 0.277300 0.489700
0 11.013200 -20.441700 5.682700 -0.071100 0.773800 0.629400 0.277300 0.468300

0 11.013200 -20.441700 5.682700 -0.071100 0.773800 0.629400 0.277300 0.468300
0 11.013200 -20.406099 5.049400 -0.067500 0.839200 -0.539700 0.283000 0.468800
0 9.102400 -20.640200 5.203200 -0.215100 0.848700 -0.483200 0.280000 0.490200

0 9.102400 -20.938400 5.061800 -0.178000 0.414300 -0.892500 0.283900 0.491200
0 9.102400 -20.640200 5.203200 -0.215100 0.848700 -0.483200 0.280000 0.490200
0 11.013200 -20.406099 5.049400 -0.067500 0.839200 -0.539700 0.283000 0.468800

0 11.013200 -20.406099 5.049400 -0.067500 0.839200 -0.539700 0.283000 0.468800
0 11.013200 -21.003000 4.819000 -0.051600 0.359600 -0.931700 0.291300 0.469700
0 9.102400 -20.938400 5.061800 -0.178000 0.414300 -0.892500 0.283900 0.491200

0 11.013200 -21.003000 4.819000 -0.051600 0.359600 -0.931700 0.291300 0.469700
0 11.013200 -20.406099 5.049400 -0.067500 0.839200 -0.539700 0.283000 0.468800
0 15.706500 -20.406099 5.049400 0.000000 0.840200 -0.542300 0.283000 0.416000

0 15.706500 -20.406099 5.049400 0.000000 0.840200 -0.542300 0.283000 0.416000
0 15.706500 -21.003000 4.819000 0.000000 0.360100 -0.932900 0.292200 0.416500
0 11.013200 -21.003000 4.819000 -0.051600 0.359600 -0.931700 0.291300 0.469700

0 16.911600 -28.960600 1.019700 0.951400 0.308000 0.000000 0.301500 0.448700
0 17.015699 -29.282200 0.482900 0.951400 0.307900 0.000000 0.307400 0.445300
0 16.893200 -28.903700 -0.010500 0.951400 0.307900 0.000000 0.313500 0.452100

0 16.893200 -28.903700 -0.010500 0.951400 0.307900 0.000000 0.313500 0.452100
0 16.720301 -28.369699 0.853200 0.951400 0.308000 0.000000 0.301300 0.455600
0 16.911600 -28.960600 1.019700 0.951400 0.308000 0.000000 0.301500 0.448700

0 16.720301 -28.369699 0.853200 0.951400 0.308000 0.000000 0.301300 0.455600
0 16.893200 -28.903700 -0.010500 0.951400 0.307900 0.000000 0.313500 0.452100
0 16.709400 -28.335800 0.219900 0.951400 0.307900 0.000100 0.307400 0.459000

0 12.550400 -30.727400 0.482900 0.236000 -0.970100 -0.057600 0.266100 0.469200
0 12.446300 -30.405899 1.019700 0.041600 -0.370100 0.928100 0.271700 0.468800
0 10.594000 -30.888201 0.738900 -0.081100 -0.408700 0.909100 0.274700 0.490200

0 10.594000 -30.888201 0.738900 -0.081100 -0.408700 0.909100 0.274700 0.490200
0 10.643700 -31.041599 0.500700 0.114100 -0.993500 0.003200 0.272000 0.490700
0 12.550400 -30.727400 0.482900 0.236000 -0.970100 -0.057600 0.266100 0.469200

0 12.244100 -29.781099 0.219900 -0.322700 0.777600 -0.539700 0.283000 0.468800
0 12.255000 -29.814899 0.853200 -0.306000 0.714300 0.629400 0.277300 0.468300
0 16.720301 -28.369699 0.853200 -0.239000 0.738300 0.630700 0.277300 0.415500

0 16.911600 -28.960600 1.019700 0.112400 -0.347100 0.931100 0.271700 0.416000
0 16.720301 -28.369699 0.853200 -0.239000 0.738300 0.630700 0.277300 0.415500
0 12.255000 -29.814899 0.853200 -0.306000 0.714300 0.629400 0.277300 0.468300

0 12.255000 -29.814899 0.853200 -0.306000 0.714300 0.629400 0.277300 0.468300
0 12.446300 -30.405899 1.019700 0.041600 -0.370100 0.928100 0.271700 0.468800
0 16.911600 -28.960600 1.019700 0.112400 -0.347100 0.931100 0.271700 0.416000

0 17.015699 -29.282200 0.482900 0.307400 -0.949800 -0.058300 0.265900 0.416500
0 16.911600 -28.960600 1.019700 0.112400 -0.347100 0.931100 0.271700 0.416000
0 12.446300 -30.405899 1.019700 0.041600 -0.370100 0.928100 0.271700 0.468800

0 12.446300 -30.405899 1.019700 0.041600 -0.370100 0.928100 0.271700 0.468800
0 12.550400 -30.727400 0.482900 0.236000 -0.970100 -0.057600 0.266100 0.469200
0 17.015699 -29.282200 0.482900 0.307400 -0.949800 -0.058300 0.265900 0.416500

0 16.893200 -28.903700 -0.010500 0.239700 -0.740600 -0.627700 0.260000 0.416500
0 17.015699 -29.282200 0.482900 0.307400 -0.949800 -0.058300 0.265900 0.416500
0 12.550400 -30.727400 0.482900 0.236000 -0.970100 -0.057600 0.266100 0.469200

0 12.550400 -30.727400 0.482900 0.236000 -0.970100 -0.057600 0.266100 0.469200
0 12.427900 -30.348900 -0.010500 0.184700 -0.760600 -0.622400 0.260500 0.470200
0 16.893200 -28.903700 -0.010500 0.239700 -0.740600 -0.627700 0.260000 0.416500

0 12.427900 -30.348900 -0.010500 0.184700 -0.760600 -0.622400 0.260500 0.470200
0 12.550400 -30.727400 0.482900 0.236000 -0.970100 -0.057600 0.266100 0.469200
0 10.643700 -31.041599 0.500700 0.114100 -0.993500 0.003200 0.272000 0.490700

0 10.643700 -31.041599 0.500700 0.114100 -0.993500 0.003200 0.272000 0.490700
0 10.590000 -30.875900 0.232300 0.102200 -0.837200 -0.537300 0.269300 0.492200
0 12.427900 -30.348900 -0.010500 0.184700 -0.760600 -0.622400 0.260500 0.470200

0 10.590000 -30.875900 0.232300 0.102200 -0.837200 -0.537300 0.269300 0.492200
0 10.643700 -31.041599 0.500700 0.114100 -0.993500 0.003200 0.272000 0.490700
0 9.728800 -31.077801 0.515200 -0.950000 -0.311700 0.018200 0.277300 0.500000

0 16.720301 -28.369699 0.853200 -0.239000 0.738300 0.630700 0.277300 0.415500
0 16.709400 -28.335800 0.219900 -0.258700 0.799400 -0.542300 0.283000 0.416000
0 12.244100 -29.781099 0.219900 -0.322700 0.777600 -0.539700 0.283000 0.468800

0 10.507300 -30.620300 0.676700 -0.427200 0.631700 0.646900 0.277300 0.489700
0 10.498200 -30.592199 0.373800 -0.465900 0.741300 -0.483200 0.280000 0.490200
0 9.728800 -31.077801 0.515200 -0.950000 -0.311700 0.018200 0.277300 0.500000

0 10.498200 -30.592199 0.373800 -0.465900 0.741300 -0.483200 0.280000 0.490200
0 10.590000 -30.875900 0.232300 -0.297000 0.339600 -0.892400 0.283900 0.491200
0 9.728800 -31.077801 0.515200 -0.950000 -0.311700 0.018200 0.277300 0.500000

0 10.643700 -31.041599 0.500700 0.114100 -0.993500 0.003200 0.272000 0.490700
0 10.594000 -30.888201 0.738900 -0.081100 -0.408700 0.909100 0.274700 0.490200
0 9.728800 -31.077801 0.515200 -0.950000 -0.311700 0.018200 0.277300 0.500000

0 10.594000 -30.888201 0.738900 -0.081100 -0.408700 0.909100 0.274700 0.490200
0 10.507300 -30.620300 0.676700 -0.427200 0.631700 0.646900 0.277300 0.489700
0 9.728800 -31.077801 0.515200 -0.950000 -0.311700 0.018200 0.277300 0.500000

0 10.507300 -30.620300 0.676700 -0.427200 0.631700 0.646900 0.277300 0.489700
0 10.594000 -30.888201 0.738900 -0.081100 -0.408700 0.909100 0.274700 0.490200
0 12.446300 -30.405899 1.019700 0.041600 -0.370100 0.928100 0.271700 0.468800

0 12.446300 -30.405899 1.019700 0.041600 -0.370100 0.928100 0.271700 0.468800
0 12.255000 -29.814899 0.853200 -0.306000 0.714300 0.629400 0.277300 0.468300
0 10.507300 -30.620300 0.676700 -0.427200 0.631700 0.646900 0.277300 0.489700

0 10.498200 -30.592199 0.373800 -0.465900 0.741300 -0.483200 0.280000 0.490200
0 10.507300 -30.620300 0.676700 -0.427200 0.631700 0.646900 0.277300 0.489700
0 12.255000 -29.814899 0.853200 -0.306000 0.714300 0.629400 0.277300 0.468300

0 12.255000 -29.814899 0.853200 -0.306000 0.714300 0.629400 0.277300 0.468300
0 12.244100 -29.781099 0.219900 -0.322700 0.777600 -0.539700 0.283000 0.468800
0 10.498200 -30.592199 0.373800 -0.465900 0.741300 -0.483200 0.280000 0.490200

0 10.590000 -30.875900 0.232300 -0.297000 0.339600 -0.892400 0.283900 0.491200
0 10.498200 -30.592199 0.373800 -0.465900 0.741300 -0.483200 0.280000 0.490200
0 12.244100 -29.781099 0.219900 -0.322700 0.777600 -0.539700 0.283000 0.468800

0 12.244100 -29.781099 0.219900 -0.322700 0.777600 -0.539700 0.283000 0.468800
0 12.427900 -30.348900 -0.010500 -0.159900 0.326300 -0.931700 0.291300 0.469700
0 10.590000 -30.875900 0.232300 -0.297000 0.339600 -0.892400 0.283900 0.491200

0 12.427900 -30.348900 -0.010500 -0.159900 0.326300 -0.931700 0.291300 0.469700
0 12.244100 -29.781099 0.219900 -0.322700 0.777600 -0.539700 0.283000 0.468800
0 16.709400 -28.335800 0.219900 -0.258700 0.799400 -0.542300 0.283000 0.416000

0 16.709400 -28.335800 0.219900 -0.258700 0.799400 -0.542300 0.283000 0.416000
0 16.893200 -28.903700 -0.010500 -0.110900 0.342600 -0.932900 0.292200 0.416500
0 12.427900 -30.348900 -0.010500 -0.159900 0.326300 -0.931700 0.291300 0.469700

0 16.852600 -28.561899 1.889500 0.979300 0.202400 0.000000 0.301500 0.448700
0 16.921000 -28.892900 1.352700 0.979300 0.202400 0.000000 0.307400 0.445300
0 16.840500 -28.503300 0.859400 0.979300 0.202400 0.000000 0.313500 0.452100

0 16.840500 -28.503300 0.859400 0.979300 0.202400 0.000000 0.313500 0.452100
0 16.726900 -27.953600 1.723100 0.979300 0.202400 0.000000 0.301300 0.455600
0 16.852600 -28.561899 1.889500 0.979300 0.202400 0.000000 0.301500 0.448700

0 16.726900 -27.953600 1.723100 0.979300 0.202400 0.000000 0.301300 0.455600
0 16.840500 -28.503300 0.859400 0.979300 0.202400 0.000000 0.313500 0.452100
0 16.719700 -27.918699 1.089700 0.979300 0.202400 0.000000 0.307400 0.459000

0 12.324700 -29.842400 1.352700 0.128700 -0.990000 -0.057600 0.266100 0.469200
0 12.256300 -29.511400 1.889500 0.001000 -0.372400 0.928100 0.271700 0.468800
0 10.362400 -29.788799 1.608700 -0.125200 -0.397400 0.909100 0.274700 0.490200

0 10.362400 -29.788799 1.608700 -0.125200 -0.397400 0.909100 0.274700 0.490200
0 10.395100 -29.946600 1.370600 0.005100 -1.000000 0.003300 0.272000 0.490700
0 12.324700 -29.842400 1.352700 0.128700 -0.990000 -0.057600 0.266100 0.469200

0 12.123400 -28.868299 1.089700 -0.235900 0.808100 -0.539800 0.283000 0.468800
0 12.130600 -28.903099 1.723100 -0.226200 0.743400 0.629400 0.277300 0.468300
0 16.726900 -27.953600 1.723100 -0.157000 0.759900 0.630800 0.277300 0.415500

0 16.852600 -28.561899 1.889500 0.073800 -0.357400 0.931000 0.271700 0.416000
0 16.726900 -27.953600 1.723100 -0.157000 0.759900 0.630800 0.277300 0.415500
0 12.130600 -28.903099 1.723100 -0.226200 0.743400 0.629400 0.277300 0.468300

0 12.130600 -28.903099 1.723100 -0.226200 0.743400 0.629400 0.277300 0.468300
0 12.256300 -29.511400 1.889500 0.001000 -0.372400 0.928100 0.271700 0.468800
0 16.852600 -28.561899 1.889500 0.073800 -0.357400 0.931000 0.271700 0.416000

0 16.921000 -28.892900 1.352700 0.202000 -0.977700 -0.058300 0.265900 0.416500
0 16.852600 -28.561899 1.889500 0.073800 -0.357400 0.931000 0.271700 0.416000
0 12.256300 -29.511400 1.889500 0.001000 -0.372400 0.928100 0.271700 0.468800

0 12.256300 -29.511400 1.889500 0.001000 -0.372400 0.928100 0.271700 0.468800
0 12.324700 -29.842400 1.352700 0.128700 -0.990000 -0.057600 0.266100 0.469200
0 16.921000 -28.892900 1.352700 0.202000 -0.977700 -0.058300 0.265900 0.416500

0 16.840500 -28.503300 0.859400 0.157500 -0.762300 -0.627800 0.260000 0.416500
0 16.921000 -28.892900 1.352700 0.202000 -0.977700 -0.058300 0.265900 0.416500
0 12.324700 -29.842400 1.352700 0.128700 -0.990000 -0.057600 0.266100 0.469200

0 12.324700 -29.842400 1.352700 0.128700 -0.990000 -0.057600 0.266100 0.469200
0 12.244200 -29.452801 0.859400 0.100600 -0.776200 -0.622400 0.260500 0.470200
0 16.840500 -28.503300 0.859400 0.157500 -0.762300 -0.627800 0.260000 0.416500

0 12.244200 -29.452801 0.859400 0.100600 -0.776200 -0.622400 0.260500 0.470200
0 12.324700 -29.842400 1.352700 0.128700 -0.990000 -0.057600 0.266100 0.469200
0 10.395100 -29.946600 1.370600 0.005100 -1.000000 0.003300 0.272000 0.490700

0 10.395100 -29.946600 1.370600 0.005100 -1.000000 0.003300 0.272000 0.490700
0 10.359800 -29.776100 1.102100 0.010400 -0.843500 -0.537000 0.269300 0.492200
0 12.244200 -29.452801 0.859400 0.100600 -0.776200 -0.622400 0.260500 0.470200

0 10.359800 -29.776100 1.102100 0.010400 -0.843500 -0.537000 0.269300 0.492200
0 10.395100 -29.946600 1.370600 0.005100 -1.000000 0.003300 0.272000 0.490700
0 9.481700 -29.882900 1.385000 -0.978300 -0.206200 0.018200 0.277300 0.500000

0 16.726900 -27.953600 1.723100 -0.157000 0.759900 0.630800 0.277300 0.415500
0 16.719700 -27.918699 1.089700 -0.170000 0.822800 -0.542300 0.283000 0.416000
0 12.123400 -28.868299 1.089700 -0.235900 0.808100 -0.539800 0.283000 0.468800

0 10.305500 -29.513100 1.546500 -0.355700 0.674500 0.647000 0.277300 0.489700
0 10.299500 -29.484100 1.243600 -0.382300 0.787700 -0.483100 0.280000 0.490200
0 9.481700 -29.882900 1.385000 -0.978300 -0.206200 0.018200 0.277300 0.500000

0 10.299500 -29.484100 1.243600 -0.382300 0.787700 -0.483100 0.280000 0.490200
0 10.359800 -29.776100 1.102100 -0.258200 0.370000 -0.892400 0.283900 0.491200
0 9.481700 -29.882900 1.385000 -0.978300 -0.206200 0.018200 0.277300 0.500000

0 10.395100 -29.946600 1.370600 0.005100 -1.000000 0.003300 0.272000 0.490700
0 10.362400 -29.788799 1.608700 -0.125200 -0.397400 0.909100 0.274700 0.490200
0 9.481700 -29.882900 1.385000 -0.978300 -0.206200 0.018200 0.277300 0.500000

0 10.362400 -29.788799 1.608700 -0.125200 -0.397400 0.909100 0.274700 0.490200
0 10.305500 -29.513100 1.546500 -0.355700 0.674500 0.647000 0.277300 0.489700
0 9.481700 -29.882900 1.385000 -0.978300 -0.206200 0.018200 0.277300 0.500000

0 10.305500 -29.513100 1.546500 -0.355700 0.674500 0.647000 0.277300 0.489700
0 10.362400 -29.788799 1.608700 -0.125200 -0.397400 0.909100 0.274700 0.490200
0 12.256300 -29.511400 1.889500 0.001000 -0.372400 0.928100 0.271700 0.468800

0 12.256300 -29.511400 1.889500 0.001000 -0.372400 0.928100 0.271700 0.468800
0 12.130600 -28.903099 1.723100 -0.226200 0.743400 0.629400 0.277300 0.468300
0 10.305500 -29.513100 1.546500 -0.355700 0.674500 0.647000 0.277300 0.489700

0 10.299500 -29.484100 1.243600 -0.382300 0.787700 -0.483100 0.280000 0.490200
0 10.305500 -29.513100 1.546500 -0.355700 0.674500 0.647000 0.277300 0.489700
0 12.130600 -28.903099 1.723100 -0.226200 0.743400 0.629400 0.277300 0.468300

0 12.130600 -28.903099 1.723100 -0.226200 0.743400 0.629400 0.277300 0.468300
0 12.123400 -28.868299 1.089700 -0.235900 0.808100 -0.539800 0.283000 0.468800
0 10.299500 -29.484100 1.243600 -0.382300 0.787700 -0.483100 0.280000 0.490200

0 10.359800 -29.776100 1.102100 -0.258200 0.370000 -0.892400 0.283900 0.491200
0 10.299500 -29.484100 1.243600 -0.382300 0.787700 -0.483100 0.280000 0.490200
0 12.123400 -28.868299 1.089700 -0.235900 0.808100 -0.539800 0.283000 0.468800

0 12.123400 -28.868299 1.089700 -0.235900 0.808100 -0.539800 0.283000 0.468800
0 12.244200 -29.452801 0.859400 -0.123300 0.341600 -0.931700 0.291300 0.469700
0 10.359800 -29.776100 1.102100 -0.258200 0.370000 -0.892400 0.283900 0.491200

0 12.244200 -29.452801 0.859400 -0.123300 0.341600 -0.931700 0.291300 0.469700
0 12.123400 -28.868299 1.089700 -0.235900 0.808100 -0.539800 0.283000 0.468800
0 16.719700 -27.918699 1.089700 -0.170000 0.822800 -0.542300 0.283000 0.416000

0 16.719700 -27.918699 1.089700 -0.170000 0.822800 -0.542300 0.283000 0.416000
0 16.840500 -28.503300 0.859400 -0.072800 0.352500 -0.933000 0.292200 0.416500
0 12.244200 -29.452801 0.859400 -0.123300 0.341600 -0.931700 0.291300 0.469700

0 16.746300 -28.047600 2.734400 0.979300 0.202300 0.000000 0.301500 0.448700
0 16.814699 -28.378599 2.197600 0.979300 0.202400 0.000000 0.307400 0.445300
0 16.734200 -27.989000 1.704200 0.979300 0.202300 0.000000 0.313500 0.452100

0 16.734200 -27.989000 1.704200 0.979300 0.202300 0.000000 0.313500 0.452100
0 16.620701 -27.439301 2.567900 0.979300 0.202200 0.000000 0.301300 0.455600
0 16.746300 -28.047600 2.734400 0.979300 0.202300 0.000000 0.301500 0.448700

0 16.620701 -27.439301 2.567900 0.979300 0.202200 0.000000 0.301300 0.455600
0 16.734200 -27.989000 1.704200 0.979300 0.202300 0.000000 0.313500 0.452100
0 16.613501 -27.404400 1.934600 0.979300 0.202200 0.000000 0.307400 0.459000

0 12.218400 -29.328100 2.197600 0.128700 -0.990000 -0.057500 0.266100 0.469200
0 12.150000 -28.997101 2.734400 0.001000 -0.372300 0.928100 0.271700 0.468800
0 10.256200 -29.274500 2.453600 -0.125200 -0.397300 0.909100 0.274700 0.490200

0 10.256200 -29.274500 2.453600 -0.125200 -0.397300 0.909100 0.274700 0.490200
0 10.288800 -29.432400 2.215500 0.005000 -1.000000 0.003300 0.272000 0.490700
0 12.218400 -29.328100 2.197600 0.128700 -0.990000 -0.057500 0.266100 0.469200

0 12.017200 -28.354000 1.934600 -0.235900 0.808100 -0.539700 0.283000 0.468800
0 12.024400 -28.388800 2.567900 -0.226200 0.743500 0.629400 0.277300 0.468300
0 16.620701 -27.439301 2.567900 -0.157000 0.759900 0.630800 0.277300 0.415500

0 16.746300 -28.047600 2.734400 0.073800 -0.357300 0.931100 0.271700 0.416000
0 16.620701 -27.439301 2.567900 -0.157000 0.759900 0.630800 0.277300 0.415500
0 12.024400 -28.388800 2.567900 -0.226200 0.743500 0.629400 0.277300 0.468300

0 12.024400 -28.388800 2.567900 -0.226200 0.743500 0.629400 0.277300 0.468300
0 12.150000 -28.997101 2.734400 0.001000 -0.372300 0.928100 0.271700 0.468800
0 16.746300 -28.047600 2.734400 0.073800 -0.357300 0.931100 0.271700 0.416000

0 16.814699 -28.378599 2.197600 0.202000 -0.977700 -0.058300 0.265900 0.416500
0 16.746300 -28.047600 2.734400 0.073800 -0.357300 0.931100 0.271700 0.416000
0 12.150000 -28.997101 2.734400 0.001000 -0.372300 0.928100 0.271700 0.468800

0 12.150000 -28.997101 2.734400 0.001000 -0.372300 0.928100 0.271700 0.468800
0 12.218400 -29.328100 2.197600 0.128700 -0.990000 -0.057500 0.266100 0.469200
0 16.814699 -28.378599 2.197600 0.202000 -0.977700 -0.058300 0.265900 0.416500

0 16.734200 -27.989000 1.704200 0.157500 -0.762400 -0.627700 0.260000 0.416500
0 16.814699 -28.378599 2.197600 0.202000 -0.977700 -0.058300 0.265900 0.416500
0 12.218400 -29.328100 2.197600 0.128700 -0.990000 -0.057500 0.266100 0.469200

0 12.218400 -29.328100 2.197600 0.128700 -0.990000 -0.057500 0.266100 0.469200
0 12.137900 -28.938499 1.704200 0.100700 -0.776200 -0.622400 0.260500 0.470200
0 16.734200 -27.989000 1.704200 0.157500 -0.762400 -0.627700 0.260000 0.416500

0 12.137900 -28.938499 1.704200 0.100700 -0.776200 -0.622400 0.260500 0.470200
0 12.218400 -29.328100 2.197600 0.128700 -0.990000 -0.057500 0.266100 0.469200
0 10.288800 -29.432400 2.215500 0.005000 -1.000000 0.003300 0.272000 0.490700

0 10.288800 -29.432400 2.215500 0.005000 -1.000000 0.003300 0.272000 0.490700
0 10.253600 -29.261801 1.947000 0.010300 -0.843400 -0.537200 0.269300 0.492200
0 12.137900 -28.938499 1.704200 0.100700 -0.776200 -0.622400 0.260500 0.470200

0 10.253600 -29.261801 1.947000 0.010300 -0.843400 -0.537200 0.269300 0.492200
0 10.288800 -29.432400 2.215500 0.005000 -1.000000 0.003300 0.272000 0.490700
0 9.375500 -29.368601 2.229900 -0.978300 -0.206200 0.018200 0.277300 0.500000

0 16.620701 -27.439301 2.567900 -0.157000 0.759900 0.630800 0.277300 0.415500
0 16.613501 -27.404400 1.934600 -0.170000 0.822900 -0.542200 0.283000 0.416000
0 12.017200 -28.354000 1.934600 -0.235900 0.808100 -0.539700 0.283000 0.468800

0 10.199200 -28.998800 2.391400 -0.355700 0.674500 0.646900 0.277300 0.489700
0 10.193300 -28.969801 2.088500 -0.382300 0.787700 -0.483100 0.280000 0.490200
0 9.375500 -29.368601 2.229900 -0.978300 -0.206200 0.018200 0.277300 0.500000

0 10.193300 -28.969801 2.088500 -0.382300 0.787700 -0.483100 0.280000 0.490200
0 10.253600 -29.261801 1.947000 -0.258200 0.370000 -0.892400 0.283900 0.491200
0 9.375500 -29.368601 2.229900 -0.978300 -0.206200 0.018200 0.277300 0.500000

0 10.288800 -29.432400 2.215500 0.005000 -1.000000 0.003300 0.272000 0.490700
0 10.256200 -29.274500 2.453600 -0.125200 -0.397300 0.909100 0.274700 0.490200
0 9.375500 -29.368601 2.229900 -0.978300 -0.206200 0.018200 0.277300 0.500000

0 10.256200 -29.274500 2.453600 -0.125200 -0.397300 0.909100 0.274700 0.490200
0 10.199200 -28.998800 2.391400 -0.355700 0.674500 0.646900 0.277300 0.489700
0 9.375500 -29.368601 2.229900 -0.978300 -0.206200 0.018200 0.277300 0.500000

0 10.199200 -28.998800 2.391400 -0.355700 0.674500 0.646900 0.277300 0.489700
0 10.256200 -29.274500 2.453600 -0.125200 -0.397300 0.909100 0.274700 0.490200
0 12.150000 -28.997101 2.734400 0.001000 -0.372300 0.928100 0.271700 0.468800

0 12.150000 -28.997101 2.734400 0.001000 -0.372300 0.928100 0.271700 0.468800
0 12.024400 -28.388800 2.567900 -0.226200 0.743500 0.629400 0.277300 0.468300
0 10.199200 -28.998800 2.391400 -0.355700 0.674500 0.646900 0.277300 0.489700

0 10.193300 -28.969801 2.088500 -0.382300 0.787700 -0.483100 0.280000 0.490200
0 10.199200 -28.998800 2.391400 -0.355700 0.674500 0.646900 0.277300 0.489700
0 12.024400 -28.388800 2.567900 -0.226200 0.743500 0.629400 0.277300 0.468300

0 12.024400 -28.388800 2.567900 -0.226200 0.743500 0.629400 0.277300 0.468300
0 12.017200 -28.354000 1.934600 -0.235900 0.808100 -0.539700 0.283000 0.468800
0 10.193300 -28.969801 2.088500 -0.382300 0.787700 -0.483100 0.280000 0.490200

0 10.253600 -29.261801 1.947000 -0.258200 0.370000 -0.892400 0.283900 0.491200
0 10.193300 -28.969801 2.088500 -0.382300 0.787700 -0.483100 0.280000 0.490200
0 12.017200 -28.354000 1.934600 -0.235900 0.808100 -0.539700 0.283000 0.468800

0 12.017200 -28.354000 1.934600 -0.235900 0.808100 -0.539700 0.283000 0.468800
0 12.137900 -28.938499 1.704200 -0.123300 0.341800 -0.931700 0.291300 0.469700
0 10.253600 -29.261801 1.947000 -0.258200 0.370000 -0.892400 0.283900 0.491200

0 12.137900 -28.938499 1.704200 -0.123300 0.341800 -0.931700 0.291300 0.469700
0 12.017200 -28.354000 1.934600 -0.235900 0.808100 -0.539700 0.283000 0.468800
0 16.613501 -27.404400 1.934600 -0.170000 0.822900 -0.542200 0.283000 0.416000

0 16.613501 -27.404400 1.934600 -0.170000 0.822900 -0.542200 0.283000 0.416000
0 16.734200 -27.989000 1.704200 -0.072800 0.352600 -0.932900 0.292200 0.416500
0 12.137900 -28.938499 1.704200 -0.123300 0.341800 -0.931700 0.291300 0.469700

0 16.548500 -27.090099 2.734400 0.979300 0.202300 0.000000 0.301500 0.448700
0 16.616899 -27.421101 2.197600 0.979300 0.202400 0.000000 0.307400 0.445300
0 16.536400 -27.031500 1.704200 0.979300 0.202300 -0.000000 0.313500 0.452100

0 16.536400 -27.031500 1.704200 0.979300 0.202300 -0.000000 0.313500 0.452100
0 16.422899 -26.481800 2.567900 0.979300 0.202200 -0.000000 0.301300 0.455600
0 16.548500 -27.090099 2.734400 0.979300 0.202300 0.000000 0.301500 0.448700

0 16.422899 -26.481800 2.567900 0.979300 0.202200 -0.000000 0.301300 0.455600
0 16.536400 -27.031500 1.704200 0.979300 0.202300 -0.000000 0.313500 0.452100
0 16.415701 -26.447001 1.934600 0.979300 0.202200 -0.000000 0.307400 0.459000

0 12.020600 -28.370600 2.197600 0.128700 -0.990000 -0.057500 0.266100 0.469200
0 11.952300 -28.039600 2.734400 0.001000 -0.372300 0.928100 0.271700 0.468800
0 10.058400 -28.316999 2.453600 -0.125200 -0.397300 0.909100 0.274700 0.490200

0 10.058400 -28.316999 2.453600 -0.125200 -0.397300 0.909100 0.274700 0.490200
0 10.091000 -28.474899 2.215500 0.005100 -1.000000 0.003300 0.272000 0.490700
0 12.020600 -28.370600 2.197600 0.128700 -0.990000 -0.057500 0.266100 0.469200

0 11.819400 -27.396500 1.934600 -0.235900 0.808100 -0.539700 0.283000 0.468800
0 11.826600 -27.431299 2.567900 -0.226200 0.743500 0.629400 0.277300 0.468300
0 16.422899 -26.481800 2.567900 -0.157000 0.760000 0.630700 0.277300 0.415500

0 16.548500 -27.090099 2.734400 0.073800 -0.357300 0.931100 0.271700 0.416000
0 16.422899 -26.481800 2.567900 -0.157000 0.760000 0.630700 0.277300 0.415500
0 11.826600 -27.431299 2.567900 -0.226200 0.743500 0.629400 0.277300 0.468300

0 11.826600 -27.431299 2.567900 -0.226200 0.743500 0.629400 0.277300 0.468300
0 11.952300 -28.039600 2.734400 0.001000 -0.372300 0.928100 0.271700 0.468800
0 16.548500 -27.090099 2.734400 0.073800 -0.357300 0.931100 0.271700 0.416000

0 16.616899 -27.421101 2.197600 0.202000 -0.977700 -0.058300 0.265900 0.416500
0 16.548500 -27.090099 2.734400 0.073800 -0.357300 0.931100 0.271700 0.416000
0 11.952300 -28.039600 2.734400 0.001000 -0.372300 0.928100 0.271700 0.468800

0 11.952300 -28.039600 2.734400 0.001000 -0.372300 0.928100 0.271700 0.468800
0 12.020600 -28.370600 2.197600 0.128700 -0.990000 -0.057500 0.266100 0.469200
0 16.616899 -27.421101 2.197600 0.202000 -0.977700 -0.058300 0.265900 0.416500

0 16.536400 -27.031500 1.704200 0.157500 -0.762400 -0.627700 0.260000 0.416500
0 16.616899 -27.421101 2.197600 0.202000 -0.977700 -0.058300 0.265900 0.416500
0 12.020600 -28.370600 2.197600 0.128700 -0.990000 -0.057500 0.266100 0.469200

0 12.020600 -28.370600 2.197600 0.128700 -0.990000 -0.057500 0.266100 0.469200
0 11.940100 -27.981001 1.704200 0.100700 -0.776200 -0.622400 0.260500 0.470200
0 16.536400 -27.031500 1.704200 0.157500 -0.762400 -0.627700 0.260000 0.416500

0 11.940100 -27.981001 1.704200 0.100700 -0.776200 -0.622400 0.260500 0.470200
0 12.020600 -28.370600 2.197600 0.128700 -0.990000 -0.057500 0.266100 0.469200
0 10.091000 -28.474899 2.215500 0.005100 -1.000000 0.003300 0.272000 0.490700

0 10.091000 -28.474899 2.215500 0.005100 -1.000000 0.003300 0.272000 0.490700
0 10.055800 -28.304300 1.947000 0.010400 -0.843400 -0.537200 0.269300 0.492200
0 11.940100 -27.981001 1.704200 0.100700 -0.776200 -0.622400 0.260500 0.470200

0 10.055800 -28.304300 1.947000 0.010400 -0.843400 -0.537200 0.269300 0.492200
0 10.091000 -28.474899 2.215500 0.005100 -1.000000 0.003300 0.272000 0.490700
0 9.177700 -28.411200 2.229900 -0.978300 -0.206300 0.018200 0.277300 0.500000

0 16.422899 -26.481800 2.567900 -0.157000 0.760000 0.630700 0.277300 0.415500
0 16.415701 -26.447001 1.934600 -0.170000 0.822800 -0.542300 0.283000 0.416000
0 11.819400 -27.396500 1.934600 -0.235900 0.808100 -0.539700 0.283000 0.468800

0 10.001400 -28.041300 2.391400 -0.355800 0.674600 0.646800 0.277300 0.489700
0 9.995500 -28.012400 2.088500 -0.382300 0.787600 -0.483200 0.280000 0.490200
0 9.177700 -28.411200 2.229900 -0.978300 -0.206300 0.018200 0.277300 0.500000

0 9.995500 -28.012400 2.088500 -0.382300 0.787600 -0.483200 0.280000 0.490200
0 10.055800 -28.304300 1.947000 -0.258200 0.370100 -0.892400 0.283900 0.491200
0 9.177700 -28.411200 2.229900 -0.978300 -0.206300 0.018200 0.277300 0.500000

0 10.091000 -28.474899 2.215500 0.005100 -1.000000 0.003300 0.272000 0.490700
0 10.058400 -28.316999 2.453600 -0.125200 -0.397300 0.909100 0.274700 0.490200
0 9.177700 -28.411200 2.229900 -0.978300 -0.206300 0.018200 0.277300 0.500000

0 10.058400 -28.316999 2.453600 -0.125200 -0.397300 0.909100 0.274700 0.490200
0 10.001400 -28.041300 2.391400 -0.355800 0.674600 0.646800 0.277300 0.489700
0 9.177700 -28.411200 2.229900 -0.978300 -0.206300 0.018200 0.277300 0.500000

0 10.001400 -28.041300 2.391400 -0.355800 0.674600 0.646800 0.277300 0.489700
0 10.058400 -28.316999 2.453600 -0.125200 -0.397300 0.909100 0.274700 0.490200
0 11.952300 -28.039600 2.734400 0.001000 -0.372300 0.928100 0.271700 0.468800

0 11.952300 -28.039600 2.734400 0.001000 -0.372300 0.928100 0.271700 0.468800
0 11.826600 -27.431299 2.567900 -0.226200 0.743500 0.629400 0.277300 0.468300
0 10.001400 -28.041300 2.391400 -0.355800 0.674600 0.646800 0.277300 0.489700

0 9.995500 -28.012400 2.088500 -0.382300 0.787600 -0.483200 0.280000 0.490200
0 10.001400 -28.041300 2.391400 -0.355800 0.674600 0.646800 0.277300 0.489700
0 11.826600 -27.431299 2.567900 -0.226200 0.743500 0.629400 0.277300 0.468300

0 11.826600 -27.431299 2.567900 -0.226200 0.743500 0.629400 0.277300 0.468300
0 11.819400 -27.396500 1.934600 -0.235900 0.808100 -0.539700 0.283000 0.468800
0 9.995500 -28.012400 2.088500 -0.382300 0.787600 -0.483200 0.280000 0.490200

0 10.055800 -28.304300 1.947000 -0.258200 0.370100 -0.892400 0.283900 0.491200
0 9.995500 -28.012400 2.088500 -0.382300 0.787600 -0.483200 0.280000 0.490200
0 11.819400 -27.396500 1.934600 -0.235900 0.808100 -0.539700 0.283000 0.468800

0 11.819400 -27.396500 1.934600 -0.235900 0.808100 -0.539700 0.283000 0.468800
0 11.940100 -27.981001 1.704200 -0.123300 0.341800 -0.931700 0.291300 0.469700
0 10.055800 -28.304300 1.947000 -0.258200 0.370100 -0.892400 0.283900 0.491200

0 11.940100 -27.981001 1.704200 -0.123300 0.341800 -0.931700 0.291300 0.469700
0 11.819400 -27.396500 1.934600 -0.235900 0.808100 -0.539700 0.283000 0.468800
0 16.415701 -26.447001 1.934600 -0.170000 0.822800 -0.542300 0.283000 0.416000

0 16.415701 -26.447001 1.934600 -0.170000 0.822800 -0.542300 0.283000 0.416000
0 16.536400 -27.031500 1.704200 -0.072900 0.352700 -0.932900 0.292200 0.416500
0 11.940100 -27.981001 1.704200 -0.123300 0.341800 -0.931700 0.291300 0.469700

0 16.390100 -26.323299 2.056000 0.979300 0.202300 0.000000 0.301500 0.448700
0 16.458500 -26.654301 1.519200 0.979300 0.202400 0.000000 0.307400 0.445300
0 16.378000 -26.264700 1.025800 0.979300 0.202300 -0.000000 0.313500 0.452100

0 16.378000 -26.264700 1.025800 0.979300 0.202300 -0.000000 0.313500 0.452100
0 16.264500 -25.715000 1.889500 0.979300 0.202200 -0.000000 0.301300 0.455600
0 16.390100 -26.323299 2.056000 0.979300 0.202300 0.000000 0.301500 0.448700

0 16.264500 -25.715000 1.889500 0.979300 0.202200 -0.000000 0.301300 0.455600
0 16.378000 -26.264700 1.025800 0.979300 0.202300 -0.000000 0.313500 0.452100
0 16.257299 -25.680201 1.256200 0.979300 0.202200 -0.000000 0.307400 0.459000

0 11.862200 -27.603800 1.519200 0.128700 -0.990000 -0.057500 0.266100 0.469200
0 11.793800 -27.272800 2.056000 0.000900 -0.372300 0.928100 0.271700 0.468800
0 9.900000 -27.550200 1.775100 -0.125200 -0.397300 0.909100 0.274700 0.490200

0 9.900000 -27.550200 1.775100 -0.125200 -0.397300 0.909100 0.274700 0.490200
0 9.932600 -27.708099 1.537000 0.005000 -1.000000 0.003200 0.272000 0.490700
0 11.862200 -27.603800 1.519200 0.128700 -0.990000 -0.057500 0.266100 0.469200

0 11.661000 -26.629700 1.256200 -0.235900 0.808100 -0.539700 0.283000 0.468800
0 11.668200 -26.664499 1.889500 -0.226200 0.743400 0.629400 0.277300 0.468300
0 16.264500 -25.715000 1.889500 -0.157000 0.760000 0.630700 0.277300 0.415500

0 16.390100 -26.323299 2.056000 0.073800 -0.357300 0.931100 0.271700 0.416000
0 16.264500 -25.715000 1.889500 -0.157000 0.760000 0.630700 0.277300 0.415500
0 11.668200 -26.664499 1.889500 -0.226200 0.743400 0.629400 0.277300 0.468300

0 11.668200 -26.664499 1.889500 -0.226200 0.743400 0.629400 0.277300 0.468300
0 11.793800 -27.272800 2.056000 0.000900 -0.372300 0.928100 0.271700 0.468800
0 16.390100 -26.323299 2.056000 0.073800 -0.357300 0.931100 0.271700 0.416000

0 16.458500 -26.654301 1.519200 0.202000 -0.977700 -0.058300 0.265900 0.416500
0 16.390100 -26.323299 2.056000 0.073800 -0.357300 0.931100 0.271700 0.416000
0 11.793800 -27.272800 2.056000 0.000900 -0.372300 0.928100 0.271700 0.468800

0 11.793800 -27.272800 2.056000 0.000900 -0.372300 0.928100 0.271700 0.468800
0 11.862200 -27.603800 1.519200 0.128700 -0.990000 -0.057500 0.266100 0.469200
0 16.458500 -26.654301 1.519200 0.202000 -0.977700 -0.058300 0.265900 0.416500

0 16.378000 -26.264700 1.025800 0.157500 -0.762400 -0.627700 0.260000 0.416500
0 16.458500 -26.654301 1.519200 0.202000 -0.977700 -0.058300 0.265900 0.416500
0 11.862200 -27.603800 1.519200 0.128700 -0.990000 -0.057500 0.266100 0.469200

0 11.862200 -27.603800 1.519200 0.128700 -0.990000 -0.057500 0.266100 0.469200
0 11.781700 -27.214199 1.025800 0.100700 -0.776200 -0.622400 0.260500 0.470200
0 16.378000 -26.264700 1.025800 0.157500 -0.762400 -0.627700 0.260000 0.416500

0 11.781700 -27.214199 1.025800 0.100700 -0.776200 -0.622400 0.260500 0.470200
0 11.862200 -27.603800 1.519200 0.128700 -0.990000 -0.057500 0.266100 0.469200
0 9.932600 -27.708099 1.537000 0.005000 -1.000000 0.003200 0.272000 0.490700

0 9.932600 -27.708099 1.537000 0.005000 -1.000000 0.003200 0.272000 0.490700
0 9.897400 -27.537500 1.268600 0.010300 -0.843300 -0.537400 0.269300 0.492200
0 11.781700 -27.214199 1.025800 0.100700 -0.776200 -0.622400 0.260500 0.470200

0 9.897400 -27.537500 1.268600 0.010300 -0.843300 -0.537400 0.269300 0.492200
0 9.932600 -27.708099 1.537000 0.005000 -1.000000 0.003200 0.272000 0.490700
0 9.019300 -27.644300 1.551400 -0.978300 -0.206200 0.018100 0.277300 0.500000

0 16.264500 -25.715000 1.889500 -0.157000 0.760000 0.630700 0.277300 0.415500
0 16.257299 -25.680201 1.256200 -0.170000 0.822800 -0.542300 0.283000 0.416000
0 11.661000 -26.629700 1.256200 -0.235900 0.808100 -0.539700 0.283000 0.468800

0 9.843000 -27.274500 1.712900 -0.355700 0.674600 0.646900 0.277300 0.489700
0 9.837000 -27.245600 1.410000 -0.382300 0.787600 -0.483300 0.280000 0.490200
0 9.019300 -27.644300 1.551400 -0.978300 -0.206200 0.018100 0.277300 0.500000

0 9.837000 -27.245600 1.410000 -0.382300 0.787600 -0.483300 0.280000 0.490200
0 9.897400 -27.537500 1.268600 -0.258100 0.369900 -0.892500 0.283900 0.491200
0 9.019300 -27.644300 1.551400 -0.978300 -0.206200 0.018100 0.277300 0.500000

0 9.932600 -27.708099 1.537000 0.005000 -1.000000 0.003200 0.272000 0.490700
0 9.900000 -27.550200 1.775100 -0.125200 -0.397300 0.909100 0.274700 0.490200
0 9.019300 -27.644300 1.551400 -0.978300 -0.206200 0.018100 0.277300 0.500000

0 9.900000 -27.550200 1.775100 -0.125200 -0.397300 0.909100 0.274700 0.490200
0 9.843000 -27.274500 1.712900 -0.355700 0.674600 0.646900 0.277300 0.489700
0 9.019300 -27.644300 1.551400 -0.978300 -0.206200 0.018100 0.277300 0.500000

0 9.843000 -27.274500 1.712900 -0.355700 0.674600 0.646900 0.277300 0.489700
0 9.900000 -27.550200 1.775100 -0.125200 -0.397300 0.909100 0.274700 0.490200
0 11.793800 -27.272800 2.056000 0.000900 -0.372300 0.928100 0.271700 0.468800

0 11.793800 -27.272800 2.056000 0.000900 -0.372300 0.928100 0.271700 0.468800
0 11.668200 -26.664499 1.889500 -0.226200 0.743400 0.629400 0.277300 0.468300
0 9.843000 -27.274500 1.712900 -0.355700 0.674600 0.646900 0.277300 0.489700

0 9.837000 -27.245600 1.410000 -0.382300 0.787600 -0.483300 0.280000 0.490200
0 9.843000 -27.274500 1.712900 -0.355700 0.674600 0.646900 0.277300 0.489700
0 11.668200 -26.664499 1.889500 -0.226200 0.743400 0.629400 0.277300 0.468300

0 11.668200 -26.664499 1.889500 -0.226200 0.743400 0.629400 0.277300 0.468300
0 11.661000 -26.629700 1.256200 -0.235900 0.808100 -0.539700 0.283000 0.468800
0 9.837000 -27.245600 1.410000 -0.382300 0.787600 -0.483300 0.280000 0.490200

0 9.897400 -27.537500 1.268600 -0.258100 0.369900 -0.892500 0.283900 0.491200
0 9.837000 -27.245600 1.410000 -0.382300 0.787600 -0.483300 0.280000 0.490200
0 11.661000 -26.629700 1.256200 -0.235900 0.808100 -0.539700 0.283000 0.468800

0 11.661000 -26.629700 1.256200 -0.235900 0.808100 -0.539700 0.283000 0.468800
0 11.781700 -27.214199 1.025800 -0.123300 0.341800 -0.931700 0.291300 0.469700
0 9.897400 -27.537500 1.268600 -0.258100 0.369900 -0.892500 0.283900 0.491200

0 11.781700 -27.214199 1.025800 -0.123300 0.341800 -0.931700 0.291300 0.469700
0 11.661000 -26.629700 1.256200 -0.235900 0.808100 -0.539700 0.283000 0.468800
0 16.257299 -25.680201 1.256200 -0.170000 0.822800 -0.542300 0.283000 0.416000

0 16.257299 -25.680201 1.256200 -0.170000 0.822800 -0.542300 0.283000 0.416000
0 16.378000 -26.264700 1.025800 -0.072900 0.352700 -0.932900 0.292200 0.416500
0 11.781700 -27.214199 1.025800 -0.123300 0.341800 -0.931700 0.291300 0.469700

0 16.215900 -25.479799 1.505500 0.979300 0.202400 0.000000 0.301500 0.448700
0 16.284300 -25.810801 0.968700 0.979300 0.202400 0.000000 0.307400 0.445300
0 16.203800 -25.421200 0.475300 0.979300 0.202400 0.000000 0.313500 0.452100

0 16.203800 -25.421200 0.475300 0.979300 0.202400 0.000000 0.313500 0.452100
0 16.090200 -24.871500 1.339000 0.979300 0.202400 0.000000 0.301300 0.455600
0 16.215900 -25.479799 1.505500 0.979300 0.202400 0.000000 0.301500 0.448700

0 16.090200 -24.871500 1.339000 0.979300 0.202400 0.000000 0.301300 0.455600
0 16.203800 -25.421200 0.475300 0.979300 0.202400 0.000000 0.313500 0.452100
0 16.083000 -24.836700 0.705700 0.979300 0.202400 -0.000000 0.307400 0.459000

0 11.688000 -26.760401 0.968700 0.128700 -0.990000 -0.057500 0.266100 0.469200
0 11.619600 -26.429399 1.505500 0.000900 -0.372300 0.928100 0.271700 0.468800
0 9.725700 -26.706699 1.224600 -0.125100 -0.397400 0.909100 0.274700 0.490200

0 9.725700 -26.706699 1.224600 -0.125100 -0.397400 0.909100 0.274700 0.490200
0 9.758400 -26.864599 0.986500 0.005100 -1.000000 0.003300 0.272000 0.490700
0 11.688000 -26.760401 0.968700 0.128700 -0.990000 -0.057500 0.266100 0.469200

0 11.486700 -25.786200 0.705700 -0.235900 0.808100 -0.539700 0.283000 0.468800
0 11.493900 -25.821100 1.339000 -0.226200 0.743400 0.629400 0.277300 0.468300
0 16.090200 -24.871500 1.339000 -0.157000 0.760000 0.630700 0.277300 0.415500

0 16.215900 -25.479799 1.505500 0.073800 -0.357300 0.931100 0.271700 0.416000
0 16.090200 -24.871500 1.339000 -0.157000 0.760000 0.630700 0.277300 0.415500
0 11.493900 -25.821100 1.339000 -0.226200 0.743400 0.629400 0.277300 0.468300

0 11.493900 -25.821100 1.339000 -0.226200 0.743400 0.629400 0.277300 0.468300
0 11.619600 -26.429399 1.505500 0.000900 -0.372300 0.928100 0.271700 0.468800
0 16.215900 -25.479799 1.505500 0.073800 -0.357300 0.931100 0.271700 0.416000

0 16.284300 -25.810801 0.968700 0.202000 -0.977700 -0.058300 0.265900 0.416500
0 16.215900 -25.479799 1.505500 0.073800 -0.357300 0.931100 0.271700 0.416000
0 11.619600 -26.429399 1.505500 0.000900 -0.372300 0.928100 0.271700 0.468800

0 11.619600 -26.429399 1.505500 0.000900 -0.372300 0.928100 0.271700 0.468800
0 11.688000 -26.760401 0.968700 0.128700 -0.990000 -0.057500 0.266100 0.469200
0 16.284300 -25.810801 0.968700 0.202000 -0.977700 -0.058300 0.265900 0.416500

0 16.203800 -25.421200 0.475300 0.157500 -0.762400 -0.627700 0.260000 0.416500
0 16.284300 -25.810801 0.968700 0.202000 -0.977700 -0.058300 0.265900 0.416500
0 11.688000 -26.760401 0.968700 0.128700 -0.990000 -0.057500 0.266100 0.469200

0 11.688000 -26.760401 0.968700 0.128700 -0.990000 -0.057500 0.266100 0.469200
0 11.607500 -26.370800 0.475300 0.100700 -0.776200 -0.622400 0.260500 0.470200
0 16.203800 -25.421200 0.475300 0.157500 -0.762400 -0.627700 0.260000 0.416500

0 11.607500 -26.370800 0.475300 0.100700 -0.776200 -0.622400 0.260500 0.470200
0 11.688000 -26.760401 0.968700 0.128700 -0.990000 -0.057500 0.266100 0.469200
0 9.758400 -26.864599 0.986500 0.005100 -1.000000 0.003300 0.272000 0.490700

0 9.758400 -26.864599 0.986500 0.005100 -1.000000 0.003300 0.272000 0.490700
0 9.723100 -26.694099 0.718100 0.010300 -0.843400 -0.537100 0.269300 0.492200
0 11.607500 -26.370800 0.475300 0.100700 -0.776200 -0.622400 0.260500 0.470200

0 9.723100 -26.694099 0.718100 0.010300 -0.843400 -0.537100 0.269300 0.492200
0 9.758400 -26.864599 0.986500 0.005100 -1.000000 0.003300 0.272000 0.490700
0 8.845000 -26.800900 1.001000 -0.978300 -0.206300 0.018200 0.277300 0.500000

0 16.090200 -24.871500 1.339000 -0.157000 0.760000 0.630700 0.277300 0.415500
0 16.083000 -24.836700 0.705700 -0.170000 0.822800 -0.542300 0.283000 0.416000
0 11.486700 -25.786200 0.705700 -0.235900 0.808100 -0.539700 0.283000 0.468800

0 9.668800 -26.431000 1.162500 -0.355700 0.674500 0.646900 0.277300 0.489700
0 9.662800 -26.402100 0.859500 -0.382300 0.787600 -0.483300 0.280000 0.490200
0 8.845000 -26.800900 1.001000 -0.978300 -0.206300 0.018200 0.277300 0.500000

0 9.662800 -26.402100 0.859500 -0.382300 0.787600 -0.483300 0.280000 0.490200
0 9.723100 -26.694099 0.718100 -0.258200 0.369800 -0.892500 0.283900 0.491200
0 8.845000 -26.800900 1.001000 -0.978300 -0.206300 0.018200 0.277300 0.500000

0 9.758400 -26.864599 0.986500 0.005100 -1.000000 0.003300 0.272000 0.490700
0 9.725700 -26.706699 1.224600 -0.125100 -0.397400 0.909100 0.274700 0.490200
0 8.845000 -26.800900 1.001000 -0.978300 -0.206300 0.018200 0.277300 0.500000

0 9.725700 -26.706699 1.224600 -0.125100 -0.397400 0.909100 0.274700 0.490200
0 9.668800 -26.431000 1.162500 -0.355700 0.674500 0.646900 0.277300 0.489700
0 8.845000 -26.800900 1.001000 -0.978300 -0.206300 0.018200 0.277300 0.500000

0 9.668800 -26.431000 1.162500 -0.355700 0.674500 0.646900 0.277300 0.489700
0 9.725700 -26.706699 1.224600 -0.125100 -0.397400 0.909100 0.274700 0.490200
0 11.619600 -26.429399 1.505500 0.000900 -0.372300 0.928100 0.271700 0.468800

0 11.619600 -26.429399 1.505500 0.000900 -0.372300 0.928100 0.271700 0.468800
0 11.493900 -25.821100 1.339000 -0.226200 0.743400 0.629400 0.277300 0.468300
0 9.668800 -26.431000 1.162500 -0.355700 0.674500 0.646900 0.277300 0.489700

0 9.662800 -26.402100 0.859500 -0.382300 0.787600 -0.483300 0.280000 0.490200
0 9.668800 -26.431000 1.162500 -0.355700 0.674500 0.646900 0.277300 0.489700
0 11.493900 -25.821100 1.339000 -0.226200 0.743400 0.629400 0.277300 0.468300

0 11.493900 -25.821100 1.339000 -0.226200 0.743400 0.629400 0.277300 0.468300
0 11.486700 -25.786200 0.705700 -0.235900 0.808100 -0.539700 0.283000 0.468800
0 9.662800 -26.402100 0.859500 -0.382300 0.787600 -0.483300 0.280000 0.490200

0 9.723100 -26.694099 0.718100 -0.258200 0.369800 -0.892500 0.283900 0.491200
0 9.662800 -26.402100 0.859500 -0.382300 0.787600 -0.483300 0.280000 0.490200
0 11.486700 -25.786200 0.705700 -0.235900 0.808100 -0.539700 0.283000 0.468800

0 11.486700 -25.786200 0.705700 -0.235900 0.808100 -0.539700 0.283000 0.468800
0 11.607500 -26.370800 0.475300 -0.123300 0.341700 -0.931700 0.291300 0.469700
0 9.723100 -26.694099 0.718100 -0.258200 0.369800 -0.892500 0.283900 0.491200

0 11.607500 -26.370800 0.475300 -0.123300 0.341700 -0.931700 0.291300 0.469700
0 11.486700 -25.786200 0.705700 -0.235900 0.808100 -0.539700 0.283000 0.468800
0 16.083000 -24.836700 0.705700 -0.170000 0.822800 -0.542300 0.283000 0.416000

0 16.083000 -24.836700 0.705700 -0.170000 0.822800 -0.542300 0.283000 0.416000
0 16.203800 -25.421200 0.475300 -0.072900 0.352700 -0.932900 0.292200 0.416500
0 11.607500 -26.370800 0.475300 -0.123300 0.341700 -0.931700 0.291300 0.469700

0 16.032101 -24.590300 1.132900 0.979300 0.202300 0.000000 0.301500 0.448700
0 16.100500 -24.921301 0.596100 0.979300 0.202400 0.000000 0.307400 0.445300
0 16.020000 -24.531700 0.102700 0.979300 0.202300 -0.000000 0.313500 0.452100

0 16.020000 -24.531700 0.102700 0.979300 0.202300 -0.000000 0.313500 0.452100
0 15.906500 -23.982000 0.966400 0.979300 0.202200 -0.000000 0.301300 0.455600
0 16.032101 -24.590300 1.132900 0.979300 0.202300 0.000000 0.301500 0.448700

0 15.906500 -23.982000 0.966400 0.979300 0.202200 -0.000000 0.301300 0.455600
0 16.020000 -24.531700 0.102700 0.979300 0.202300 -0.000000 0.313500 0.452100
0 15.899300 -23.947201 0.333100 0.979300 0.202200 -0.000000 0.307400 0.459000

0 11.504200 -25.870800 0.596100 0.128700 -0.990000 -0.057500 0.266100 0.469200
0 11.435800 -25.539801 1.132900 0.000900 -0.372300 0.928100 0.271700 0.468800
0 9.542000 -25.817200 0.852000 -0.125100 -0.397500 0.909000 0.274700 0.490200

0 9.542000 -25.817200 0.852000 -0.125100 -0.397500 0.909000 0.274700 0.490200
0 9.574600 -25.975100 0.613900 0.005000 -1.000000 0.003200 0.272000 0.490700
0 11.504200 -25.870800 0.596100 0.128700 -0.990000 -0.057500 0.266100 0.469200

0 11.303000 -24.896700 0.333100 -0.235900 0.808100 -0.539700 0.283000 0.468800
0 11.310200 -24.931499 0.966400 -0.226200 0.743500 0.629400 0.277300 0.468300
0 15.906500 -23.982000 0.966400 -0.157000 0.760000 0.630700 0.277300 0.415500

0 16.032101 -24.590300 1.132900 0.073800 -0.357300 0.931100 0.271700 0.416000
0 15.906500 -23.982000 0.966400 -0.157000 0.760000 0.630700 0.277300 0.415500
0 11.310200 -24.931499 0.966400 -0.226200 0.743500 0.629400 0.277300 0.468300

0 11.310200 -24.931499 0.966400 -0.226200 0.743500 0.629400 0.277300 0.468300
0 11.435800 -25.539801 1.132900 0.000900 -0.372300 0.928100 0.271700 0.468800
0 16.032101 -24.590300 1.132900 0.073800 -0.357300 0.931100 0.271700 0.416000

0 16.100500 -24.921301 0.596100 0.202000 -0.977700 -0.058300 0.265900 0.416500
0 16.032101 -24.590300 1.132900 0.073800 -0.357300 0.931100 0.271700 0.416000
0 11.435800 -25.539801 1.132900 0.000900 -0.372300 0.928100 0.271700 0.468800

0 11.435800 -25.539801 1.132900 0.000900 -0.372300 0.928100 0.271700 0.468800
0 11.504200 -25.870800 0.596100 0.128700 -0.990000 -0.057500 0.266100 0.469200
0 16.100500 -24.921301 0.596100 0.202000 -0.977700 -0.058300 0.265900 0.416500

0 16.020000 -24.531700 0.102700 0.157500 -0.762400 -0.627700 0.260000 0.416500
0 16.100500 -24.921301 0.596100 0.202000 -0.977700 -0.058300 0.265900 0.416500
0 11.504200 -25.870800 0.596100 0.128700 -0.990000 -0.057500 0.266100 0.469200

0 11.504200 -25.870800 0.596100 0.128700 -0.990000 -0.057500 0.266100 0.469200
0 11.423700 -25.481199 0.102700 0.100700 -0.776200 -0.622400 0.260500 0.470200
0 16.020000 -24.531700 0.102700 0.157500 -0.762400 -0.627700 0.260000 0.416500

0 11.423700 -25.481199 0.102700 0.100700 -0.776200 -0.622400 0.260500 0.470200
0 11.504200 -25.870800 0.596100 0.128700 -0.990000 -0.057500 0.266100 0.469200
0 9.574600 -25.975100 0.613900 0.005000 -1.000000 0.003200 0.272000 0.490700

0 9.574600 -25.975100 0.613900 0.005000 -1.000000 0.003200 0.272000 0.490700
0 9.539400 -25.804501 0.345500 0.010300 -0.843300 -0.537400 0.269300 0.492200
0 11.423700 -25.481199 0.102700 0.100700 -0.776200 -0.622400 0.260500 0.470200

0 9.539400 -25.804501 0.345500 0.010300 -0.843300 -0.537400 0.269300 0.492200
0 9.574600 -25.975100 0.613900 0.005000 -1.000000 0.003200 0.272000 0.490700
0 8.661300 -25.911400 0.628400 -0.978300 -0.206300 0.018200 0.277300 0.500000

0 15.906500 -23.982000 0.966400 -0.157000 0.760000 0.630700 0.277300 0.415500
0 15.899300 -23.947201 0.333100 -0.170000 0.822800 -0.542300 0.283000 0.416000
0 11.303000 -24.896700 0.333100 -0.235900 0.808100 -0.539700 0.283000 0.468800

0 9.485000 -25.541500 0.789900 -0.355800 0.674500 0.646900 0.277300 0.489700
0 9.479000 -25.512600 0.486900 -0.382300 0.787600 -0.483300 0.280000 0.490200
0 8.661300 -25.911400 0.628400 -0.978300 -0.206300 0.018200 0.277300 0.500000

0 9.479000 -25.512600 0.486900 -0.382300 0.787600 -0.483300 0.280000 0.490200
0 9.539400 -25.804501 0.345500 -0.258200 0.369800 -0.892500 0.283900 0.491200
0 8.661300 -25.911400 0.628400 -0.978300 -0.206300 0.018200 0.277300 0.500000

0 9.574600 -25.975100 0.613900 0.005000 -1.000000 0.003200 0.272000 0.490700
0 9.542000 -25.817200 0.852000 -0.125100 -0.397500 0.909000 0.274700 0.490200
0 8.661300 -25.911400 0.628400 -0.978300 -0.206300 0.018200 0.277300 0.500000

0 9.542000 -25.817200 0.852000 -0.125100 -0.397500 0.909000 0.274700 0.490200
0 9.485000 -25.541500 0.789900 -0.355800 0.674500 0.646900 0.277300 0.489700
0 8.661300 -25.911400 0.628400 -0.978300 -0.206300 0.018200 0.277300 0.500000

0 9.485000 -25.541500 0.789900 -0.355800 0.674500 0.646900 0.277300 0.489700
0 9.542000 -25.817200 0.852000 -0.125100 -0.397500 0.909000 0.274700 0.490200
0 11.435800 -25.539801 1.132900 0.000900 -0.372300 0.928100 0.271700 0.468800

0 11.435800 -25.539801 1.132900 0.000900 -0.372300 0.928100 0.271700 0.468800
0 11.310200 -24.931499 0.966400 -0.226200 0.743500 0.629400 0.277300 0.468300
0 9.485000 -25.541500 0.789900 -0.355800 0.674500 0.646900 0.277300 0.489700

0 9.479000 -25.512600 0.486900 -0.382300 0.787600 -0.483300 0.280000 0.490200
0 9.485000 -25.541500 0.789900 -0.355800 0.674500 0.646900 0.277300 0.489700
0 11.310200 -24.931499 0.966400 -0.226200 0.743500 0.629400 0.277300 0.468300

0 11.310200 -24.931499 0.966400 -0.226200 0.743500 0.629400 0.277300 0.468300
0 11.303000 -24.896700 0.333100 -0.235900 0.808100 -0.539700 0.283000 0.468800
0 9.479000 -25.512600 0.486900 -0.382300 0.787600 -0.483300 0.280000 0.490200

0 9.539400 -25.804501 0.345500 -0.258200 0.369800 -0.892500 0.283900 0.491200
0 9.479000 -25.512600 0.486900 -0.382300 0.787600 -0.483300 0.280000 0.490200
0 11.303000 -24.896700 0.333100 -0.235900 0.808100 -0.539700 0.283000 0.468800

0 11.303000 -24.896700 0.333100 -0.235900 0.808100 -0.539700 0.283000 0.468800
0 11.423700 -25.481199 0.102700 -0.123300 0.341800 -0.931700 0.291300 0.469700
0 9.539400 -25.804501 0.345500 -0.258200 0.369800 -0.892500 0.283900 0.491200

0 11.423700 -25.481199 0.102700 -0.123300 0.341800 -0.931700 0.291300 0.469700
0 11.303000 -24.896700 0.333100 -0.235900 0.808100 -0.539700 0.283000 0.468800
0 15.899300 -23.947201 0.333100 -0.170000 0.822800 -0.542300 0.283000 0.416000

0 15.899300 -23.947201 0.333100 -0.170000 0.822800 -0.542300 0.283000 0.416000
0 16.020000 -24.531700 0.102700 -0.072900 0.352700 -0.932900 0.292200 0.416500
0 11.423700 -25.481199 0.102700 -0.123300 0.341800 -0.931700 0.291300 0.469700

0 15.706500 -20.839701 6.811300 1.000000 0.000000 0.000000 0.301500 0.448700
0 15.706500 -21.177700 6.274500 1.000000 0.000000 0.000000 0.307400 0.445300
0 15.706500 -20.779900 5.781100 1.000000 0.000000 0.000000 0.313500 0.452100

0 15.706500 -20.779900 5.781100 1.000000 0.000000 0.000000 0.313500 0.452100
0 15.706500 -20.218599 6.644800 1.000000 0.000000 0.000000 0.301300 0.455600
0 15.706500 -20.839701 6.811300 1.000000 0.000000 0.000000 0.301500 0.448700

0 15.706500 -20.218599 6.644800 1.000000 0.000000 0.000000 0.301300 0.455600
0 15.706500 -20.779900 5.781100 1.000000 0.000000 0.000000 0.313500 0.452100
0 15.706500 -20.183001 6.011500 1.000000 0.000000 0.000000 0.307400 0.459000

0 11.013200 -21.177700 6.274500 -0.074200 -0.995600 -0.057500 0.266100 0.469200
0 11.013200 -20.839701 6.811300 -0.074400 -0.364800 0.928100 0.271700 0.468800
0 9.102400 -20.728201 6.530400 -0.203000 -0.363900 0.909000 0.274700 0.490200

0 9.102400 -20.728201 6.530400 -0.203000 -0.363900 0.909000 0.274700 0.490200
0 9.102400 -20.889400 6.292300 -0.197300 -0.980300 0.003300 0.272000 0.490700
0 11.013200 -21.177700 6.274500 -0.074200 -0.995600 -0.057500 0.266100 0.469200

0 11.013200 -20.183001 6.011500 -0.067600 0.839200 -0.539700 0.283000 0.468800
0 11.013200 -20.218599 6.644800 -0.071100 0.773800 0.629400 0.277300 0.468300
0 15.706500 -20.218599 6.644800 0.000000 0.776000 0.630700 0.277300 0.415500

0 15.706500 -20.839701 6.811300 0.000000 -0.364800 0.931100 0.271700 0.416000
0 15.706500 -20.218599 6.644800 0.000000 0.776000 0.630700 0.277300 0.415500
0 11.013200 -20.218599 6.644800 -0.071100 0.773800 0.629400 0.277300 0.468300

0 11.013200 -20.218599 6.644800 -0.071100 0.773800 0.629400 0.277300 0.468300
0 11.013200 -20.839701 6.811300 -0.074400 -0.364800 0.928100 0.271700 0.468800
0 15.706500 -20.839701 6.811300 0.000000 -0.364800 0.931100 0.271700 0.416000

0 15.706500 -21.177700 6.274500 0.000000 -0.998300 -0.058300 0.265900 0.416500
0 15.706500 -20.839701 6.811300 0.000000 -0.364800 0.931100 0.271700 0.416000
0 11.013200 -20.839701 6.811300 -0.074400 -0.364800 0.928100 0.271700 0.468800

0 11.013200 -20.839701 6.811300 -0.074400 -0.364800 0.928100 0.271700 0.468800
0 11.013200 -21.177700 6.274500 -0.074200 -0.995600 -0.057500 0.266100 0.469200
0 15.706500 -21.177700 6.274500 0.000000 -0.998300 -0.058300 0.265900 0.416500

0 15.706500 -20.779900 5.781100 0.000000 -0.778500 -0.627700 0.260000 0.416500
0 15.706500 -21.177700 6.274500 0.000000 -0.998300 -0.058300 0.265900 0.416500
0 11.013200 -21.177700 6.274500 -0.074200 -0.995600 -0.057500 0.266100 0.469200

0 11.013200 -21.177700 6.274500 -0.074200 -0.995600 -0.057500 0.266100 0.469200
0 11.013200 -20.779900 5.781100 -0.058500 -0.780500 -0.622400 0.260500 0.470200
0 15.706500 -20.779900 5.781100 0.000000 -0.778500 -0.627700 0.260000 0.416500

0 11.013200 -20.779900 5.781100 -0.058500 -0.780500 -0.622400 0.260500 0.470200
0 11.013200 -21.177700 6.274500 -0.074200 -0.995600 -0.057500 0.266100 0.469200
0 9.102400 -20.889400 6.292300 -0.197300 -0.980300 0.003300 0.272000 0.490700

0 9.102400 -20.889400 6.292300 -0.197300 -0.980300 0.003300 0.272000 0.490700
0 9.102400 -20.715300 6.023900 -0.160500 -0.828100 -0.537100 0.269300 0.492200
0 11.013200 -20.779900 5.781100 -0.058500 -0.780500 -0.622400 0.260500 0.470200

0 9.102400 -20.715300 6.023900 -0.160500 -0.828100 -0.537100 0.269300 0.492200
0 9.102400 -20.889400 6.292300 -0.197300 -0.980300 0.003300 0.272000 0.490700
0 8.220900 -20.642300 6.306800 -0.999800 -0.004100 0.018200 0.277300 0.500000

0 15.706500 -20.218599 6.644800 0.000000 0.776000 0.630700 0.277300 0.415500
0 15.706500 -20.183001 6.011500 0.000000 0.840200 -0.542300 0.283000 0.416000
0 11.013200 -20.183001 6.011500 -0.067600 0.839200 -0.539700 0.283000 0.468800

0 9.102400 -20.446699 6.468300 -0.211900 0.732500 0.646900 0.277300 0.489700
0 9.102400 -20.417200 6.165300 -0.215100 0.848600 -0.483300 0.280000 0.490200
0 8.220900 -20.642300 6.306800 -0.999800 -0.004100 0.018200 0.277300 0.500000

0 9.102400 -20.417200 6.165300 -0.215100 0.848600 -0.483300 0.280000 0.490200
0 9.102400 -20.715300 6.023900 -0.178000 0.414400 -0.892500 0.283900 0.491200
0 8.220900 -20.642300 6.306800 -0.999800 -0.004100 0.018200 0.277300 0.500000

0 9.102400 -20.889400 6.292300 -0.197300 -0.980300 0.003300 0.272000 0.490700
0 9.102400 -20.728201 6.530400 -0.203000 -0.363900 0.909000 0.274700 0.490200
0 8.220900 -20.642300 6.306800 -0.999800 -0.004100 0.018200 0.277300 0.500000

0 9.102400 -20.728201 6.530400 -0.203000 -0.363900 0.909000 0.274700 0.490200
0 9.102400 -20.446699 6.468300 -0.211900 0.732500 0.646900 0.277300 0.489700
0 8.220900 -20.642300 6.306800 -0.999800 -0.004100 0.018200 0.277300 0.500000

0 9.102400 -20.446699 6.468300 -0.211900 0.732500 0.646900 0.277300 0.489700
0 9.102400 -20.728201 6.530400 -0.203000 -0.363900 0.909000 0.274700 0.490200
0 11.013200 -20.839701 6.811300 -0.074400 -0.364800 0.928100 0.271700 0.468800

0 11.013200 -20.839701 6.811300 -0.074400 -0.364800 0.928100 0.271700 0.468800
0 11.013200 -20.218599 6.644800 -0.071100 0.773800 0.629400 0.277300 0.468300
0 9.102400 -20.446699 6.468300 -0.211900 0.732500 0.646900 0.277300 0.489700

0 9.102400 -20.417200 6.165300 -0.215100 0.848600 -0.483300 0.280000 0.490200
0 9.102400 -20.446699 6.468300 -0.211900 0.732500 0.646900 0.277300 0.489700
0 11.013200 -20.218599 6.644800 -0.071100 0.773800 0.629400 0.277300 0.468300

0 11.013200 -20.218599 6.644800 -0.071100 0.773800 0.629400 0.277300 0.468300
0 11.013200 -20.183001 6.011500 -0.067600 0.839200 -0.539700 0.283000 0.468800
0 9.102400 -20.417200 6.165300 -0.215100 0.848600 -0.483300 0.280000 0.490200

0 9.102400 -20.715300 6.023900 -0.178000 0.414400 -0.892500 0.283900 0.491200
0 9.102400 -20.417200 6.165300 -0.215100 0.848600 -0.483300 0.280000 0.490200
0 11.013200 -20.183001 6.011500 -0.067600 0.839200 -0.539700 0.283000 0.468800

0 11.013200 -20.183001 6.011500 -0.067600 0.839200 -0.539700 0.283000 0.468800
0 11.013200 -20.779900 5.781100 -0.051600 0.359600 -0.931700 0.291300 0.469700
0 9.102400 -20.715300 6.023900 -0.178000 0.414400 -0.892500 0.283900 0.491200

0 11.013200 -20.779900 5.781100 -0.051600 0.359600 -0.931700 0.291300 0.469700
0 11.013200 -20.183001 6.011500 -0.067600 0.839200 -0.539700 0.283000 0.468800
0 15.706500 -20.183001 6.011500 0.000000 0.840200 -0.542300 0.283000 0.416000

0 15.706500 -20.183001 6.011500 0.000000 0.840200 -0.542300 0.283000 0.416000
0 15.706500 -20.779900 5.781100 0.000000 0.360100 -0.932900 0.292200 0.416500
0 11.013200 -20.779900 5.781100 -0.051600 0.359600 -0.931700 0.291300 0.469700

0 9.102400 -20.543100 7.548900 -0.202900 -0.363700 0.909100 0.274700 0.490200
0 9.102400 -20.704399 7.310800 -0.197400 -0.980300 0.003300 0.272000 0.490700
0 11.013200 -20.992599 7.293000 -0.074200 -0.995600 -0.057500 0.266100 0.469200

0 11.013200 -20.992599 7.293000 -0.074200 -0.995600 -0.057500 0.266100 0.469200
0 11.013200 -20.654600 7.829800 -0.074400 -0.364800 0.928100 0.271700 0.468800
0 9.102400 -20.543100 7.548900 -0.202900 -0.363700 0.909100 0.274700 0.490200

0 11.013200 -20.654600 7.829800 -0.074400 -0.364800 0.928100 0.271700 0.468800
0 11.013200 -20.992599 7.293000 -0.074200 -0.995600 -0.057500 0.266100 0.469200
0 15.706500 -20.992599 7.293000 0.000000 -0.998300 -0.058300 0.265900 0.416500

0 15.706500 -20.992599 7.293000 0.000000 -0.998300 -0.058300 0.265900 0.416500
0 15.706500 -20.654600 7.829800 0.000000 -0.364800 0.931100 0.271700 0.416000
0 11.013200 -20.654600 7.829800 -0.074400 -0.364800 0.928100 0.271700 0.468800

0 15.706500 -20.594801 6.799600 0.000000 -0.778500 -0.627700 0.260000 0.416500
0 15.706500 -20.992599 7.293000 0.000000 -0.998300 -0.058300 0.265900 0.416500
0 11.013200 -20.992599 7.293000 -0.074200 -0.995600 -0.057500 0.266100 0.469200

0 11.013200 -20.992599 7.293000 -0.074200 -0.995600 -0.057500 0.266100 0.469200
0 11.013200 -20.594801 6.799600 -0.058400 -0.780500 -0.622400 0.260500 0.470200
0 15.706500 -20.594801 6.799600 0.000000 -0.778500 -0.627700 0.260000 0.416500

0 11.013200 -20.594801 6.799600 -0.058400 -0.780500 -0.622400 0.260500 0.470200
0 11.013200 -20.992599 7.293000 -0.074200 -0.995600 -0.057500 0.266100 0.469200
0 9.102400 -20.704399 7.310800 -0.197400 -0.980300 0.003300 0.272000 0.490700

0 9.102400 -20.704399 7.310800 -0.197400 -0.980300 0.003300 0.272000 0.490700
0 9.102400 -20.530199 7.042400 -0.160500 -0.827900 -0.537400 0.269300 0.492200
0 11.013200 -20.594801 6.799600 -0.058400 -0.780500 -0.622400 0.260500 0.470200

0 9.102400 -20.530199 7.042400 -0.160500 -0.827900 -0.537400 0.269300 0.492200
0 9.102400 -20.704399 7.310800 -0.197400 -0.980300 0.003300 0.272000 0.490700
0 8.220900 -20.457199 7.325300 -0.999800 -0.004100 0.018200 0.277300 0.500000

0 9.102400 -20.704399 7.310800 -0.197400 -0.980300 0.003300 0.272000 0.490700
0 9.102400 -20.543100 7.548900 -0.202900 -0.363700 0.909100 0.274700 0.490200
0 8.220900 -20.457199 7.325300 -0.999800 -0.004100 0.018200 0.277300 0.500000

0 9.102400 -20.543100 7.548900 -0.202900 -0.363700 0.909100 0.274700 0.490200
0 9.102400 -20.261600 7.486700 -0.211900 0.732600 0.646800 0.277300 0.489700
0 8.220900 -20.457199 7.325300 -0.999800 -0.004100 0.018200 0.277300 0.500000

0 9.102400 -20.261600 7.486700 -0.211900 0.732600 0.646800 0.277300 0.489700
0 9.102400 -20.543100 7.548900 -0.202900 -0.363700 0.909100 0.274700 0.490200
0 11.013200 -20.654600 7.829800 -0.074400 -0.364800 0.928100 0.271700 0.468800

0 11.013200 -20.654600 7.829800 -0.074400 -0.364800 0.928100 0.271700 0.468800
0 11.013200 -20.033501 7.663300 -0.071200 0.773800 0.629400 0.277300 0.468300
0 9.102400 -20.261600 7.486700 -0.211900 0.732600 0.646800 0.277300 0.489700

0 11.013200 -20.033501 7.663300 -0.071200 0.773800 0.629400 0.277300 0.468300
0 11.013200 -20.654600 7.829800 -0.074400 -0.364800 0.928100 0.271700 0.468800
0 15.706500 -20.654600 7.829800 0.000000 -0.364800 0.931100 0.271700 0.416000

0 9.102400 -20.232100 7.183800 -0.215100 0.848600 -0.483300 0.280000 0.490200
0 9.102400 -20.530199 7.042400 -0.178000 0.414400 -0.892500 0.283900 0.491200
0 8.220900 -20.457199 7.325300 -0.999800 -0.004100 0.018200 0.277300 0.500000

0 9.102400 -20.261600 7.486700 -0.211900 0.732600 0.646800 0.277300 0.489700
0 9.102400 -20.232100 7.183800 -0.215100 0.848600 -0.483300 0.280000 0.490200
0 8.220900 -20.457199 7.325300 -0.999800 -0.004100 0.018200 0.277300 0.500000

0 9.102400 -20.232100 7.183800 -0.215100 0.848600 -0.483300 0.280000 0.490200
0 9.102400 -20.261600 7.486700 -0.211900 0.732600 0.646800 0.277300 0.489700
0 11.013200 -20.033501 7.663300 -0.071200 0.773800 0.629400 0.277300 0.468300

0 11.013200 -20.033501 7.663300 -0.071200 0.773800 0.629400 0.277300 0.468300
0 11.013200 -19.997900 7.030000 -0.067600 0.839200 -0.539700 0.283000 0.468800
0 9.102400 -20.232100 7.183800 -0.215100 0.848600 -0.483300 0.280000 0.490200

0 9.102400 -20.530199 7.042400 -0.178000 0.414400 -0.892500 0.283900 0.491200
0 9.102400 -20.232100 7.183800 -0.215100 0.848600 -0.483300 0.280000 0.490200
0 11.013200 -19.997900 7.030000 -0.067600 0.839200 -0.539700 0.283000 0.468800

0 11.013200 -19.997900 7.030000 -0.067600 0.839200 -0.539700 0.283000 0.468800
0 11.013200 -20.594801 6.799600 -0.051600 0.359600 -0.931700 0.291300 0.469700
0 9.102400 -20.530199 7.042400 -0.178000 0.414400 -0.892500 0.283900 0.491200

0 15.706500 -20.654600 7.829800 0.000000 -0.364800 0.931100 0.271700 0.416000
0 15.706500 -20.033501 7.663300 0.000000 0.776000 0.630700 0.277300 0.415500
0 11.013200 -20.033501 7.663300 -0.071200 0.773800 0.629400 0.277300 0.468300

0 11.013200 -19.997900 7.030000 -0.067600 0.839200 -0.539700 0.283000 0.468800
0 11.013200 -20.033501 7.663300 -0.071200 0.773800 0.629400 0.277300 0.468300
0 15.706500 -20.033501 7.663300 0.000000 0.776000 0.630700 0.277300 0.415500

0 15.706500 -20.033501 7.663300 0.000000 0.776000 0.630700 0.277300 0.415500
0 15.706500 -19.997900 7.030000 0.000000 0.840200 -0.542300 0.283000 0.416000
0 11.013200 -19.997900 7.030000 -0.067600 0.839200 -0.539700 0.283000 0.468800

0 11.013200 -20.594801 6.799600 -0.051600 0.359600 -0.931700 0.291300 0.469700
0 11.013200 -19.997900 7.030000 -0.067600 0.839200 -0.539700 0.283000 0.468800
0 15.706500 -19.997900 7.030000 0.000000 0.840200 -0.542300 0.283000 0.416000

0 15.706500 -19.997900 7.030000 0.000000 0.840200 -0.542300 0.283000 0.416000
0 15.706500 -20.594801 6.799600 0.000000 0.360100 -0.932900 0.292200 0.416500
0 11.013200 -20.594801 6.799600 -0.051600 0.359600 -0.931700 0.291300 0.469700

0 15.706500 -20.654600 8.848200 1.000000 0.000000 0.000000 0.301500 0.448700
0 15.706500 -20.992599 8.311400 1.000000 0.000000 0.000000 0.307400 0.445300
0 15.706500 -20.594801 7.818000 1.000000 0.000000 0.000000 0.313500 0.452100

0 15.706500 -20.594801 7.818000 1.000000 0.000000 0.000000 0.313500 0.452100
0 15.706500 -20.033501 8.681700 1.000000 0.000000 0.000000 0.301300 0.455600
0 15.706500 -20.654600 8.848200 1.000000 0.000000 0.000000 0.301500 0.448700

0 15.706500 -20.033501 8.681700 1.000000 0.000000 0.000000 0.301300 0.455600
0 15.706500 -20.594801 7.818000 1.000000 0.000000 0.000000 0.313500 0.452100
0 15.706500 -19.997900 8.048400 1.000000 0.000000 0.000000 0.307400 0.459000

0 11.013200 -20.992599 8.311400 -0.074200 -0.995600 -0.057500 0.266100 0.469200
0 11.013200 -20.654600 8.848200 -0.074400 -0.364800 0.928100 0.271700 0.468800
0 9.102400 -20.543100 8.567400 -0.203000 -0.363700 0.909100 0.274700 0.490200

0 9.102400 -20.543100 8.567400 -0.203000 -0.363700 0.909100 0.274700 0.490200
0 9.102400 -20.704399 8.329300 -0.197400 -0.980300 0.003400 0.272000 0.490700
0 11.013200 -20.992599 8.311400 -0.074200 -0.995600 -0.057500 0.266100 0.469200

0 11.013200 -19.997900 8.048400 -0.067600 0.839200 -0.539700 0.283000 0.468800
0 11.013200 -20.033501 8.681700 -0.071100 0.773800 0.629400 0.277300 0.468300
0 15.706500 -20.033501 8.681700 0.000000 0.776000 0.630700 0.277300 0.415500

0 15.706500 -20.654600 8.848200 0.000000 -0.364800 0.931100 0.271700 0.416000
0 15.706500 -20.033501 8.681700 0.000000 0.776000 0.630700 0.277300 0.415500
0 11.013200 -20.033501 8.681700 -0.071100 0.773800 0.629400 0.277300 0.468300

0 11.013200 -20.033501 8.681700 -0.071100 0.773800 0.629400 0.277300 0.468300
0 11.013200 -20.654600 8.848200 -0.074400 -0.364800 0.928100 0.271700 0.468800
0 15.706500 -20.654600 8.848200 0.000000 -0.364800 0.931100 0.271700 0.416000

0 15.706500 -20.992599 8.311400 0.000000 -0.998300 -0.058300 0.265900 0.416500
0 15.706500 -20.654600 8.848200 0.000000 -0.364800 0.931100 0.271700 0.416000
0 11.013200 -20.654600 8.848200 -0.074400 -0.364800 0.928100 0.271700 0.468800

0 11.013200 -20.654600 8.848200 -0.074400 -0.364800 0.928100 0.271700 0.468800
0 11.013200 -20.992599 8.311400 -0.074200 -0.995600 -0.057500 0.266100 0.469200
0 15.706500 -20.992599 8.311400 0.000000 -0.998300 -0.058300 0.265900 0.416500

0 15.706500 -20.594801 7.818000 0.000000 -0.778500 -0.627700 0.260000 0.416500
0 15.706500 -20.992599 8.311400 0.000000 -0.998300 -0.058300 0.265900 0.416500
0 11.013200 -20.992599 8.311400 -0.074200 -0.995600 -0.057500 0.266100 0.469200

0 11.013200 -20.992599 8.311400 -0.074200 -0.995600 -0.057500 0.266100 0.469200
0 11.013200 -20.594801 7.818000 -0.058500 -0.780500 -0.622400 0.260500 0.470200
0 15.706500 -20.594801 7.818000 0.000000 -0.778500 -0.627700 0.260000 0.416500

0 11.013200 -20.594801 7.818000 -0.058500 -0.780500 -0.622400 0.260500 0.470200
0 11.013200 -20.992599 8.311400 -0.074200 -0.995600 -0.057500 0.266100 0.469200
0 9.102400 -20.704399 8.329300 -0.197400 -0.980300 0.003400 0.272000 0.490700

0 9.102400 -20.704399 8.329300 -0.197400 -0.980300 0.003400 0.272000 0.490700
0 9.102400 -20.530199 8.060800 -0.160500 -0.828000 -0.537200 0.269300 0.492200
0 11.013200 -20.594801 7.818000 -0.058500 -0.780500 -0.622400 0.260500 0.470200

0 9.102400 -20.530199 8.060800 -0.160500 -0.828000 -0.537200 0.269300 0.492200
0 9.102400 -20.704399 8.329300 -0.197400 -0.980300 0.003400 0.272000 0.490700
0 8.220900 -20.457199 8.343700 -0.999800 -0.004000 0.018200 0.277300 0.500000

0 15.706500 -20.033501 8.681700 0.000000 0.776000 0.630700 0.277300 0.415500
0 15.706500 -19.997900 8.048400 0.000000 0.840200 -0.542300 0.283000 0.416000
0 11.013200 -19.997900 8.048400 -0.067600 0.839200 -0.539700 0.283000 0.468800

0 9.102400 -20.261600 8.505200 -0.211900 0.732600 0.646800 0.277300 0.489700
0 9.102400 -20.232100 8.202300 -0.215100 0.848700 -0.483200 0.280000 0.490200
0 8.220900 -20.457199 8.343700 -0.999800 -0.004000 0.018200 0.277300 0.500000

0 9.102400 -20.232100 8.202300 -0.215100 0.848700 -0.483200 0.280000 0.490200
0 9.102400 -20.530199 8.060800 -0.178000 0.414700 -0.892400 0.283900 0.491200
0 8.220900 -20.457199 8.343700 -0.999800 -0.004000 0.018200 0.277300 0.500000

0 9.102400 -20.704399 8.329300 -0.197400 -0.980300 0.003400 0.272000 0.490700
0 9.102400 -20.543100 8.567400 -0.203000 -0.363700 0.909100 0.274700 0.490200
0 8.220900 -20.457199 8.343700 -0.999800 -0.004000 0.018200 0.277300 0.500000

0 9.102400 -20.543100 8.567400 -0.203000 -0.363700 0.909100 0.274700 0.490200
0 9.102400 -20.261600 8.505200 -0.211900 0.732600 0.646800 0.277300 0.489700
0 8.220900 -20.457199 8.343700 -0.999800 -0.004000 0.018200 0.277300 0.500000

0 9.102400 -20.261600 8.505200 -0.211900 0.732600 0.646800 0.277300 0.489700
0 9.102400 -20.543100 8.567400 -0.203000 -0.363700 0.909100 0.274700 0.490200
0 11.013200 -20.654600 8.848200 -0.074400 -0.364800 0.928100 0.271700 0.468800

0 11.013200 -20.654600 8.848200 -0.074400 -0.364800 0.928100 0.271700 0.468800
0 11.013200 -20.033501 8.681700 -0.071100 0.773800 0.629400 0.277300 0.468300
0 9.102400 -20.261600 8.505200 -0.211900 0.732600 0.646800 0.277300 0.489700

0 9.102400 -20.232100 8.202300 -0.215100 0.848700 -0.483200 0.280000 0.490200
0 9.102400 -20.261600 8.505200 -0.211900 0.732600 0.646800 0.277300 0.489700
0 11.013200 -20.033501 8.681700 -0.071100 0.773800 0.629400 0.277300 0.468300

0 11.013200 -20.033501 8.681700 -0.071100 0.773800 0.629400 0.277300 0.468300
0 11.013200 -19.997900 8.048400 -0.067600 0.839200 -0.539700 0.283000 0.468800
0 9.102400 -20.232100 8.202300 -0.215100 0.848700 -0.483200 0.280000 0.490200

0 9.102400 -20.530199 8.060800 -0.178000 0.414700 -0.892400 0.283900 0.491200
0 9.102400 -20.232100 8.202300 -0.215100 0.848700 -0.483200 0.280000 0.490200
0 11.013200 -19.997900 8.048400 -0.067600 0.839200 -0.539700 0.283000 0.468800

0 11.013200 -19.997900 8.048400 -0.067600 0.839200 -0.539700 0.283000 0.468800
0 11.013200 -20.594801 7.818000 -0.051600 0.359600 -0.931700 0.291300 0.469700
0 9.102400 -20.530199 8.060800 -0.178000 0.414700 -0.892400 0.283900 0.491200

0 11.013200 -20.594801 7.818000 -0.051600 0.359600 -0.931700 0.291300 0.469700
0 11.013200 -19.997900 8.048400 -0.067600 0.839200 -0.539700 0.283000 0.468800
0 15.706500 -19.997900 8.048400 0.000000 0.840200 -0.542300 0.283000 0.416000

0 15.706500 -19.997900 8.048400 0.000000 0.840200 -0.542300 0.283000 0.416000
0 15.706500 -20.594801 7.818000 0.000000 0.360100 -0.932900 0.292200 0.416500
0 11.013200 -20.594801 7.818000 -0.051600 0.359600 -0.931700 0.291300 0.469700

0 15.706500 -20.654600 9.866700 1.000000 0.000000 0.000000 0.301500 0.448700
0 15.706500 -20.992599 9.329900 1.000000 0.000000 0.000000 0.307400 0.445300
0 15.706500 -20.594801 8.836500 1.000000 0.000000 0.000000 0.313500 0.452100

0 15.706500 -20.594801 8.836500 1.000000 0.000000 0.000000 0.313500 0.452100
0 15.706500 -20.033501 9.700200 1.000000 0.000000 0.000000 0.301300 0.455600
0 15.706500 -20.654600 9.866700 1.000000 0.000000 0.000000 0.301500 0.448700

0 15.706500 -20.033501 9.700200 1.000000 0.000000 0.000000 0.301300 0.455600
0 15.706500 -20.594801 8.836500 1.000000 0.000000 0.000000 0.313500 0.452100
0 15.706500 -19.997900 9.066900 1.000000 0.000000 0.000000 0.307400 0.459000

0 11.013200 -20.992599 9.329900 -0.074200 -0.995600 -0.057500 0.266100 0.469200
0 11.013200 -20.654600 9.866700 -0.074400 -0.364800 0.928100 0.271700 0.468800
0 9.102400 -20.543100 9.585900 -0.203000 -0.363700 0.909100 0.274700 0.490200

0 9.102400 -20.543100 9.585900 -0.203000 -0.363700 0.909100 0.274700 0.490200
0 9.102400 -20.704399 9.347700 -0.197400 -0.980300 0.003200 0.272000 0.490700
0 11.013200 -20.992599 9.329900 -0.074200 -0.995600 -0.057500 0.266100 0.469200

0 11.013200 -19.997900 9.066900 -0.067600 0.839200 -0.539700 0.283000 0.468800
0 11.013200 -20.033501 9.700200 -0.071100 0.773800 0.629400 0.277300 0.468300
0 15.706500 -20.033501 9.700200 0.000000 0.776000 0.630700 0.277300 0.415500

0 15.706500 -20.654600 9.866700 0.000000 -0.364800 0.931100 0.271700 0.416000
0 15.706500 -20.033501 9.700200 0.000000 0.776000 0.630700 0.277300 0.415500
0 11.013200 -20.033501 9.700200 -0.071100 0.773800 0.629400 0.277300 0.468300

0 11.013200 -20.033501 9.700200 -0.071100 0.773800 0.629400 0.277300 0.468300
0 11.013200 -20.654600 9.866700 -0.074400 -0.364800 0.928100 0.271700 0.468800
0 15.706500 -20.654600 9.866700 0.000000 -0.364800 0.931100 0.271700 0.416000

0 15.706500 -20.992599 9.329900 0.000000 -0.998300 -0.058300 0.265900 0.416500
0 15.706500 -20.654600 9.866700 0.000000 -0.364800 0.931100 0.271700 0.416000
0 11.013200 -20.654600 9.866700 -0.074400 -0.364800 0.928100 0.271700 0.468800

0 11.013200 -20.654600 9.866700 -0.074400 -0.364800 0.928100 0.271700 0.468800
0 11.013200 -20.992599 9.329900 -0.074200 -0.995600 -0.057500 0.266100 0.469200
0 15.706500 -20.992599 9.329900 0.000000 -0.998300 -0.058300 0.265900 0.416500

0 15.706500 -20.594801 8.836500 0.000000 -0.778500 -0.627700 0.260000 0.416500
0 15.706500 -20.992599 9.329900 0.000000 -0.998300 -0.058300 0.265900 0.416500
0 11.013200 -20.992599 9.329900 -0.074200 -0.995600 -0.057500 0.266100 0.469200

0 11.013200 -20.992599 9.329900 -0.074200 -0.995600 -0.057500 0.266100 0.469200
0 11.013200 -20.594801 8.836500 -0.058400 -0.780500 -0.622400 0.260500 0.470200
0 15.706500 -20.594801 8.836500 0.000000 -0.778500 -0.627700 0.260000 0.416500

0 11.013200 -20.594801 8.836500 -0.058400 -0.780500 -0.622400 0.260500 0.470200
0 11.013200 -20.992599 9.329900 -0.074200 -0.995600 -0.057500 0.266100 0.469200
0 9.102400 -20.704399 9.347700 -0.197400 -0.980300 0.003200 0.272000 0.490700

0 9.102400 -20.704399 9.347700 -0.197400 -0.980300 0.003200 0.272000 0.490700
0 9.102400 -20.530199 9.079300 -0.160500 -0.827900 -0.537400 0.269300 0.492200
0 11.013200 -20.594801 8.836500 -0.058400 -0.780500 -0.622400 0.260500 0.470200

0 9.102400 -20.530199 9.079300 -0.160500 -0.827900 -0.537400 0.269300 0.492200
0 9.102400 -20.704399 9.347700 -0.197400 -0.980300 0.003200 0.272000 0.490700
0 8.220900 -20.457199 9.362200 -0.999800 -0.004000 0.018200 0.277300 0.500000

0 15.706500 -20.033501 9.700200 0.000000 0.776000 0.630700 0.277300 0.415500
0 15.706500 -19.997900 9.066900 0.000000 0.840200 -0.542300 0.283000 0.416000
0 11.013200 -19.997900 9.066900 -0.067600 0.839200 -0.539700 0.283000 0.468800

0 9.102400 -20.261600 9.523700 -0.211900 0.732600 0.646800 0.277300 0.489700
0 9.102400 -20.232100 9.220800 -0.215100 0.848700 -0.483200 0.280000 0.490200
0 8.220900 -20.457199 9.362200 -0.999800 -0.004000 0.018200 0.277300 0.500000

0 9.102400 -20.232100 9.220800 -0.215100 0.848700 -0.483200 0.280000 0.490200
0 9.102400 -20.530199 9.079300 -0.178000 0.414700 -0.892400 0.283900 0.491200
0 8.220900 -20.457199 9.362200 -0.999800 -0.004000 0.018200 0.277300 0.500000

0 9.102400 -20.704399 9.347700 -0.197400 -0.980300 0.003200 0.272000 0.490700
0 9.102400 -20.543100 9.585900 -0.203000 -0.363700 0.909100 0.274700 0.490200
0 8.220900 -20.457199 9.362200 -0.999800 -0.004000 0.018200 0.277300 0.500000

0 9.102400 -20.543100 9.585900 -0.203000 -0.363700 0.909100 0.274700 0.490200
0 9.102400 -20.261600 9.523700 -0.211900 0.732600 0.646800 0.277300 0.489700
0 8.220900 -20.457199 9.362200 -0.999800 -0.004000 0.018200 0.277300 0.500000

0 9.102400 -20.261600 9.523700 -0.211900 0.732600 0.646800 0.277300 0.489700
0 9.102400 -20.543100 9.585900 -0.203000 -0.363700 0.909100 0.274700 0.490200
0 11.013200 -20.654600 9.866700 -0.074400 -0.364800 0.928100 0.271700 0.468800

0 11.013200 -20.654600 9.866700 -0.074400 -0.364800 0.928100 0.271700 0.468800
0 11.013200 -20.033501 9.700200 -0.071100 0.773800 0.629400 0.277300 0.468300
0 9.102400 -20.261600 9.523700 -0.211900 0.732600 0.646800 0.277300 0.489700

0 9.102400 -20.232100 9.220800 -0.215100 0.848700 -0.483200 0.280000 0.490200
0 9.102400 -20.261600 9.523700 -0.211900 0.732600 0.646800 0.277300 0.489700
0 11.013200 -20.033501 9.700200 -0.071100 0.773800 0.629400 0.277300 0.468300

0 11.013200 -20.033501 9.700200 -0.071100 0.773800 0.629400 0.277300 0.468300
0 11.013200 -19.997900 9.066900 -0.067600 0.839200 -0.539700 0.283000 0.468800
0 9.102400 -20.232100 9.220800 -0.215100 0.848700 -0.483200 0.280000 0.490200

0 9.102400 -20.530199 9.079300 -0.178000 0.414700 -0.892400 0.283900 0.491200
0 9.102400 -20.232100 9.220800 -0.215100 0.848700 -0.483200 0.280000 0.490200
0 11.013200 -19.997900 9.066900 -0.067600 0.839200 -0.539700 0.283000 0.468800

0 11.013200 -19.997900 9.066900 -0.067600 0.839200 -0.539700 0.283000 0.468800
0 11.013200 -20.594801 8.836500 -0.051600 0.359600 -0.931700 0.291300 0.469700
0 9.102400 -20.530199 9.079300 -0.178000 0.414700 -0.892400 0.283900 0.491200

0 11.013200 -20.594801 8.836500 -0.051600 0.359600 -0.931700 0.291300 0.469700
0 11.013200 -19.997900 9.066900 -0.067600 0.839200 -0.539700 0.283000 0.468800
0 15.706500 -19.997900 9.066900 0.000000 0.840200 -0.542300 0.283000 0.416000

0 15.706500 -19.997900 9.066900 0.000000 0.840200 -0.542300 0.283000 0.416000
0 15.706500 -20.594801 8.836500 0.000000 0.360100 -0.932900 0.292200 0.416500
0 11.013200 -20.594801 8.836500 -0.051600 0.359600 -0.931700 0.291300 0.469700

0 15.706500 -20.654600 10.851400 1.000000 0.000000 0.000000 0.301500 0.448700
0 15.706500 -20.992599 10.314600 1.000000 0.000000 0.000000 0.307400 0.445300
0 15.706500 -20.594801 9.821200 1.000000 0.000000 0.000000 0.313500 0.452100

0 15.706500 -20.594801 9.821200 1.000000 0.000000 0.000000 0.313500 0.452100
0 15.706500 -20.033501 10.684900 1.000000 0.000000 0.000000 0.301300 0.455600
0 15.706500 -20.654600 10.851400 1.000000 0.000000 0.000000 0.301500 0.448700

0 15.706500 -20.033501 10.684900 1.000000 0.000000 0.000000 0.301300 0.455600
0 15.706500 -20.594801 9.821200 1.000000 0.000000 0.000000 0.313500 0.452100
0 15.706500 -19.997900 10.051600 1.000000 0.000000 0.000000 0.307400 0.459000

0 11.013200 -20.992599 10.314600 -0.074200 -0.995600 -0.057500 0.266100 0.469200
0 11.013200 -20.654600 10.851400 -0.074400 -0.364800 0.928100 0.271700 0.468800
0 9.102400 -20.543100 10.570500 -0.202900 -0.363700 0.909100 0.274700 0.490200

0 9.102400 -20.543100 10.570500 -0.202900 -0.363700 0.909100 0.274700 0.490200
0 9.102400 -20.704399 10.332400 -0.197400 -0.980300 0.003300 0.272000 0.490700
0 11.013200 -20.992599 10.314600 -0.074200 -0.995600 -0.057500 0.266100 0.469200

0 11.013200 -19.997900 10.051600 -0.067600 0.839200 -0.539700 0.283000 0.468800
0 11.013200 -20.033501 10.684900 -0.071200 0.773800 0.629400 0.277300 0.468300
0 15.706500 -20.033501 10.684900 0.000000 0.776000 0.630700 0.277300 0.415500

0 15.706500 -20.654600 10.851400 0.000000 -0.364800 0.931100 0.271700 0.416000
0 15.706500 -20.033501 10.684900 0.000000 0.776000 0.630700 0.277300 0.415500
0 11.013200 -20.033501 10.684900 -0.071200 0.773800 0.629400 0.277300 0.468300

0 11.013200 -20.033501 10.684900 -0.071200 0.773800 0.629400 0.277300 0.468300
0 11.013200 -20.654600 10.851400 -0.074400 -0.364800 0.928100 0.271700 0.468800
0 15.706500 -20.654600 10.851400 0.000000 -0.364800 0.931100 0.271700 0.416000

0 15.706500 -20.992599 10.314600 0.000000 -0.998300 -0.058300 0.265900 0.416500
0 15.706500 -20.654600 10.851400 0.000000 -0.364800 0.931100 0.271700 0.416000
0 11.013200 -20.654600 10.851400 -0.074400 -0.364800 0.928100 0.271700 0.468800

0 11.013200 -20.654600 10.851400 -0.074400 -0.364800 0.928100 0.271700 0.468800
0 11.013200 -20.992599 10.314600 -0.074200 -0.995600 -0.057500 0.266100 0.469200
0 15.706500 -20.992599 10.314600 0.000000 -0.998300 -0.058300 0.265900 0.416500

0 15.706500 -20.594801 9.821200 0.000000 -0.778500 -0.627700 0.260000 0.416500
0 15.706500 -20.992599 10.314600 0.000000 -0.998300 -0.058300 0.265900 0.416500
0 11.013200 -20.992599 10.314600 -0.074200 -0.995600 -0.057500 0.266100 0.469200

0 11.013200 -20.992599 10.314600 -0.074200 -0.995600 -0.057500 0.266100 0.469200
0 11.013200 -20.594801 9.821200 -0.058400 -0.780500 -0.622400 0.260500 0.470200
0 15.706500 -20.594801 9.821200 0.000000 -0.778500 -0.627700 0.260000 0.416500

0 11.013200 -20.594801 9.821200 -0.058400 -0.780500 -0.622400 0.260500 0.470200
0 11.013200 -20.992599 10.314600 -0.074200 -0.995600 -0.057500 0.266100 0.469200
0 9.102400 -20.704399 10.332400 -0.197400 -0.980300 0.003300 0.272000 0.490700

0 9.102400 -20.704399 10.332400 -0.197400 -0.980300 0.003300 0.272000 0.490700
0 9.102400 -20.530199 10.064000 -0.160500 -0.827900 -0.537400 0.269300 0.492200
0 11.013200 -20.594801 9.821200 -0.058400 -0.780500 -0.622400 0.260500 0.470200

0 9.102400 -20.530199 10.064000 -0.160500 -0.827900 -0.537400 0.269300 0.492200
0 9.102400 -20.704399 10.332400 -0.197400 -0.980300 0.003300 0.272000 0.490700
0 8.220900 -20.457199 10.346900 -0.999800 -0.004100 0.018200 0.277300 0.500000

0 15.706500 -20.033501 10.684900 0.000000 0.776000 0.630700 0.277300 0.415500
0 15.706500 -19.997900 10.051600 0.000000 0.840200 -0.542300 0.283000 0.416000
0 11.013200 -19.997900 10.051600 -0.067600 0.839200 -0.539700 0.283000 0.468800

0 9.102400 -20.261600 10.508300 -0.211900 0.732600 0.646800 0.277300 0.489700
0 9.102400 -20.232100 10.205400 -0.215100 0.848600 -0.483300 0.280000 0.490200
0 8.220900 -20.457199 10.346900 -0.999800 -0.004100 0.018200 0.277300 0.500000

0 9.102400 -20.232100 10.205400 -0.215100 0.848600 -0.483300 0.280000 0.490200
0 9.102400 -20.530199 10.064000 -0.178000 0.414400 -0.892500 0.283900 0.491200
0 8.220900 -20.457199 10.346900 -0.999800 -0.004100 0.018200 0.277300 0.500000

0 9.102400 -20.704399 10.332400 -0.197400 -0.980300 0.003300 0.272000 0.490700
0 9.102400 -20.543100 10.570500 -0.202900 -0.363700 0.909100 0.274700 0.490200
0 8.220900 -20.457199 10.346900 -0.999800 -0.004100 0.018200 0.277300 0.500000

0 9.102400 -20.543100 10.570500 -0.202900 -0.363700 0.909100 0.274700 0.490200
0 9.102400 -20.261600 10.508300 -0.211900 0.732600 0.646800 0.277300 0.489700
0 8.220900 -20.457199 10.346900 -0.999800 -0.004100 0.018200 0.277300 0.500000

0 9.102400 -20.261600 10.508300 -0.211900 0.732600 0.646800 0.277300 0.489700
0 9.102400 -20.543100 10.570500 -0.202900 -0.363700 0.909100 0.274700 0.490200
0 11.013200 -20.654600 10.851400 -0.074400 -0.364800 0.928100 0.271700 0.468800

0 11.013200 -20.654600 10.851400 -0.074400 -0.364800 0.928100 0.271700 0.468800
0 11.013200 -20.033501 10.684900 -0.071200 0.773800 0.629400 0.277300 0.468300
0 9.102400 -20.261600 10.508300 -0.211900 0.732600 0.646800 0.277300 0.489700

0 9.102400 -20.232100 10.205400 -0.215100 0.848600 -0.483300 0.280000 0.490200
0 9.102400 -20.261600 10.508300 -0.211900 0.732600 0.646800 0.277300 0.489700
0 11.013200 -20.033501 10.684900 -0.071200 0.773800 0.629400 0.277300 0.468300

0 11.013200 -20.033501 10.684900 -0.071200 0.773800 0.629400 0.277300 0.468300
0 11.013200 -19.997900 10.051600 -0.067600 0.839200 -0.539700 0.283000 0.468800
0 9.102400 -20.232100 10.205400 -0.215100 0.848600 -0.483300 0.280000 0.490200

0 9.102400 -20.530199 10.064000 -0.178000 0.414400 -0.892500 0.283900 0.491200
0 9.102400 -20.232100 10.205400 -0.215100 0.848600 -0.483300 0.280000 0.490200
0 11.013200 -19.997900 10.051600 -0.067600 0.839200 -0.539700 0.283000 0.468800

0 11.013200 -19.997900 10.051600 -0.067600 0.839200 -0.539700 0.283000 0.468800
0 11.013200 -20.594801 9.821200 -0.051600 0.359600 -0.931700 0.291300 0.469700
0 9.102400 -20.530199 10.064000 -0.178000 0.414400 -0.892500 0.283900 0.491200

0 11.013200 -20.594801 9.821200 -0.051600 0.359600 -0.931700 0.291300 0.469700
0 11.013200 -19.997900 10.051600 -0.067600 0.839200 -0.539700 0.283000 0.468800
0 15.706500 -19.997900 10.051600 0.000000 0.840200 -0.542300 0.283000 0.416000

0 15.706500 -19.997900 10.051600 0.000000 0.840200 -0.542300 0.283000 0.416000
0 15.706500 -20.594801 9.821200 0.000000 0.360100 -0.932900 0.292200 0.416500
0 11.013200 -20.594801 9.821200 -0.051600 0.359600 -0.931700 0.291300 0.469700

0 15.706500 -20.654600 11.863200 1.000000 0.000000 0.000000 0.301500 0.448700
0 15.706500 -20.992599 11.326400 1.000000 0.000000 0.000000 0.307400 0.445300
0 15.706500 -20.594801 10.833000 1.000000 0.000000 0.000000 0.313500 0.452100

0 15.706500 -20.594801 10.833000 1.000000 0.000000 0.000000 0.313500 0.452100
0 15.706500 -20.033501 11.696700 1.000000 0.000000 0.000000 0.301300 0.455600
0 15.706500 -20.654600 11.863200 1.000000 0.000000 0.000000 0.301500 0.448700

0 15.706500 -20.033501 11.696700 1.000000 0.000000 0.000000 0.301300 0.455600
0 15.706500 -20.594801 10.833000 1.000000 0.000000 0.000000 0.313500 0.452100
0 15.706500 -19.997900 11.063400 1.000000 0.000000 0.000000 0.307400 0.459000

0 11.013200 -20.992599 11.326400 -0.074200 -0.995600 -0.057500 0.266100 0.469200
0 11.013200 -20.654600 11.863200 -0.074400 -0.364800 0.928100 0.271700 0.468800
0 9.102400 -20.543100 11.582300 -0.202900 -0.363800 0.909100 0.274700 0.490200

0 9.102400 -20.543100 11.582300 -0.202900 -0.363800 0.909100 0.274700 0.490200
0 9.102400 -20.704399 11.344200 -0.197400 -0.980300 0.003300 0.272000 0.490700
0 11.013200 -20.992599 11.326400 -0.074200 -0.995600 -0.057500 0.266100 0.469200

0 11.013200 -19.997900 11.063400 -0.067600 0.839200 -0.539700 0.283000 0.468800
0 11.013200 -20.033501 11.696700 -0.071100 0.773800 0.629400 0.277300 0.468300
0 15.706500 -20.033501 11.696700 0.000000 0.776000 0.630700 0.277300 0.415500

0 15.706500 -20.654600 11.863200 0.000000 -0.364800 0.931100 0.271700 0.416000
0 15.706500 -20.033501 11.696700 0.000000 0.776000 0.630700 0.277300 0.415500
0 11.013200 -20.033501 11.696700 -0.071100 0.773800 0.629400 0.277300 0.468300

0 11.013200 -20.033501 11.696700 -0.071100 0.773800 0.629400 0.277300 0.468300
0 11.013200 -20.654600 11.863200 -0.074400 -0.364800 0.928100 0.271700 0.468800
0 15.706500 -20.654600 11.863200 0.000000 -0.364800 0.931100 0.271700 0.416000

0 15.706500 -20.992599 11.326400 0.000000 -0.998300 -0.058300 0.265900 0.416500
0 15.706500 -20.654600 11.863200 0.000000 -0.364800 0.931100 0.271700 0.416000
0 11.013200 -20.654600 11.863200 -0.074400 -0.364800 0.928100 0.271700 0.468800

0 11.013200 -20.654600 11.863200 -0.074400 -0.364800 0.928100 0.271700 0.468800
0 11.013200 -20.992599 11.326400 -0.074200 -0.995600 -0.057500 0.266100 0.469200
0 15.706500 -20.992599 11.326400 0.000000 -0.998300 -0.058300 0.265900 0.416500

0 15.706500 -20.594801 10.833000 0.000000 -0.778500 -0.627700 0.260000 0.416500
0 15.706500 -20.992599 11.326400 0.000000 -0.998300 -0.058300 0.265900 0.416500
0 11.013200 -20.992599 11.326400 -0.074200 -0.995600 -0.057500 0.266100 0.469200

0 11.013200 -20.992599 11.326400 -0.074200 -0.995600 -0.057500 0.266100 0.469200
0 11.013200 -20.594801 10.833000 -0.058400 -0.780500 -0.622400 0.260500 0.470200
0 15.706500 -20.594801 10.833000 0.000000 -0.778500 -0.627700 0.260000 0.416500

0 11.013200 -20.594801 10.833000 -0.058400 -0.780500 -0.622400 0.260500 0.470200
0 11.013200 -20.992599 11.326400 -0.074200 -0.995600 -0.057500 0.266100 0.469200
0 9.102400 -20.704399 11.344200 -0.197400 -0.980300 0.003300 0.272000 0.490700

0 9.102400 -20.704399 11.344200 -0.197400 -0.980300 0.003300 0.272000 0.490700
0 9.102400 -20.530199 11.075800 -0.160500 -0.827900 -0.537400 0.269300 0.492200
0 11.013200 -20.594801 10.833000 -0.058400 -0.780500 -0.622400 0.260500 0.470200

0 9.102400 -20.530199 11.075800 -0.160500 -0.827900 -0.537400 0.269300 0.492200
0 9.102400 -20.704399 11.344200 -0.197400 -0.980300 0.003300 0.272000 0.490700
0 8.220900 -20.457199 11.358700 -0.999800 -0.004100 0.018200 0.277300 0.500000

0 15.706500 -20.033501 11.696700 0.000000 0.776000 0.630700 0.277300 0.415500
0 15.706500 -19.997900 11.063400 0.000000 0.840200 -0.542300 0.283000 0.416000
0 11.013200 -19.997900 11.063400 -0.067600 0.839200 -0.539700 0.283000 0.468800

0 9.102400 -20.261600 11.520200 -0.211900 0.732500 0.646900 0.277300 0.489700
0 9.102400 -20.232100 11.217200 -0.215100 0.848600 -0.483300 0.280000 0.490200
0 8.220900 -20.457199 11.358700 -0.999800 -0.004100 0.018200 0.277300 0.500000

0 9.102400 -20.232100 11.217200 -0.215100 0.848600 -0.483300 0.280000 0.490200
0 9.102400 -20.530199 11.075800 -0.178000 0.414400 -0.892500 0.283900 0.491200
0 8.220900 -20.457199 11.358700 -0.999800 -0.004100 0.018200 0.277300 0.500000

0 9.102400 -20.704399 11.344200 -0.197400 -0.980300 0.003300 0.272000 0.490700
0 9.102400 -20.543100 11.582300 -0.202900 -0.363800 0.909100 0.274700 0.490200
0 8.220900 -20.457199 11.358700 -0.999800 -0.004100 0.018200 0.277300 0.500000

0 9.102400 -20.543100 11.582300 -0.202900 -0.363800 0.909100 0.274700 0.490200
0 9.102400 -20.261600 11.520200 -0.211900 0.732500 0.646900 0.277300 0.489700
0 8.220900 -20.457199 11.358700 -0.999800 -0.004100 0.018200 0.277300 0.500000

0 9.102400 -20.261600 11.520200 -0.211900 0.732500 0.646900 0.277300 0.489700
0 9.102400 -20.543100 11.582300 -0.202900 -0.363800 0.909100 0.274700 0.490200
0 11.013200 -20.654600 11.863200 -0.074400 -0.364800 0.928100 0.271700 0.468800

0 11.013200 -20.654600 11.863200 -0.074400 -0.364800 0.928100 0.271700 0.468800
0 11.013200 -20.033501 11.696700 -0.071100 0.773800 0.629400 0.277300 0.468300
0 9.102400 -20.261600 11.520200 -0.211900 0.732500 0.646900 0.277300 0.489700

0 9.102400 -20.232100 11.217200 -0.215100 0.848600 -0.483300 0.280000 0.490200
0 9.102400 -20.261600 11.520200 -0.211900 0.732500 0.646900 0.277300 0.489700
0 11.013200 -20.033501 11.696700 -0.071100 0.773800 0.629400 0.277300 0.468300

0 11.013200 -20.033501 11.696700 -0.071100 0.773800 0.629400 0.277300 0.468300
0 11.013200 -19.997900 11.063400 -0.067600 0.839200 -0.539700 0.283000 0.468800
0 9.102400 -20.232100 11.217200 -0.215100 0.848600 -0.483300 0.280000 0.490200

0 9.102400 -20.530199 11.075800 -0.178000 0.414400 -0.892500 0.283900 0.491200
0 9.102400 -20.232100 11.217200 -0.215100 0.848600 -0.483300 0.280000 0.490200
0 11.013200 -19.997900 11.063400 -0.067600 0.839200 -0.539700 0.283000 0.468800

0 11.013200 -19.997900 11.063400 -0.067600 0.839200 -0.539700 0.283000 0.468800
0 11.013200 -20.594801 10.833000 -0.051600 0.359600 -0.931700 0.291300 0.469700
0 9.102400 -20.530199 11.075800 -0.178000 0.414400 -0.892500 0.283900 0.491200

0 11.013200 -20.594801 10.833000 -0.051600 0.359600 -0.931700 0.291300 0.469700
0 11.013200 -19.997900 11.063400 -0.067600 0.839200 -0.539700 0.283000 0.468800
0 15.706500 -19.997900 11.063400 0.000000 0.840200 -0.542300 0.283000 0.416000

0 15.706500 -19.997900 11.063400 0.000000 0.840200 -0.542300 0.283000 0.416000
0 15.706500 -20.594801 10.833000 0.000000 0.360100 -0.932900 0.292200 0.416500
0 11.013200 -20.594801 10.833000 -0.051600 0.359600 -0.931700 0.291300 0.469700

0 15.706500 -20.654600 12.881700 1.000000 0.000000 0.000000 0.301500 0.448700
0 15.706500 -20.992599 12.344900 1.000000 0.000000 0.000000 0.307400 0.445300
0 15.706500 -20.594801 11.851500 1.000000 0.000000 0.000000 0.313500 0.452100

0 15.706500 -20.594801 11.851500 1.000000 0.000000 0.000000 0.313500 0.452100
0 15.706500 -20.033501 12.715200 1.000000 0.000000 0.000000 0.301300 0.455600
0 15.706500 -20.654600 12.881700 1.000000 0.000000 0.000000 0.301500 0.448700

0 15.706500 -20.033501 12.715200 1.000000 0.000000 0.000000 0.301300 0.455600
0 15.706500 -20.594801 11.851500 1.000000 0.000000 0.000000 0.313500 0.452100
0 15.706500 -19.997900 12.081900 1.000000 0.000000 0.000000 0.307400 0.459000

0 11.013200 -20.992599 12.344900 -0.074200 -0.995600 -0.057500 0.266100 0.469200
0 11.013200 -20.654600 12.881700 -0.074400 -0.364800 0.928100 0.271700 0.468800
0 9.102400 -20.543100 12.600800 -0.202900 -0.363800 0.909100 0.274700 0.490200

0 9.102400 -20.543100 12.600800 -0.202900 -0.363800 0.909100 0.274700 0.490200
0 9.102400 -20.704399 12.362700 -0.197400 -0.980300 0.003300 0.272000 0.490700
0 11.013200 -20.992599 12.344900 -0.074200 -0.995600 -0.057500 0.266100 0.469200

0 11.013200 -19.997900 12.081900 -0.067600 0.839200 -0.539700 0.283000 0.468800
0 11.013200 -20.033501 12.715200 -0.071100 0.773800 0.629400 0.277300 0.468300
0 15.706500 -20.033501 12.715200 0.000000 0.776000 0.630700 0.277300 0.415500

0 15.706500 -20.654600 12.881700 0.000000 -0.364800 0.931100 0.271700 0.416000
0 15.706500 -20.033501 12.715200 0.000000 0.776000 0.630700 0.277300 0.415500
0 11.013200 -20.033501 12.715200 -0.071100 0.773800 0.629400 0.277300 0.468300

0 11.013200 -20.033501 12.715200 -0.071100 0.773800 0.629400 0.277300 0.468300
0 11.013200 -20.654600 12.881700 -0.074400 -0.364800 0.928100 0.271700 0.468800
0 15.706500 -20.654600 12.881700 0.000000 -0.364800 0.931100 0.271700 0.416000

0 15.706500 -20.992599 12.344900 0.000000 -0.998300 -0.058300 0.265900 0.416500
0 15.706500 -20.654600 12.881700 0.000000 -0.364800 0.931100 0.271700 0.416000
0 11.013200 -20.654600 12.881700 -0.074400 -0.364800 0.928100 0.271700 0.468800

0 11.013200 -20.654600 12.881700 -0.074400 -0.364800 0.928100 0.271700 0.468800
0 11.013200 -20.992599 12.344900 -0.074200 -0.995600 -0.057500 0.266100 0.469200
0 15.706500 -20.992599 12.344900 0.000000 -0.998300 -0.058300 0.265900 0.416500

0 15.706500 -20.594801 11.851500 0.000000 -0.778500 -0.627700 0.260000 0.416500
0 15.706500 -20.992599 12.344900 0.000000 -0.998300 -0.058300 0.265900 0.416500
0 11.013200 -20.992599 12.344900 -0.074200 -0.995600 -0.057500 0.266100 0.469200

0 11.013200 -20.992599 12.344900 -0.074200 -0.995600 -0.057500 0.266100 0.469200
0 11.013200 -20.594801 11.851500 -0.058400 -0.780500 -0.622400 0.260500 0.470200
0 15.706500 -20.594801 11.851500 0.000000 -0.778500 -0.627700 0.260000 0.416500

0 11.013200 -20.594801 11.851500 -0.058400 -0.780500 -0.622400 0.260500 0.470200
0 11.013200 -20.992599 12.344900 -0.074200 -0.995600 -0.057500 0.266100 0.469200
0 9.102400 -20.704399 12.362700 -0.197400 -0.980300 0.003300 0.272000 0.490700

0 9.102400 -20.704399 12.362700 -0.197400 -0.980300 0.003300 0.272000 0.490700
0 9.102400 -20.530199 12.094300 -0.160500 -0.827900 -0.537400 0.269300 0.492200
0 11.013200 -20.594801 11.851500 -0.058400 -0.780500 -0.622400 0.260500 0.470200

0 9.102400 -20.530199 12.094300 -0.160500 -0.827900 -0.537400 0.269300 0.492200
0 9.102400 -20.704399 12.362700 -0.197400 -0.980300 0.003300 0.272000 0.490700
0 8.220900 -20.457199 12.377200 -0.999800 -0.004100 0.018200 0.277300 0.500000

0 15.706500 -20.033501 12.715200 0.000000 0.776000 0.630700 0.277300 0.415500
0 15.706500 -19.997900 12.081900 0.000000 0.840200 -0.542300 0.283000 0.416000
0 11.013200 -19.997900 12.081900 -0.067600 0.839200 -0.539700 0.283000 0.468800

0 9.102400 -20.261600 12.538700 -0.211900 0.732500 0.646900 0.277300 0.489700
0 9.102400 -20.232100 12.235700 -0.215100 0.848600 -0.483300 0.280000 0.490200
0 8.220900 -20.457199 12.377200 -0.999800 -0.004100 0.018200 0.277300 0.500000

0 9.102400 -20.232100 12.235700 -0.215100 0.848600 -0.483300 0.280000 0.490200
0 9.102400 -20.530199 12.094300 -0.178000 0.414400 -0.892500 0.283900 0.491200
0 8.220900 -20.457199 12.377200 -0.999800 -0.004100 0.018200 0.277300 0.500000

0 9.102400 -20.704399 12.362700 -0.197400 -0.980300 0.003300 0.272000 0.490700
0 9.102400 -20.543100 12.600800 -0.202900 -0.363800 0.909100 0.274700 0.490200
0 8.220900 -20.457199 12.377200 -0.999800 -0.004100 0.018200 0.277300 0.500000

0 9.102400 -20.543100 12.600800 -0.202900 -0.363800 0.909100 0.274700 0.490200
0 9.102400 -20.261600 12.538700 -0.211900 0.732500 0.646900 0.277300 0.489700
0 8.220900 -20.457199 12.377200 -0.999800 -0.004100 0.018200 0.277300 0.500000

0 9.102400 -20.261600 12.538700 -0.211900 0.732500 0.646900 0.277300 0.489700
0 9.102400 -20.543100 12.600800 -0.202900 -0.363800 0.909100 0.274700 0.490200
0 11.013200 -20.654600 12.881700 -0.074400 -0.364800 0.928100 0.271700 0.468800

0 11.013200 -20.654600 12.881700 -0.074400 -0.364800 0.928100 0.271700 0.468800
0 11.013200 -20.033501 12.715200 -0.071100 0.773800 0.629400 0.277300 0.468300
0 9.102400 -20.261600 12.538700 -0.211900 0.732500 0.646900 0.277300 0.489700

0 9.102400 -20.232100 12.235700 -0.215100 0.848600 -0.483300 0.280000 0.490200
0 9.102400 -20.261600 12.538700 -0.211900 0.732500 0.646900 0.277300 0.489700
0 11.013200 -20.033501 12.715200 -0.071100 0.773800 0.629400 0.277300 0.468300

0 11.013200 -20.033501 12.715200 -0.071100 0.773800 0.629400 0.277300 0.468300
0 11.013200 -19.997900 12.081900 -0.067600 0.839200 -0.539700 0.283000 0.468800
0 9.102400 -20.232100 12.235700 -0.215100 0.848600 -0.483300 0.280000 0.490200

0 9.102400 -20.530199 12.094300 -0.178000 0.414400 -0.892500 0.283900 0.491200
0 9.102400 -20.232100 12.235700 -0.215100 0.848600 -0.483300 0.280000 0.490200
0 11.013200 -19.997900 12.081900 -0.067600 0.839200 -0.539700 0.283000 0.468800

0 11.013200 -19.997900 12.081900 -0.067600 0.839200 -0.539700 0.283000 0.468800
0 11.013200 -20.594801 11.851500 -0.051600 0.359600 -0.931700 0.291300 0.469700
0 9.102400 -20.530199 12.094300 -0.178000 0.414400 -0.892500 0.283900 0.491200

0 11.013200 -20.594801 11.851500 -0.051600 0.359600 -0.931700 0.291300 0.469700
0 11.013200 -19.997900 12.081900 -0.067600 0.839200 -0.539700 0.283000 0.468800
0 15.706500 -19.997900 12.081900 0.000000 0.840200 -0.542300 0.283000 0.416000

0 15.706500 -19.997900 12.081900 0.000000 0.840200 -0.542300 0.283000 0.416000
0 15.706500 -20.594801 11.851500 0.000000 0.360100 -0.932900 0.292200 0.416500
0 11.013200 -20.594801 11.851500 -0.051600 0.359600 -0.931700 0.291300 0.469700

0 15.706500 -20.654600 13.900200 1.000000 0.000000 0.000000 0.301500 0.448700
0 15.706500 -20.992599 13.363400 1.000000 0.000000 0.000000 0.307400 0.445300
0 15.706500 -20.594801 12.870000 1.000000 0.000000 0.000000 0.313500 0.452100

0 15.706500 -20.594801 12.870000 1.000000 0.000000 0.000000 0.313500 0.452100
0 15.706500 -20.033501 13.733700 1.000000 0.000000 0.000000 0.301300 0.455600
0 15.706500 -20.654600 13.900200 1.000000 0.000000 0.000000 0.301500 0.448700

0 15.706500 -20.033501 13.733700 1.000000 0.000000 0.000000 0.301300 0.455600
0 15.706500 -20.594801 12.870000 1.000000 0.000000 0.000000 0.313500 0.452100
0 15.706500 -19.997900 13.100400 1.000000 0.000000 0.000000 0.307400 0.459000

0 11.013200 -20.992599 13.363400 -0.074200 -0.995600 -0.057500 0.266100 0.469200
0 11.013200 -20.654600 13.900200 -0.074400 -0.364800 0.928100 0.271700 0.468800
0 9.102400 -20.543100 13.619300 -0.203000 -0.363700 0.909100 0.274700 0.490200

0 9.102400 -20.543100 13.619300 -0.203000 -0.363700 0.909100 0.274700 0.490200
0 9.102400 -20.704399 13.381200 -0.197400 -0.980300 0.003300 0.272000 0.490700
0 11.013200 -20.992599 13.363400 -0.074200 -0.995600 -0.057500 0.266100 0.469200

0 11.013200 -19.997900 13.100400 -0.067600 0.839200 -0.539700 0.283000 0.468800
0 11.013200 -20.033501 13.733700 -0.071200 0.773800 0.629400 0.277300 0.468300
0 15.706500 -20.033501 13.733700 0.000000 0.776000 0.630700 0.277300 0.415500

0 15.706500 -20.654600 13.900200 0.000000 -0.364800 0.931100 0.271700 0.416000
0 15.706500 -20.033501 13.733700 0.000000 0.776000 0.630700 0.277300 0.415500
0 11.013200 -20.033501 13.733700 -0.071200 0.773800 0.629400 0.277300 0.468300

0 11.013200 -20.033501 13.733700 -0.071200 0.773800 0.629400 0.277300 0.468300
0 11.013200 -20.654600 13.900200 -0.074400 -0.364800 0.928100 0.271700 0.468800
0 15.706500 -20.654600 13.900200 0.000000 -0.364800 0.931100 0.271700 0.416000

0 15.706500 -20.992599 13.363400 0.000000 -0.998300 -0.058300 0.265900 0.416500
0 15.706500 -20.654600 13.900200 0.000000 -0.364800 0.931100 0.271700 0.416000
0 11.013200 -20.654600 13.900200 -0.074400 -0.364800 0.928100 0.271700 0.468800

0 11.013200 -20.654600 13.900200 -0.074400 -0.364800 0.928100 0.271700 0.468800
0 11.013200 -20.992599 13.363400 -0.074200 -0.995600 -0.057500 0.266100 0.469200
0 15.706500 -20.992599 13.363400 0.000000 -0.998300 -0.058300 0.265900 0.416500

0 15.706500 -20.594801 12.870000 0.000000 -0.778500 -0.627700 0.260000 0.416500
0 15.706500 -20.992599 13.363400 0.000000 -0.998300 -0.058300 0.265900 0.416500
0 11.013200 -20.992599 13.363400 -0.074200 -0.995600 -0.057500 0.266100 0.469200

0 11.013200 -20.992599 13.363400 -0.074200 -0.995600 -0.057500 0.266100 0.469200
0 11.013200 -20.594801 12.870000 -0.058400 -0.780500 -0.622400 0.260500 0.470200
0 15.706500 -20.594801 12.870000 0.000000 -0.778500 -0.627700 0.260000 0.416500

0 11.013200 -20.594801 12.870000 -0.058400 -0.780500 -0.622400 0.260500 0.470200
0 11.013200 -20.992599 13.363400 -0.074200 -0.995600 -0.057500 0.266100 0.469200
0 9.102400 -20.704399 13.381200 -0.197400 -0.980300 0.003300 0.272000 0.490700

0 9.102400 -20.704399 13.381200 -0.197400 -0.980300 0.003300 0.272000 0.490700
0 9.102400 -20.530199 13.112800 -0.160500 -0.827900 -0.537400 0.269300 0.492200
0 11.013200 -20.594801 12.870000 -0.058400 -0.780500 -0.622400 0.260500 0.470200

0 9.102400 -20.530199 13.112800 -0.160500 -0.827900 -0.537400 0.269300 0.492200
0 9.102400 -20.704399 13.381200 -0.197400 -0.980300 0.003300 0.272000 0.490700
0 8.220900 -20.457199 13.395600 -0.999800 -0.004100 0.018100 0.277300 0.500000

0 15.706500 -20.033501 13.733700 0.000000 0.776000 0.630700 0.277300 0.415500
0 15.706500 -19.997900 13.100400 0.000000 0.840200 -0.542300 0.283000 0.416000
0 11.013200 -19.997900 13.100400 -0.067600 0.839200 -0.539700 0.283000 0.468800

0 9.102400 -20.261600 13.557100 -0.211900 0.732600 0.646800 0.277300 0.489700
0 9.102400 -20.232100 13.254200 -0.215000 0.848600 -0.483300 0.280000 0.490200
0 8.220900 -20.457199 13.395600 -0.999800 -0.004100 0.018100 0.277300 0.500000

0 9.102400 -20.232100 13.254200 -0.215000 0.848600 -0.483300 0.280000 0.490200
0 9.102400 -20.530199 13.112800 -0.178000 0.414500 -0.892500 0.283900 0.491200
0 8.220900 -20.457199 13.395600 -0.999800 -0.004100 0.018100 0.277300 0.500000

0 9.102400 -20.704399 13.381200 -0.197400 -0.980300 0.003300 0.272000 0.490700
0 9.102400 -20.543100 13.619300 -0.203000 -0.363700 0.909100 0.274700 0.490200
0 8.220900 -20.457199 13.395600 -0.999800 -0.004100 0.018100 0.277300 0.500000

0 9.102400 -20.543100 13.619300 -0.203000 -0.363700 0.909100 0.274700 0.490200
0 9.102400 -20.261600 13.557100 -0.211900 0.732600 0.646800 0.277300 0.489700
0 8.220900 -20.457199 13.395600 -0.999800 -0.004100 0.018100 0.277300 0.500000

0 9.102400 -20.261600 13.557100 -0.211900 0.732600 0.646800 0.277300 0.489700
0 9.102400 -20.543100 13.619300 -0.203000 -0.363700 0.909100 0.274700 0.490200
0 11.013200 -20.654600 13.900200 -0.074400 -0.364800 0.928100 0.271700 0.468800

0 11.013200 -20.654600 13.900200 -0.074400 -0.364800 0.928100 0.271700 0.468800
0 11.013200 -20.033501 13.733700 -0.071200 0.773800 0.629400 0.277300 0.468300
0 9.102400 -20.261600 13.557100 -0.211900 0.732600 0.646800 0.277300 0.489700

0 9.102400 -20.232100 13.254200 -0.215000 0.848600 -0.483300 0.280000 0.490200
0 9.102400 -20.261600 13.557100 -0.211900 0.732600 0.646800 0.277300 0.489700
0 11.013200 -20.033501 13.733700 -0.071200 0.773800 0.629400 0.277300 0.468300

0 11.013200 -20.033501 13.733700 -0.071200 0.773800 0.629400 0.277300 0.468300
0 11.013200 -19.997900 13.100400 -0.067600 0.839200 -0.539700 0.283000 0.468800
0 9.102400 -20.232100 13.254200 -0.215000 0.848600 -0.483300 0.280000 0.490200

0 9.102400 -20.530199 13.112800 -0.178000 0.414500 -0.892500 0.283900 0.491200
0 9.102400 -20.232100 13.254200 -0.215000 0.848600 -0.483300 0.280000 0.490200
0 11.013200 -19.997900 13.100400 -0.067600 0.839200 -0.539700 0.283000 0.468800

0 11.013200 -19.997900 13.100400 -0.067600 0.839200 -0.539700 0.283000 0.468800
0 11.013200 -20.594801 12.870000 -0.051600 0.359600 -0.931700 0.291300 0.469700
0 9.102400 -20.530199 13.112800 -0.178000 0.414500 -0.892500 0.283900 0.491200

0 11.013200 -20.594801 12.870000 -0.051600 0.359600 -0.931700 0.291300 0.469700
0 11.013200 -19.997900 13.100400 -0.067600 0.839200 -0.539700 0.283000 0.468800
0 15.706500 -19.997900 13.100400 0.000000 0.840200 -0.542300 0.283000 0.416000

0 15.706500 -19.997900 13.100400 0.000000 0.840200 -0.542300 0.283000 0.416000
0 15.706500 -20.594801 12.870000 0.000000 0.360100 -0.932900 0.292200 0.416500
0 11.013200 -20.594801 12.870000 -0.051600 0.359600 -0.931700 0.291300 0.469700

0 15.706500 -20.654600 14.918600 1.000000 0.000000 0.000000 0.301500 0.448700
0 15.706500 -20.992599 14.381800 1.000000 0.000000 0.000000 0.307400 0.445300
0 15.706500 -20.594801 13.888400 1.000000 0.000000 0.000000 0.313500 0.452100

0 15.706500 -20.594801 13.888400 1.000000 0.000000 0.000000 0.313500 0.452100
0 15.706500 -20.033501 14.752100 1.000000 0.000000 0.000000 0.301300 0.455600
0 15.706500 -20.654600 14.918600 1.000000 0.000000 0.000000 0.301500 0.448700

0 15.706500 -20.033501 14.752100 1.000000 0.000000 0.000000 0.301300 0.455600
0 15.706500 -20.594801 13.888400 1.000000 0.000000 0.000000 0.313500 0.452100
0 15.706500 -19.997900 14.118800 1.000000 0.000000 0.000000 0.307400 0.459000

0 11.013200 -20.992599 14.381800 -0.074200 -0.995600 -0.057500 0.266100 0.469200
0 11.013200 -20.654600 14.918600 -0.074400 -0.364800 0.928100 0.271700 0.468800
0 9.102400 -20.543100 14.637800 -0.203000 -0.363700 0.909100 0.274700 0.490200

0 9.102400 -20.543100 14.637800 -0.203000 -0.363700 0.909100 0.274700 0.490200
0 9.102400 -20.704399 14.399700 -0.197400 -0.980300 0.003400 0.272000 0.490700
0 11.013200 -20.992599 14.381800 -0.074200 -0.995600 -0.057500 0.266100 0.469200

0 11.013200 -19.997900 14.118800 -0.067600 0.839200 -0.539700 0.283000 0.468800
0 11.013200 -20.033501 14.752100 -0.071100 0.773800 0.629400 0.277300 0.468300
0 15.706500 -20.033501 14.752100 0.000000 0.776000 0.630700 0.277300 0.415500

0 15.706500 -20.654600 14.918600 0.000000 -0.364800 0.931100 0.271700 0.416000
0 15.706500 -20.033501 14.752100 0.000000 0.776000 0.630700 0.277300 0.415500
0 11.013200 -20.033501 14.752100 -0.071100 0.773800 0.629400 0.277300 0.468300

0 11.013200 -20.033501 14.752100 -0.071100 0.773800 0.629400 0.277300 0.468300
0 11.013200 -20.654600 14.918600 -0.074400 -0.364800 0.928100 0.271700 0.468800
0 15.706500 -20.654600 14.918600 0.000000 -0.364800 0.931100 0.271700 0.416000

0 15.706500 -20.992599 14.381800 0.000000 -0.998300 -0.058300 0.265900 0.416500
0 15.706500 -20.654600 14.918600 0.000000 -0.364800 0.931100 0.271700 0.416000
0 11.013200 -20.654600 14.918600 -0.074400 -0.364800 0.928100 0.271700 0.468800

0 11.013200 -20.654600 14.918600 -0.074400 -0.364800 0.928100 0.271700 0.468800
0 11.013200 -20.992599 14.381800 -0.074200 -0.995600 -0.057500 0.266100 0.469200
0 15.706500 -20.992599 14.381800 0.000000 -0.998300 -0.058300 0.265900 0.416500

0 15.706500 -20.594801 13.888400 0.000000 -0.778500 -0.627700 0.260000 0.416500
0 15.706500 -20.992599 14.381800 0.000000 -0.998300 -0.058300 0.265900 0.416500
0 11.013200 -20.992599 14.381800 -0.074200 -0.995600 -0.057500 0.266100 0.469200

0 11.013200 -20.992599 14.381800 -0.074200 -0.995600 -0.057500 0.266100 0.469200
0 11.013200 -20.594801 13.888400 -0.058500 -0.780500 -0.622400 0.260500 0.470200
0 15.706500 -20.594801 13.888400 0.000000 -0.778500 -0.627700 0.260000 0.416500

0 11.013200 -20.594801 13.888400 -0.058500 -0.780500 -0.622400 0.260500 0.470200
0 11.013200 -20.992599 14.381800 -0.074200 -0.995600 -0.057500 0.266100 0.469200
0 9.102400 -20.704399 14.399700 -0.197400 -0.980300 0.003400 0.272000 0.490700

0 9.102400 -20.704399 14.399700 -0.197400 -0.980300 0.003400 0.272000 0.490700
0 9.102400 -20.530199 14.131200 -0.160500 -0.828000 -0.537200 0.269300 0.492200
0 11.013200 -20.594801 13.888400 -0.058500 -0.780500 -0.622400 0.260500 0.470200

0 9.102400 -20.530199 14.131200 -0.160500 -0.828000 -0.537200 0.269300 0.492200
0 9.102400 -20.704399 14.399700 -0.197400 -0.980300 0.003400 0.272000 0.490700
0 8.220900 -20.457199 14.414100 -0.999800 -0.004000 0.018200 0.277300 0.500000

0 15.706500 -20.033501 14.752100 0.000000 0.776000 0.630700 0.277300 0.415500
0 15.706500 -19.997900 14.118800 0.000000 0.840200 -0.542300 0.283000 0.416000
0 11.013200 -19.997900 14.118800 -0.067600 0.839200 -0.539700 0.283000 0.468800

0 9.102400 -20.261600 14.575600 -0.211900 0.732600 0.646800 0.277300 0.489700
0 9.102400 -20.232100 14.272700 -0.215100 0.848700 -0.483200 0.280000 0.490200
0 8.220900 -20.457199 14.414100 -0.999800 -0.004000 0.018200 0.277300 0.500000

0 9.102400 -20.232100 14.272700 -0.215100 0.848700 -0.483200 0.280000 0.490200
0 9.102400 -20.530199 14.131200 -0.178000 0.414700 -0.892400 0.283900 0.491200
0 8.220900 -20.457199 14.414100 -0.999800 -0.004000 0.018200 0.277300 0.500000

0 9.102400 -20.704399 14.399700 -0.197400 -0.980300 0.003400 0.272000 0.490700
0 9.102400 -20.543100 14.637800 -0.203000 -0.363700 0.909100 0.274700 0.490200
0 8.220900 -20.457199 14.414100 -0.999800 -0.004000 0.018200 0.277300 0.500000

0 9.102400 -20.543100 14.637800 -0.203000 -0.363700 0.909100 0.274700 0.490200
0 9.102400 -20.261600 14.575600 -0.211900 0.732600 0.646800 0.277300 0.489700
0 8.220900 -20.457199 14.414100 -0.999800 -0.004000 0.018200 0.277300 0.500000

0 9.102400 -20.261600 14.575600 -0.211900 0.732600 0.646800 0.277300 0.489700
0 9.102400 -20.543100 14.637800 -0.203000 -0.363700 0.909100 0.274700 0.490200
0 11.013200 -20.654600 14.918600 -0.074400 -0.364800 0.928100 0.271700 0.468800

0 11.013200 -20.654600 14.918600 -0.074400 -0.364800 0.928100 0.271700 0.468800
0 11.013200 -20.033501 14.752100 -0.071100 0.773800 0.629400 0.277300 0.468300
0 9.102400 -20.261600 14.575600 -0.211900 0.732600 0.646800 0.277300 0.489700

0 9.102400 -20.232100 14.272700 -0.215100 0.848700 -0.483200 0.280000 0.490200
0 9.102400 -20.261600 14.575600 -0.211900 0.732600 0.646800 0.277300 0.489700
0 11.013200 -20.033501 14.752100 -0.071100 0.773800 0.629400 0.277300 0.468300

0 11.013200 -20.033501 14.752100 -0.071100 0.773800 0.629400 0.277300 0.468300
0 11.013200 -19.997900 14.118800 -0.067600 0.839200 -0.539700 0.283000 0.468800
0 9.102400 -20.232100 14.272700 -0.215100 0.848700 -0.483200 0.280000 0.490200

0 9.102400 -20.530199 14.131200 -0.178000 0.414700 -0.892400 0.283900 0.491200
0 9.102400 -20.232100 14.272700 -0.215100 0.848700 -0.483200 0.280000 0.490200
0 11.013200 -19.997900 14.118800 -0.067600 0.839200 -0.539700 0.283000 0.468800

0 11.013200 -19.997900 14.118800 -0.067600 0.839200 -0.539700 0.283000 0.468800
0 11.013200 -20.594801 13.888400 -0.051600 0.359600 -0.931700 0.291300 0.469700
0 9.102400 -20.530199 14.131200 -0.178000 0.414700 -0.892400 0.283900 0.491200

0 11.013200 -20.594801 13.888400 -0.051600 0.359600 -0.931700 0.291300 0.469700
0 11.013200 -19.997900 14.118800 -0.067600 0.839200 -0.539700 0.283000 0.468800
0 15.706500 -19.997900 14.118800 0.000000 0.840200 -0.542300 0.283000 0.416000

0 15.706500 -19.997900 14.118800 0.000000 0.840200 -0.542300 0.283000 0.416000
0 15.706500 -20.594801 13.888400 0.000000 0.360100 -0.932900 0.292200 0.416500
0 11.013200 -20.594801 13.888400 -0.051600 0.359600 -0.931700 0.291300 0.469700

0 15.706500 -20.654600 15.937100 1.000000 0.000000 0.000000 0.301500 0.448700
0 15.706500 -20.992599 15.400300 1.000000 0.000000 0.000000 0.307400 0.445300
0 15.706500 -20.594801 14.906900 1.000000 0.000000 0.000000 0.313500 0.452100

0 15.706500 -20.594801 14.906900 1.000000 0.000000 0.000000 0.313500 0.452100
0 15.706500 -20.033501 15.770600 1.000000 0.000000 0.000000 0.301300 0.455600
0 15.706500 -20.654600 15.937100 1.000000 0.000000 0.000000 0.301500 0.448700

0 15.706500 -20.033501 15.770600 1.000000 0.000000 0.000000 0.301300 0.455600
0 15.706500 -20.594801 14.906900 1.000000 0.000000 0.000000 0.313500 0.452100
0 15.706500 -19.997900 15.137300 1.000000 0.000000 0.000000 0.307400 0.459000

0 11.013200 -20.992599 15.400300 -0.074200 -0.995600 -0.057500 0.266100 0.469200
0 11.013200 -20.654600 15.937100 -0.074400 -0.364800 0.928100 0.271700 0.468800
0 9.102400 -20.543100 15.656300 -0.203000 -0.363700 0.909100 0.274700 0.490200

0 9.102400 -20.543100 15.656300 -0.203000 -0.363700 0.909100 0.274700 0.490200
0 9.102400 -20.704399 15.418100 -0.197400 -0.980300 0.003200 0.272000 0.490700
0 11.013200 -20.992599 15.400300 -0.074200 -0.995600 -0.057500 0.266100 0.469200

0 11.013200 -19.997900 15.137300 -0.067600 0.839200 -0.539700 0.283000 0.468800
0 11.013200 -20.033501 15.770600 -0.071100 0.773800 0.629400 0.277300 0.468300
0 15.706500 -20.033501 15.770600 0.000000 0.776000 0.630700 0.277300 0.415500

0 15.706500 -20.654600 15.937100 0.000000 -0.364800 0.931100 0.271700 0.416000
0 15.706500 -20.033501 15.770600 0.000000 0.776000 0.630700 0.277300 0.415500
0 11.013200 -20.033501 15.770600 -0.071100 0.773800 0.629400 0.277300 0.468300

0 11.013200 -20.033501 15.770600 -0.071100 0.773800 0.629400 0.277300 0.468300
0 11.013200 -20.654600 15.937100 -0.074400 -0.364800 0.928100 0.271700 0.468800
0 15.706500 -20.654600 15.937100 0.000000 -0.364800 0.931100 0.271700 0.416000

0 15.706500 -20.992599 15.400300 0.000000 -0.998300 -0.058300 0.265900 0.416500
0 15.706500 -20.654600 15.937100 0.000000 -0.364800 0.931100 0.271700 0.416000
0 11.013200 -20.654600 15.937100 -0.074400 -0.364800 0.928100 0.271700 0.468800

0 11.013200 -20.654600 15.937100 -0.074400 -0.364800 0.928100 0.271700 0.468800
0 11.013200 -20.992599 15.400300 -0.074200 -0.995600 -0.057500 0.266100 0.469200
0 15.706500 -20.992599 15.400300 0.000000 -0.998300 -0.058300 0.265900 0.416500

0 15.706500 -20.594801 14.906900 0.000000 -0.778500 -0.627700 0.260000 0.416500
0 15.706500 -20.992599 15.400300 0.000000 -0.998300 -0.058300 0.265900 0.416500
0 11.013200 -20.992599 15.400300 -0.074200 -0.995600 -0.057500 0.266100 0.469200

0 11.013200 -20.992599 15.400300 -0.074200 -0.995600 -0.057500 0.266100 0.469200
0 11.013200 -20.594801 14.906900 -0.058400 -0.780500 -0.622400 0.260500 0.470200
0 15.706500 -20.594801 14.906900 0.000000 -0.778500 -0.627700 0.260000 0.416500

0 11.013200 -20.594801 14.906900 -0.058400 -0.780500 -0.622400 0.260500 0.470200
0 11.013200 -20.992599 15.400300 -0.074200 -0.995600 -0.057500 0.266100 0.469200
0 9.102400 -20.704399 15.418100 -0.197400 -0.980300 0.003200 0.272000 0.490700

0 9.102400 -20.704399 15.418100 -0.197400 -0.980300 0.003200 0.272000 0.490700
0 9.102400 -20.530199 15.149700 -0.160500 -0.827900 -0.537400 0.269300 0.492200
0 11.013200 -20.594801 14.906900 -0.058400 -0.780500 -0.622400 0.260500 0.470200

0 9.102400 -20.530199 15.149700 -0.160500 -0.827900 -0.537400 0.269300 0.492200
0 9.102400 -20.704399 15.418100 -0.197400 -0.980300 0.003200 0.272000 0.490700
0 8.220900 -20.457199 15.432600 -0.999800 -0.004000 0.018200 0.277300 0.500000

0 15.706500 -20.033501 15.770600 0.000000 0.776000 0.630700 0.277300 0.415500
0 15.706500 -19.997900 15.137300 0.000000 0.840200 -0.542300 0.283000 0.416000
0 11.013200 -19.997900 15.137300 -0.067600 0.839200 -0.539700 0.283000 0.468800

0 9.102400 -20.261600 15.594100 -0.211900 0.732600 0.646800 0.277300 0.489700
0 9.102400 -20.232100 15.291200 -0.215100 0.848700 -0.483200 0.280000 0.490200
0 8.220900 -20.457199 15.432600 -0.999800 -0.004000 0.018200 0.277300 0.500000

0 9.102400 -20.232100 15.291200 -0.215100 0.848700 -0.483200 0.280000 0.490200
0 9.102400 -20.530199 15.149700 -0.178000 0.414700 -0.892400 0.283900 0.491200
0 8.220900 -20.457199 15.432600 -0.999800 -0.004000 0.018200 0.277300 0.500000

0 9.102400 -20.704399 15.418100 -0.197400 -0.980300 0.003200 0.272000 0.490700
0 9.102400 -20.543100 15.656300 -0.203000 -0.363700 0.909100 0.274700 0.490200
0 8.220900 -20.457199 15.432600 -0.999800 -0.004000 0.018200 0.277300 0.500000

0 9.102400 -20.543100 15.656300 -0.203000 -0.363700 0.909100 0.274700 0.490200
0 9.102400 -20.261600 15.594100 -0.211900 0.732600 0.646800 0.277300 0.489700
0 8.220900 -20.457199 15.432600 -0.999800 -0.004000 0.018200 0.277300 0.500000

0 9.102400 -20.261600 15.594100 -0.211900 0.732600 0.646800 0.277300 0.489700
0 9.102400 -20.543100 15.656300 -0.203000 -0.363700 0.909100 0.274700 0.490200
0 11.013200 -20.654600 15.937100 -0.074400 -0.364800 0.928100 0.271700 0.468800

0 11.013200 -20.654600 15.937100 -0.074400 -0.364800 0.928100 0.271700 0.468800
0 11.013200 -20.033501 15.770600 -0.071100 0.773800 0.629400 0.277300 0.468300
0 9.102400 -20.261600 15.594100 -0.211900 0.732600 0.646800 0.277300 0.489700

0 9.102400 -20.232100 15.291200 -0.215100 0.848700 -0.483200 0.280000 0.490200
0 9.102400 -20.261600 15.594100 -0.211900 0.732600 0.646800 0.277300 0.489700
0 11.013200 -20.033501 15.770600 -0.071100 0.773800 0.629400 0.277300 0.468300

0 11.013200 -20.033501 15.770600 -0.071100 0.773800 0.629400 0.277300 0.468300
0 11.013200 -19.997900 15.137300 -0.067600 0.839200 -0.539700 0.283000 0.468800
0 9.102400 -20.232100 15.291200 -0.215100 0.848700 -0.483200 0.280000 0.490200

0 9.102400 -20.530199 15.149700 -0.178000 0.414700 -0.892400 0.283900 0.491200
0 9.102400 -20.232100 15.291200 -0.215100 0.848700 -0.483200 0.280000 0.490200
0 11.013200 -19.997900 15.137300 -0.067600 0.839200 -0.539700 0.283000 0.468800

0 11.013200 -19.997900 15.137300 -0.067600 0.839200 -0.539700 0.283000 0.468800
0 11.013200 -20.594801 14.906900 -0.051600 0.359600 -0.931700 0.291300 0.469700
0 9.102400 -20.530199 15.149700 -0.178000 0.414700 -0.892400 0.283900 0.491200

0 11.013200 -20.594801 14.906900 -0.051600 0.359600 -0.931700 0.291300 0.469700
0 11.013200 -19.997900 15.137300 -0.067600 0.839200 -0.539700 0.283000 0.468800
0 15.706500 -19.997900 15.137300 0.000000 0.840200 -0.542300 0.283000 0.416000

0 15.706500 -19.997900 15.137300 0.000000 0.840200 -0.542300 0.283000 0.416000
0 15.706500 -20.594801 14.906900 0.000000 0.360100 -0.932900 0.292200 0.416500
0 11.013200 -20.594801 14.906900 -0.051600 0.359600 -0.931700 0.291300 0.469700

0 15.706500 -20.654600 17.004900 1.000000 0.000000 0.000000 0.301500 0.448700
0 15.706500 -20.992599 16.468100 1.000000 0.000000 0.000000 0.307400 0.445300
0 15.706500 -20.594801 15.974700 1.000000 0.000000 0.000000 0.313500 0.452100

0 15.706500 -20.594801 15.974700 1.000000 0.000000 0.000000 0.313500 0.452100
0 15.706500 -20.033501 16.838400 1.000000 0.000000 0.000000 0.301300 0.455600
0 15.706500 -20.654600 17.004900 1.000000 0.000000 0.000000 0.301500 0.448700

0 15.706500 -20.033501 16.838400 1.000000 0.000000 0.000000 0.301300 0.455600
0 15.706500 -20.594801 15.974700 1.000000 0.000000 0.000000 0.313500 0.452100
0 15.706500 -19.997900 16.205099 1.000000 0.000000 0.000000 0.307400 0.459000

0 11.013200 -20.992599 16.468100 -0.074200 -0.995600 -0.057500 0.266100 0.469200
0 11.013200 -20.654600 17.004900 -0.074400 -0.364800 0.928100 0.271700 0.468800
0 9.102400 -20.543100 16.724100 -0.203000 -0.363700 0.909100 0.274700 0.490200

0 9.102400 -20.543100 16.724100 -0.203000 -0.363700 0.909100 0.274700 0.490200
0 9.102400 -20.704399 16.485901 -0.197400 -0.980300 0.003200 0.272000 0.490700
0 11.013200 -20.992599 16.468100 -0.074200 -0.995600 -0.057500 0.266100 0.469200

0 11.013200 -19.997900 16.205099 -0.067600 0.839200 -0.539700 0.283000 0.468800
0 11.013200 -20.033501 16.838400 -0.071100 0.773800 0.629400 0.277300 0.468300
0 15.706500 -20.033501 16.838400 0.000000 0.776000 0.630700 0.277300 0.415500

0 15.706500 -20.654600 17.004900 0.000000 -0.364800 0.931100 0.271700 0.416000
0 15.706500 -20.033501 16.838400 0.000000 0.776000 0.630700 0.277300 0.415500
0 11.013200 -20.033501 16.838400 -0.071100 0.773800 0.629400 0.277300 0.468300

0 11.013200 -20.033501 16.838400 -0.071100 0.773800 0.629400 0.277300 0.468300
0 11.013200 -20.654600 17.004900 -0.074400 -0.364800 0.928100 0.271700 0.468800
0 15.706500 -20.654600 17.004900 0.000000 -0.364800 0.931100 0.271700 0.416000

0 15.706500 -20.992599 16.468100 0.000000 -0.998300 -0.058300 0.265900 0.416500
0 15.706500 -20.654600 17.004900 0.000000 -0.364800 0.931100 0.271700 0.416000
0 11.013200 -20.654600 17.004900 -0.074400 -0.364800 0.928100 0.271700 0.468800

0 11.013200 -20.654600 17.004900 -0.074400 -0.364800 0.928100 0.271700 0.468800
0 11.013200 -20.992599 16.468100 -0.074200 -0.995600 -0.057500 0.266100 0.469200
0 15.706500 -20.992599 16.468100 0.000000 -0.998300 -0.058300 0.265900 0.416500

0 15.706500 -20.594801 15.974700 0.000000 -0.778500 -0.627700 0.260000 0.416500
0 15.706500 -20.992599 16.468100 0.000000 -0.998300 -0.058300 0.265900 0.416500
0 11.013200 -20.992599 16.468100 -0.074200 -0.995600 -0.057500 0.266100 0.469200

0 11.013200 -20.992599 16.468100 -0.074200 -0.995600 -0.057500 0.266100 0.469200
0 11.013200 -20.594801 15.974700 -0.058400 -0.780500 -0.622400 0.260500 0.470200
0 15.706500 -20.594801 15.974700 0.000000 -0.778500 -0.627700 0.260000 0.416500

0 11.013200 -20.594801 15.974700 -0.058400 -0.780500 -0.622400 0.260500 0.470200
0 11.013200 -20.992599 16.468100 -0.074200 -0.995600 -0.057500 0.266100 0.469200
0 9.102400 -20.704399 16.485901 -0.197400 -0.980300 0.003200 0.272000 0.490700

0 9.102400 -20.704399 16.485901 -0.197400 -0.980300 0.003200 0.272000 0.490700
0 9.102400 -20.530199 16.217501 -0.160500 -0.827900 -0.537400 0.269300 0.492200
0 11.013200 -20.594801 15.974700 -0.058400 -0.780500 -0.622400 0.260500 0.470200

0 9.102400 -20.530199 16.217501 -0.160500 -0.827900 -0.537400 0.269300 0.492200
0 9.102400 -20.704399 16.485901 -0.197400 -0.980300 0.003200 0.272000 0.490700
0 8.220900 -20.457199 16.500401 -0.999800 -0.004000 0.018200 0.277300 0.500000

0 15.706500 -20.033501 16.838400 0.000000 0.776000 0.630700 0.277300 0.415500
0 15.706500 -19.997900 16.205099 0.000000 0.840200 -0.542300 0.283000 0.416000
0 11.013200 -19.997900 16.205099 -0.067600 0.839200 -0.539700 0.283000 0.468800

0 9.102400 -20.261600 16.661900 -0.211900 0.732600 0.646800 0.277300 0.489700
0 9.102400 -20.232100 16.358999 -0.215100 0.848700 -0.483200 0.280000 0.490200
0 8.220900 -20.457199 16.500401 -0.999800 -0.004000 0.018200 0.277300 0.500000

0 9.102400 -20.232100 16.358999 -0.215100 0.848700 -0.483200 0.280000 0.490200
0 9.102400 -20.530199 16.217501 -0.178000 0.414700 -0.892400 0.283900 0.491200
0 8.220900 -20.457199 16.500401 -0.999800 -0.004000 0.018200 0.277300 0.500000

0 9.102400 -20.704399 16.485901 -0.197400 -0.980300 0.003200 0.272000 0.490700
0 9.102400 -20.543100 16.724100 -0.203000 -0.363700 0.909100 0.274700 0.490200
0 8.220900 -20.457199 16.500401 -0.999800 -0.004000 0.018200 0.277300 0.500000

0 9.102400 -20.543100 16.724100 -0.203000 -0.363700 0.909100 0.274700 0.490200
0 9.102400 -20.261600 16.661900 -0.211900 0.732600 0.646800 0.277300 0.489700
0 8.220900 -20.457199 16.500401 -0.999800 -0.004000 0.018200 0.277300 0.500000

0 9.102400 -20.261600 16.661900 -0.211900 0.732600 0.646800 0.277300 0.489700
0 9.102400 -20.543100 16.724100 -0.203000 -0.363700 0.909100 0.274700 0.490200
0 11.013200 -20.654600 17.004900 -0.074400 -0.364800 0.928100 0.271700 0.468800

0 11.013200 -20.654600 17.004900 -0.074400 -0.364800 0.928100 0.271700 0.468800
0 11.013200 -20.033501 16.838400 -0.071100 0.773800 0.629400 0.277300 0.468300
0 9.102400 -20.261600 16.661900 -0.211900 0.732600 0.646800 0.277300 0.489700

0 9.102400 -20.232100 16.358999 -0.215100 0.848700 -0.483200 0.280000 0.490200
0 9.102400 -20.261600 16.661900 -0.211900 0.732600 0.646800 0.277300 0.489700
0 11.013200 -20.033501 16.838400 -0.071100 0.773800 0.629400 0.277300 0.468300

0 11.013200 -20.033501 16.838400 -0.071100 0.773800 0.629400 0.277300 0.468300
0 11.013200 -19.997900 16.205099 -0.067600 0.839200 -0.539700 0.283000 0.468800
0 9.102400 -20.232100 16.358999 -0.215100 0.848700 -0.483200 0.280000 0.490200

0 9.102400 -20.530199 16.217501 -0.178000 0.414700 -0.892400 0.283900 0.491200
0 9.102400 -20.232100 16.358999 -0.215100 0.848700 -0.483200 0.280000 0.490200
0 11.013200 -19.997900 16.205099 -0.067600 0.839200 -0.539700 0.283000 0.468800

0 11.013200 -19.997900 16.205099 -0.067600 0.839200 -0.539700 0.283000 0.468800
0 11.013200 -20.594801 15.974700 -0.051600 0.359600 -0.931700 0.291300 0.469700
0 9.102400 -20.530199 16.217501 -0.178000 0.414700 -0.892400 0.283900 0.491200

0 11.013200 -20.594801 15.974700 -0.051600 0.359600 -0.931700 0.291300 0.469700
0 11.013200 -19.997900 16.205099 -0.067600 0.839200 -0.539700 0.283000 0.468800
0 15.706500 -19.997900 16.205099 0.000000 0.840200 -0.542300 0.283000 0.416000

0 15.706500 -19.997900 16.205099 0.000000 0.840200 -0.542300 0.283000 0.416000
0 15.706500 -20.594801 15.974700 0.000000 0.360100 -0.932900 0.292200 0.416500
0 11.013200 -20.594801 15.974700 -0.051600 0.359600 -0.931700 0.291300 0.469700

0 9.102400 -20.261600 17.680401 -0.211900 0.732500 0.646900 0.277300 0.489700
0 9.102400 -20.232100 17.377399 -0.215100 0.848600 -0.483300 0.280000 0.490200
0 8.220900 -20.457199 17.518900 -0.999800 -0.004100 0.018200 0.277300 0.500000

0 9.102400 -20.543100 17.742500 -0.202900 -0.363800 0.909100 0.274700 0.490200
0 9.102400 -20.261600 17.680401 -0.211900 0.732500 0.646900 0.277300 0.489700
0 8.220900 -20.457199 17.518900 -0.999800 -0.004100 0.018200 0.277300 0.500000

0 9.102400 -20.543100 17.742500 -0.202900 -0.363800 0.909100 0.274700 0.490200
0 9.102400 -20.704399 17.504400 -0.197400 -0.980300 0.003300 0.272000 0.490700
0 11.013200 -20.992599 17.486601 -0.074200 -0.995600 -0.057500 0.266100 0.469200

0 11.013200 -20.992599 17.486601 -0.074200 -0.995600 -0.057500 0.266100 0.469200
0 11.013200 -20.654600 18.023399 -0.074400 -0.364800 0.928100 0.271700 0.468800
0 9.102400 -20.543100 17.742500 -0.202900 -0.363800 0.909100 0.274700 0.490200

0 9.102400 -20.261600 17.680401 -0.211900 0.732500 0.646900 0.277300 0.489700
0 9.102400 -20.543100 17.742500 -0.202900 -0.363800 0.909100 0.274700 0.490200
0 11.013200 -20.654600 18.023399 -0.074400 -0.364800 0.928100 0.271700 0.468800

0 11.013200 -20.654600 18.023399 -0.074400 -0.364800 0.928100 0.271700 0.468800
0 11.013200 -20.033501 17.856899 -0.071100 0.773800 0.629400 0.277300 0.468300
0 9.102400 -20.261600 17.680401 -0.211900 0.732500 0.646900 0.277300 0.489700

0 9.102400 -20.232100 17.377399 -0.215100 0.848600 -0.483300 0.280000 0.490200
0 9.102400 -20.261600 17.680401 -0.211900 0.732500 0.646900 0.277300 0.489700
0 11.013200 -20.033501 17.856899 -0.071100 0.773800 0.629400 0.277300 0.468300

0 11.013200 -20.033501 17.856899 -0.071100 0.773800 0.629400 0.277300 0.468300
0 11.013200 -19.997900 17.223600 -0.067600 0.839200 -0.539700 0.283000 0.468800
0 9.102400 -20.232100 17.377399 -0.215100 0.848600 -0.483300 0.280000 0.490200

0 9.102400 -20.530199 17.236000 -0.178000 0.414400 -0.892500 0.283900 0.491200
0 9.102400 -20.232100 17.377399 -0.215100 0.848600 -0.483300 0.280000 0.490200
0 11.013200 -19.997900 17.223600 -0.067600 0.839200 -0.539700 0.283000 0.468800

0 9.102400 -20.232100 17.377399 -0.215100 0.848600 -0.483300 0.280000 0.490200
0 9.102400 -20.530199 17.236000 -0.178000 0.414400 -0.892500 0.283900 0.491200
0 8.220900 -20.457199 17.518900 -0.999800 -0.004100 0.018200 0.277300 0.500000

0 11.013200 -19.997900 17.223600 -0.067600 0.839200 -0.539700 0.283000 0.468800
0 11.013200 -20.594801 16.993200 -0.051600 0.359600 -0.931700 0.291300 0.469700
0 9.102400 -20.530199 17.236000 -0.178000 0.414400 -0.892500 0.283900 0.491200

0 9.102400 -20.704399 17.504400 -0.197400 -0.980300 0.003300 0.272000 0.490700
0 9.102400 -20.543100 17.742500 -0.202900 -0.363800 0.909100 0.274700 0.490200
0 8.220900 -20.457199 17.518900 -0.999800 -0.004100 0.018200 0.277300 0.500000

0 9.102400 -20.530199 17.236000 -0.160500 -0.827900 -0.537400 0.269300 0.492200
0 9.102400 -20.704399 17.504400 -0.197400 -0.980300 0.003300 0.272000 0.490700
0 8.220900 -20.457199 17.518900 -0.999800 -0.004100 0.018200 0.277300 0.500000

0 9.102400 -20.704399 17.504400 -0.197400 -0.980300 0.003300 0.272000 0.490700
0 9.102400 -20.530199 17.236000 -0.160500 -0.827900 -0.537400 0.269300 0.492200
0 11.013200 -20.594801 16.993200 -0.058400 -0.780500 -0.622400 0.260500 0.470200

0 11.013200 -20.594801 16.993200 -0.058400 -0.780500 -0.622400 0.260500 0.470200
0 11.013200 -20.992599 17.486601 -0.074200 -0.995600 -0.057500 0.266100 0.469200
0 9.102400 -20.704399 17.504400 -0.197400 -0.980300 0.003300 0.272000 0.490700

0 11.013200 -20.992599 17.486601 -0.074200 -0.995600 -0.057500 0.266100 0.469200
0 11.013200 -20.594801 16.993200 -0.058400 -0.780500 -0.622400 0.260500 0.470200
0 15.706500 -20.594801 16.993200 0.000000 -0.778500 -0.627700 0.260000 0.416500

0 15.706500 -20.594801 16.993200 0.000000 -0.778500 -0.627700 0.260000 0.416500
0 15.706500 -20.992599 17.486601 0.000000 -0.998300 -0.058300 0.265900 0.416500
0 11.013200 -20.992599 17.486601 -0.074200 -0.995600 -0.057500 0.266100 0.469200

0 11.013200 -20.654600 18.023399 -0.074400 -0.364800 0.928100 0.271700 0.468800
0 11.013200 -20.992599 17.486601 -0.074200 -0.995600 -0.057500 0.266100 0.469200
0 15.706500 -20.992599 17.486601 0.000000 -0.998300 -0.058300 0.265900 0.416500

0 15.706500 -20.992599 17.486601 0.000000 -0.998300 -0.058300 0.265900 0.416500
0 15.706500 -20.654600 18.023399 0.000000 -0.364800 0.931100 0.271700 0.416000
0 11.013200 -20.654600 18.023399 -0.074400 -0.364800 0.928100 0.271700 0.468800

0 11.013200 -20.033501 17.856899 -0.071100 0.773800 0.629400 0.277300 0.468300
0 11.013200 -20.654600 18.023399 -0.074400 -0.364800 0.928100 0.271700 0.468800
0 15.706500 -20.654600 18.023399 0.000000 -0.364800 0.931100 0.271700 0.416000

0 15.706500 -20.654600 18.023399 0.000000 -0.364800 0.931100 0.271700 0.416000
0 15.706500 -20.033501 17.856899 0.000000 0.776000 0.630700 0.277300 0.415500
0 11.013200 -20.033501 17.856899 -0.071100 0.773800 0.629400 0.277300 0.468300

0 11.013200 -19.997900 17.223600 -0.067600 0.839200 -0.539700 0.283000 0.468800
0 11.013200 -20.033501 17.856899 -0.071100 0.773800 0.629400 0.277300 0.468300
0 15.706500 -20.033501 17.856899 0.000000 0.776000 0.630700 0.277300 0.415500

0 15.706500 -20.033501 17.856899 0.000000 0.776000 0.630700 0.277300 0.415500
0 15.706500 -19.997900 17.223600 0.000000 0.840200 -0.542300 0.283000 0.416000
0 11.013200 -19.997900 17.223600 -0.067600 0.839200 -0.539700 0.283000 0.468800

0 11.013200 -20.594801 16.993200 -0.051600 0.359600 -0.931700 0.291300 0.469700
0 11.013200 -19.997900 17.223600 -0.067600 0.839200 -0.539700 0.283000 0.468800
0 15.706500 -19.997900 17.223600 0.000000 0.840200 -0.542300 0.283000 0.416000

0 15.706500 -19.997900 17.223600 0.000000 0.840200 -0.542300 0.283000 0.416000
0 15.706500 -20.594801 16.993200 0.000000 0.360100 -0.932900 0.292200 0.416500
0 11.013200 -20.594801 16.993200 -0.051600 0.359600 -0.931700 0.291300 0.469700

0 -5.484900 19.944000 3.998300 0.000000 0.987700 -0.156500 0.631300 0.858900
0 -5.487000 20.125299 25.893299 0.000000 1.000000 -0.008300 0.631300 0.944200
0 5.487000 20.125299 25.893299 0.000000 1.000000 -0.008300 0.591300 0.944200

0 5.487000 20.125299 25.893299 0.000000 1.000000 -0.008300 0.591300 0.944200
0 5.484900 19.944000 3.998300 0.000000 0.987700 -0.156500 0.591300 0.858900
0 -5.484900 19.944000 3.998300 0.000000 0.987700 -0.156500 0.631300 0.858900

0 -5.484900 19.944000 3.998300 0.000000 0.987700 -0.156500 0.631300 0.858900
0 5.484900 19.944000 3.998300 0.000000 0.987700 -0.156500 0.591300 0.858900
0 5.474200 19.021400 1.081600 0.000000 0.953400 -0.301600 0.590800 0.846800

0 5.474200 19.021400 1.081600 0.000000 0.953400 -0.301600 0.590800 0.846800
0 -5.474200 19.021400 1.081600 0.000000 0.953400 -0.301600 0.631300 0.846800
0 -5.484900 19.944000 3.998300 0.000000 0.987700 -0.156500 0.631300 0.858900

0 15.706500 -20.654600 19.041901 1.000000 0.000000 0.000000 0.301500 0.448700
0 15.706500 -20.992599 18.505100 1.000000 0.000000 0.000000 0.307400 0.445300
0 15.706500 -20.594801 18.011700 1.000000 0.000000 0.000000 0.313500 0.452100

0 15.706500 -20.594801 18.011700 1.000000 0.000000 0.000000 0.313500 0.452100
0 15.706500 -20.033501 18.875401 1.000000 0.000000 0.000000 0.301300 0.455600
0 15.706500 -20.654600 19.041901 1.000000 0.000000 0.000000 0.301500 0.448700

0 15.706500 -20.033501 18.875401 1.000000 0.000000 0.000000 0.301300 0.455600
0 15.706500 -20.594801 18.011700 1.000000 0.000000 0.000000 0.313500 0.452100
0 15.706500 -19.997900 18.242100 1.000000 0.000000 0.000000 0.307400 0.459000

0 11.013200 -20.992599 18.505100 -0.074200 -0.995600 -0.057500 0.266100 0.469200
0 11.013200 -20.654600 19.041901 -0.074400 -0.364800 0.928100 0.271700 0.468800
0 9.102400 -20.543100 18.761000 -0.202900 -0.363700 0.909100 0.274700 0.490200

0 9.102400 -20.543100 18.761000 -0.202900 -0.363700 0.909100 0.274700 0.490200
0 9.102400 -20.704399 18.522900 -0.197400 -0.980300 0.003300 0.272000 0.490700
0 11.013200 -20.992599 18.505100 -0.074200 -0.995600 -0.057500 0.266100 0.469200

0 11.013200 -19.997900 18.242100 -0.067600 0.839200 -0.539700 0.283000 0.468800
0 11.013200 -20.033501 18.875401 -0.071200 0.773800 0.629400 0.277300 0.468300
0 15.706500 -20.033501 18.875401 0.000000 0.776000 0.630700 0.277300 0.415500

0 15.706500 -20.654600 19.041901 0.000000 -0.364800 0.931100 0.271700 0.416000
0 15.706500 -20.033501 18.875401 0.000000 0.776000 0.630700 0.277300 0.415500
0 11.013200 -20.033501 18.875401 -0.071200 0.773800 0.629400 0.277300 0.468300

0 11.013200 -20.033501 18.875401 -0.071200 0.773800 0.629400 0.277300 0.468300
0 11.013200 -20.654600 19.041901 -0.074400 -0.364800 0.928100 0.271700 0.468800
0 15.706500 -20.654600 19.041901 0.000000 -0.364800 0.931100 0.271700 0.416000

0 15.706500 -20.992599 18.505100 0.000000 -0.998300 -0.058300 0.265900 0.416500
0 15.706500 -20.654600 19.041901 0.000000 -0.364800 0.931100 0.271700 0.416000
0 11.013200 -20.654600 19.041901 -0.074400 -0.364800 0.928100 0.271700 0.468800

0 11.013200 -20.654600 19.041901 -0.074400 -0.364800 0.928100 0.271700 0.468800
0 11.013200 -20.992599 18.505100 -0.074200 -0.995600 -0.057500 0.266100 0.469200
0 15.706500 -20.992599 18.505100 0.000000 -0.998300 -0.058300 0.265900 0.416500

0 15.706500 -20.594801 18.011700 0.000000 -0.778500 -0.627700 0.260000 0.416500
0 15.706500 -20.992599 18.505100 0.000000 -0.998300 -0.058300 0.265900 0.416500
0 11.013200 -20.992599 18.505100 -0.074200 -0.995600 -0.057500 0.266100 0.469200

0 11.013200 -20.992599 18.505100 -0.074200 -0.995600 -0.057500 0.266100 0.469200
0 11.013200 -20.594801 18.011700 -0.058400 -0.780500 -0.622400 0.260500 0.470200
0 15.706500 -20.594801 18.011700 0.000000 -0.778500 -0.627700 0.260000 0.416500

0 11.013200 -20.594801 18.011700 -0.058400 -0.780500 -0.622400 0.260500 0.470200
0 11.013200 -20.992599 18.505100 -0.074200 -0.995600 -0.057500 0.266100 0.469200
0 9.102400 -20.704399 18.522900 -0.197400 -0.980300 0.003300 0.272000 0.490700

0 9.102400 -20.704399 18.522900 -0.197400 -0.980300 0.003300 0.272000 0.490700
0 9.102400 -20.530199 18.254499 -0.160500 -0.827900 -0.537400 0.269300 0.492200
0 11.013200 -20.594801 18.011700 -0.058400 -0.780500 -0.622400 0.260500 0.470200

0 9.102400 -20.530199 18.254499 -0.160500 -0.827900 -0.537400 0.269300 0.492200
0 9.102400 -20.704399 18.522900 -0.197400 -0.980300 0.003300 0.272000 0.490700
0 8.220900 -20.457199 18.537399 -0.999800 -0.004100 0.018200 0.277300 0.500000

0 15.706500 -20.033501 18.875401 0.000000 0.776000 0.630700 0.277300 0.415500
0 15.706500 -19.997900 18.242100 0.000000 0.840200 -0.542300 0.283000 0.416000
0 11.013200 -19.997900 18.242100 -0.067600 0.839200 -0.539700 0.283000 0.468800

0 9.102400 -20.261600 18.698799 -0.211900 0.732600 0.646800 0.277300 0.489700
0 9.102400 -20.232100 18.395901 -0.215100 0.848600 -0.483300 0.280000 0.490200
0 8.220900 -20.457199 18.537399 -0.999800 -0.004100 0.018200 0.277300 0.500000

0 9.102400 -20.232100 18.395901 -0.215100 0.848600 -0.483300 0.280000 0.490200
0 9.102400 -20.530199 18.254499 -0.178000 0.414500 -0.892500 0.283900 0.491200
0 8.220900 -20.457199 18.537399 -0.999800 -0.004100 0.018200 0.277300 0.500000

0 9.102400 -20.704399 18.522900 -0.197400 -0.980300 0.003300 0.272000 0.490700
0 9.102400 -20.543100 18.761000 -0.202900 -0.363700 0.909100 0.274700 0.490200
0 8.220900 -20.457199 18.537399 -0.999800 -0.004100 0.018200 0.277300 0.500000

0 9.102400 -20.543100 18.761000 -0.202900 -0.363700 0.909100 0.274700 0.490200
0 9.102400 -20.261600 18.698799 -0.211900 0.732600 0.646800 0.277300 0.489700
0 8.220900 -20.457199 18.537399 -0.999800 -0.004100 0.018200 0.277300 0.500000

0 9.102400 -20.261600 18.698799 -0.211900 0.732600 0.646800 0.277300 0.489700
0 9.102400 -20.543100 18.761000 -0.202900 -0.363700 0.909100 0.274700 0.490200
0 11.013200 -20.654600 19.041901 -0.074400 -0.364800 0.928100 0.271700 0.468800

0 11.013200 -20.654600 19.041901 -0.074400 -0.364800 0.928100 0.271700 0.468800
0 11.013200 -20.033501 18.875401 -0.071200 0.773800 0.629400 0.277300 0.468300
0 9.102400 -20.261600 18.698799 -0.211900 0.732600 0.646800 0.277300 0.489700

0 9.102400 -20.232100 18.395901 -0.215100 0.848600 -0.483300 0.280000 0.490200
0 9.102400 -20.261600 18.698799 -0.211900 0.732600 0.646800 0.277300 0.489700
0 11.013200 -20.033501 18.875401 -0.071200 0.773800 0.629400 0.277300 0.468300

0 11.013200 -20.033501 18.875401 -0.071200 0.773800 0.629400 0.277300 0.468300
0 11.013200 -19.997900 18.242100 -0.067600 0.839200 -0.539700 0.283000 0.468800
0 9.102400 -20.232100 18.395901 -0.215100 0.848600 -0.483300 0.280000 0.490200

0 9.102400 -20.530199 18.254499 -0.178000 0.414500 -0.892500 0.283900 0.491200
0 9.102400 -20.232100 18.395901 -0.215100 0.848600 -0.483300 0.280000 0.490200
0 11.013200 -19.997900 18.242100 -0.067600 0.839200 -0.539700 0.283000 0.468800

0 11.013200 -19.997900 18.242100 -0.067600 0.839200 -0.539700 0.283000 0.468800
0 11.013200 -20.594801 18.011700 -0.051600 0.359600 -0.931700 0.291300 0.469700
0 9.102400 -20.530199 18.254499 -0.178000 0.414500 -0.892500 0.283900 0.491200

0 11.013200 -20.594801 18.011700 -0.051600 0.359600 -0.931700 0.291300 0.469700
0 11.013200 -19.997900 18.242100 -0.067600 0.839200 -0.539700 0.283000 0.468800
0 15.706500 -19.997900 18.242100 0.000000 0.840200 -0.542300 0.283000 0.416000

0 15.706500 -19.997900 18.242100 0.000000 0.840200 -0.542300 0.283000 0.416000
0 15.706500 -20.594801 18.011700 0.000000 0.360100 -0.932900 0.292200 0.416500
0 11.013200 -20.594801 18.011700 -0.051600 0.359600 -0.931700 0.291300 0.469700

0 15.706500 -20.654600 20.060301 1.000000 0.000000 0.000000 0.301500 0.448700
0 15.706500 -20.992599 19.523500 1.000000 0.000000 0.000000 0.307400 0.445300
0 15.706500 -20.594801 19.030199 1.000000 0.000000 0.000000 0.313500 0.452100

0 15.706500 -20.594801 19.030199 1.000000 0.000000 0.000000 0.313500 0.452100
0 15.706500 -20.033501 19.893900 1.000000 0.000000 0.000000 0.301300 0.455600
0 15.706500 -20.654600 20.060301 1.000000 0.000000 0.000000 0.301500 0.448700

0 15.706500 -20.033501 19.893900 1.000000 0.000000 0.000000 0.301300 0.455600
0 15.706500 -20.594801 19.030199 1.000000 0.000000 0.000000 0.313500 0.452100
0 15.706500 -19.997900 19.260599 1.000000 0.000000 0.000000 0.307400 0.459000

0 11.013200 -20.992599 19.523500 -0.074200 -0.995600 -0.057500 0.266100 0.469200
0 11.013200 -20.654600 20.060301 -0.074400 -0.364900 0.928100 0.271700 0.468800
0 9.102400 -20.543100 19.779499 -0.203000 -0.363700 0.909100 0.274700 0.490200

0 9.102400 -20.543100 19.779499 -0.203000 -0.363700 0.909100 0.274700 0.490200
0 9.102400 -20.704399 19.541401 -0.197400 -0.980300 0.003400 0.272000 0.490700
0 11.013200 -20.992599 19.523500 -0.074200 -0.995600 -0.057500 0.266100 0.469200

0 11.013200 -19.997900 19.260599 -0.067600 0.839200 -0.539700 0.283000 0.468800
0 11.013200 -20.033501 19.893900 -0.071200 0.773800 0.629500 0.277300 0.468300
0 15.706500 -20.033501 19.893900 0.000000 0.775900 0.630800 0.277300 0.415500

0 15.706500 -20.654600 20.060301 0.000000 -0.364900 0.931000 0.271700 0.416000
0 15.706500 -20.033501 19.893900 0.000000 0.775900 0.630800 0.277300 0.415500
0 11.013200 -20.033501 19.893900 -0.071200 0.773800 0.629500 0.277300 0.468300

0 11.013200 -20.033501 19.893900 -0.071200 0.773800 0.629500 0.277300 0.468300
0 11.013200 -20.654600 20.060301 -0.074400 -0.364900 0.928100 0.271700 0.468800
0 15.706500 -20.654600 20.060301 0.000000 -0.364900 0.931000 0.271700 0.416000

0 15.706500 -20.992599 19.523500 0.000000 -0.998300 -0.058300 0.265900 0.416500
0 15.706500 -20.654600 20.060301 0.000000 -0.364900 0.931000 0.271700 0.416000
0 11.013200 -20.654600 20.060301 -0.074400 -0.364900 0.928100 0.271700 0.468800

0 11.013200 -20.654600 20.060301 -0.074400 -0.364900 0.928100 0.271700 0.468800
0 11.013200 -20.992599 19.523500 -0.074200 -0.995600 -0.057500 0.266100 0.469200
0 15.706500 -20.992599 19.523500 0.000000 -0.998300 -0.058300 0.265900 0.416500

0 15.706500 -20.594801 19.030199 0.000000 -0.778400 -0.627700 0.260000 0.416500
0 15.706500 -20.992599 19.523500 0.000000 -0.998300 -0.058300 0.265900 0.416500
0 11.013200 -20.992599 19.523500 -0.074200 -0.995600 -0.057500 0.266100 0.469200

0 11.013200 -20.992599 19.523500 -0.074200 -0.995600 -0.057500 0.266100 0.469200
0 11.013200 -20.594801 19.030199 -0.058400 -0.780500 -0.622400 0.260500 0.470200
0 15.706500 -20.594801 19.030199 0.000000 -0.778400 -0.627700 0.260000 0.416500

0 11.013200 -20.594801 19.030199 -0.058400 -0.780500 -0.622400 0.260500 0.470200
0 11.013200 -20.992599 19.523500 -0.074200 -0.995600 -0.057500 0.266100 0.469200
0 9.102400 -20.704399 19.541401 -0.197400 -0.980300 0.003400 0.272000 0.490700

0 9.102400 -20.704399 19.541401 -0.197400 -0.980300 0.003400 0.272000 0.490700
0 9.102400 -20.530199 19.272900 -0.160500 -0.828000 -0.537200 0.269300 0.492200
0 11.013200 -20.594801 19.030199 -0.058400 -0.780500 -0.622400 0.260500 0.470200

0 9.102400 -20.530199 19.272900 -0.160500 -0.828000 -0.537200 0.269300 0.492200
0 9.102400 -20.704399 19.541401 -0.197400 -0.980300 0.003400 0.272000 0.490700
0 8.220900 -20.457199 19.555799 -0.999800 -0.004000 0.018200 0.277300 0.500000

0 15.706500 -20.033501 19.893900 0.000000 0.775900 0.630800 0.277300 0.415500
0 15.706500 -19.997900 19.260599 0.000000 0.840200 -0.542300 0.283000 0.416000
0 11.013200 -19.997900 19.260599 -0.067600 0.839200 -0.539700 0.283000 0.468800

0 9.102400 -20.261600 19.717300 -0.211900 0.732600 0.646800 0.277300 0.489700
0 9.102400 -20.232100 19.414400 -0.215000 0.848700 -0.483200 0.280000 0.490200
0 8.220900 -20.457199 19.555799 -0.999800 -0.004000 0.018200 0.277300 0.500000

0 9.102400 -20.232100 19.414400 -0.215000 0.848700 -0.483200 0.280000 0.490200
0 9.102400 -20.530199 19.272900 -0.178000 0.414700 -0.892400 0.283900 0.491200
0 8.220900 -20.457199 19.555799 -0.999800 -0.004000 0.018200 0.277300 0.500000

0 9.102400 -20.704399 19.541401 -0.197400 -0.980300 0.003400 0.272000 0.490700
0 9.102400 -20.543100 19.779499 -0.203000 -0.363700 0.909100 0.274700 0.490200
0 8.220900 -20.457199 19.555799 -0.999800 -0.004000 0.018200 0.277300 0.500000

0 9.102400 -20.543100 19.779499 -0.203000 -0.363700 0.909100 0.274700 0.490200
0 9.102400 -20.261600 19.717300 -0.211900 0.732600 0.646800 0.277300 0.489700
0 8.220900 -20.457199 19.555799 -0.999800 -0.004000 0.018200 0.277300 0.500000

0 9.102400 -20.261600 19.717300 -0.211900 0.732600 0.646800 0.277300 0.489700
0 9.102400 -20.543100 19.779499 -0.203000 -0.363700 0.909100 0.274700 0.490200
0 11.013200 -20.654600 20.060301 -0.074400 -0.364900 0.928100 0.271700 0.468800

0 11.013200 -20.654600 20.060301 -0.074400 -0.364900 0.928100 0.271700 0.468800
0 11.013200 -20.033501 19.893900 -0.071200 0.773800 0.629500 0.277300 0.468300
0 9.102400 -20.261600 19.717300 -0.211900 0.732600 0.646800 0.277300 0.489700

0 9.102400 -20.232100 19.414400 -0.215000 0.848700 -0.483200 0.280000 0.490200
0 9.102400 -20.261600 19.717300 -0.211900 0.732600 0.646800 0.277300 0.489700
0 11.013200 -20.033501 19.893900 -0.071200 0.773800 0.629500 0.277300 0.468300

0 11.013200 -20.033501 19.893900 -0.071200 0.773800 0.629500 0.277300 0.468300
0 11.013200 -19.997900 19.260599 -0.067600 0.839200 -0.539700 0.283000 0.468800
0 9.102400 -20.232100 19.414400 -0.215000 0.848700 -0.483200 0.280000 0.490200

0 9.102400 -20.530199 19.272900 -0.178000 0.414700 -0.892400 0.283900 0.491200
0 9.102400 -20.232100 19.414400 -0.215000 0.848700 -0.483200 0.280000 0.490200
0 11.013200 -19.997900 19.260599 -0.067600 0.839200 -0.539700 0.283000 0.468800

0 11.013200 -19.997900 19.260599 -0.067600 0.839200 -0.539700 0.283000 0.468800
0 11.013200 -20.594801 19.030199 -0.051600 0.359600 -0.931700 0.291300 0.469700
0 9.102400 -20.530199 19.272900 -0.178000 0.414700 -0.892400 0.283900 0.491200

0 11.013200 -20.594801 19.030199 -0.051600 0.359600 -0.931700 0.291300 0.469700
0 11.013200 -19.997900 19.260599 -0.067600 0.839200 -0.539700 0.283000 0.468800
0 15.706500 -19.997900 19.260599 0.000000 0.840200 -0.542300 0.283000 0.416000

0 15.706500 -19.997900 19.260599 0.000000 0.840200 -0.542300 0.283000 0.416000
0 15.706500 -20.594801 19.030199 0.000000 0.360100 -0.932900 0.292200 0.416500
0 11.013200 -20.594801 19.030199 -0.051600 0.359600 -0.931700 0.291300 0.469700

0 15.706500 -20.654600 21.078800 1.000000 0.000000 0.000000 0.301500 0.448700
0 15.706500 -20.992599 20.542000 1.000000 0.000000 0.000000 0.307400 0.445300
0 15.706500 -20.594801 20.048599 1.000000 0.000000 0.000000 0.313500 0.452100

0 15.706500 -20.594801 20.048599 1.000000 0.000000 0.000000 0.313500 0.452100
0 15.706500 -20.033501 20.912300 1.000000 0.000000 0.000000 0.301300 0.455600
0 15.706500 -20.654600 21.078800 1.000000 0.000000 0.000000 0.301500 0.448700

0 15.706500 -20.033501 20.912300 1.000000 0.000000 0.000000 0.301300 0.455600
0 15.706500 -20.594801 20.048599 1.000000 0.000000 0.000000 0.313500 0.452100
0 15.706500 -19.997900 20.278999 1.000000 0.000000 0.000000 0.307400 0.459000

0 11.013200 -20.992599 20.542000 -0.074200 -0.995600 -0.057500 0.266100 0.469200
0 11.013200 -20.654600 21.078800 -0.074400 -0.364800 0.928100 0.271700 0.468800
0 9.102400 -20.543100 20.798000 -0.203000 -0.363700 0.909100 0.274700 0.490200

0 9.102400 -20.543100 20.798000 -0.203000 -0.363700 0.909100 0.274700 0.490200
0 9.102400 -20.704399 20.559799 -0.197400 -0.980300 0.003200 0.272000 0.490700
0 11.013200 -20.992599 20.542000 -0.074200 -0.995600 -0.057500 0.266100 0.469200

0 11.013200 -19.997900 20.278999 -0.067600 0.839200 -0.539700 0.283000 0.468800
0 11.013200 -20.033501 20.912300 -0.071100 0.773800 0.629400 0.277300 0.468300
0 15.706500 -20.033501 20.912300 0.000000 0.776000 0.630700 0.277300 0.415500

0 15.706500 -20.654600 21.078800 0.000000 -0.364800 0.931100 0.271700 0.416000
0 15.706500 -20.033501 20.912300 0.000000 0.776000 0.630700 0.277300 0.415500
0 11.013200 -20.033501 20.912300 -0.071100 0.773800 0.629400 0.277300 0.468300

0 11.013200 -20.033501 20.912300 -0.071100 0.773800 0.629400 0.277300 0.468300
0 11.013200 -20.654600 21.078800 -0.074400 -0.364800 0.928100 0.271700 0.468800
0 15.706500 -20.654600 21.078800 0.000000 -0.364800 0.931100 0.271700 0.416000

0 15.706500 -20.992599 20.542000 0.000000 -0.998300 -0.058300 0.265900 0.416500
0 15.706500 -20.654600 21.078800 0.000000 -0.364800 0.931100 0.271700 0.416000
0 11.013200 -20.654600 21.078800 -0.074400 -0.364800 0.928100 0.271700 0.468800

0 11.013200 -20.654600 21.078800 -0.074400 -0.364800 0.928100 0.271700 0.468800
0 11.013200 -20.992599 20.542000 -0.074200 -0.995600 -0.057500 0.266100 0.469200
0 15.706500 -20.992599 20.542000 0.000000 -0.998300 -0.058300 0.265900 0.416500

0 15.706500 -20.594801 20.048599 0.000000 -0.778500 -0.627700 0.260000 0.416500
0 15.706500 -20.992599 20.542000 0.000000 -0.998300 -0.058300 0.265900 0.416500
0 11.013200 -20.992599 20.542000 -0.074200 -0.995600 -0.057500 0.266100 0.469200

0 11.013200 -20.992599 20.542000 -0.074200 -0.995600 -0.057500 0.266100 0.469200
0 11.013200 -20.594801 20.048599 -0.058400 -0.780500 -0.622400 0.260500 0.470200
0 15.706500 -20.594801 20.048599 0.000000 -0.778500 -0.627700 0.260000 0.416500

0 11.013200 -20.594801 20.048599 -0.058400 -0.780500 -0.622400 0.260500 0.470200
0 11.013200 -20.992599 20.542000 -0.074200 -0.995600 -0.057500 0.266100 0.469200
0 9.102400 -20.704399 20.559799 -0.197400 -0.980300 0.003200 0.272000 0.490700

0 9.102400 -20.704399 20.559799 -0.197400 -0.980300 0.003200 0.272000 0.490700
0 9.102400 -20.530199 20.291401 -0.160500 -0.827900 -0.537400 0.269300 0.492200
0 11.013200 -20.594801 20.048599 -0.058400 -0.780500 -0.622400 0.260500 0.470200

0 9.102400 -20.530199 20.291401 -0.160500 -0.827900 -0.537400 0.269300 0.492200
0 9.102400 -20.704399 20.559799 -0.197400 -0.980300 0.003200 0.272000 0.490700
0 8.220900 -20.457199 20.574301 -0.999800 -0.004000 0.018200 0.277300 0.500000

0 15.706500 -20.033501 20.912300 0.000000 0.776000 0.630700 0.277300 0.415500
0 15.706500 -19.997900 20.278999 0.000000 0.840200 -0.542300 0.283000 0.416000
0 11.013200 -19.997900 20.278999 -0.067600 0.839200 -0.539700 0.283000 0.468800

0 9.102400 -20.261600 20.735800 -0.211900 0.732600 0.646800 0.277300 0.489700
0 9.102400 -20.232100 20.432899 -0.215100 0.848700 -0.483200 0.280000 0.490200
0 8.220900 -20.457199 20.574301 -0.999800 -0.004000 0.018200 0.277300 0.500000

0 9.102400 -20.232100 20.432899 -0.215100 0.848700 -0.483200 0.280000 0.490200
0 9.102400 -20.530199 20.291401 -0.178000 0.414700 -0.892400 0.283900 0.491200
0 8.220900 -20.457199 20.574301 -0.999800 -0.004000 0.018200 0.277300 0.500000

0 9.102400 -20.704399 20.559799 -0.197400 -0.980300 0.003200 0.272000 0.490700
0 9.102400 -20.543100 20.798000 -0.203000 -0.363700 0.909100 0.274700 0.490200
0 8.220900 -20.457199 20.574301 -0.999800 -0.004000 0.018200 0.277300 0.500000

0 9.102400 -20.543100 20.798000 -0.203000 -0.363700 0.909100 0.274700 0.490200
0 9.102400 -20.261600 20.735800 -0.211900 0.732600 0.646800 0.277300 0.489700
0 8.220900 -20.457199 20.574301 -0.999800 -0.004000 0.018200 0.277300 0.500000

0 9.102400 -20.261600 20.735800 -0.211900 0.732600 0.646800 0.277300 0.489700
0 9.102400 -20.543100 20.798000 -0.203000 -0.363700 0.909100 0.274700 0.490200
0 11.013200 -20.654600 21.078800 -0.074400 -0.364800 0.928100 0.271700 0.468800

0 11.013200 -20.654600 21.078800 -0.074400 -0.364800 0.928100 0.271700 0.468800
0 11.013200 -20.033501 20.912300 -0.071100 0.773800 0.629400 0.277300 0.468300
0 9.102400 -20.261600 20.735800 -0.211900 0.732600 0.646800 0.277300 0.489700

0 9.102400 -20.232100 20.432899 -0.215100 0.848700 -0.483200 0.280000 0.490200
0 9.102400 -20.261600 20.735800 -0.211900 0.732600 0.646800 0.277300 0.489700
0 11.013200 -20.033501 20.912300 -0.071100 0.773800 0.629400 0.277300 0.468300

0 11.013200 -20.033501 20.912300 -0.071100 0.773800 0.629400 0.277300 0.468300
0 11.013200 -19.997900 20.278999 -0.067600 0.839200 -0.539700 0.283000 0.468800
0 9.102400 -20.232100 20.432899 -0.215100 0.848700 -0.483200 0.280000 0.490200

0 9.102400 -20.530199 20.291401 -0.178000 0.414700 -0.892400 0.283900 0.491200
0 9.102400 -20.232100 20.432899 -0.215100 0.848700 -0.483200 0.280000 0.490200
0 11.013200 -19.997900 20.278999 -0.067600 0.839200 -0.539700 0.283000 0.468800

0 11.013200 -19.997900 20.278999 -0.067600 0.839200 -0.539700 0.283000 0.468800
0 11.013200 -20.594801 20.048599 -0.051600 0.359600 -0.931700 0.291300 0.469700
0 9.102400 -20.530199 20.291401 -0.178000 0.414700 -0.892400 0.283900 0.491200

0 11.013200 -20.594801 20.048599 -0.051600 0.359600 -0.931700 0.291300 0.469700
0 11.013200 -19.997900 20.278999 -0.067600 0.839200 -0.539700 0.283000 0.468800
0 15.706500 -19.997900 20.278999 0.000000 0.840200 -0.542300 0.283000 0.416000

0 15.706500 -19.997900 20.278999 0.000000 0.840200 -0.542300 0.283000 0.416000
0 15.706500 -20.594801 20.048599 0.000000 0.360100 -0.932900 0.292200 0.416500
0 11.013200 -20.594801 20.048599 -0.051600 0.359600 -0.931700 0.291300 0.469700

0 15.706500 -20.654600 22.063499 1.000000 0.000000 0.000000 0.301500 0.448700
0 15.706500 -20.992599 21.526699 1.000000 0.000000 0.000000 0.307400 0.445300
0 15.706500 -20.594801 21.033300 1.000000 0.000000 0.000000 0.313500 0.452100

0 15.706500 -20.594801 21.033300 1.000000 0.000000 0.000000 0.313500 0.452100
0 15.706500 -20.033501 21.896999 1.000000 0.000000 0.000000 0.301300 0.455600
0 15.706500 -20.654600 22.063499 1.000000 0.000000 0.000000 0.301500 0.448700

0 15.706500 -20.033501 21.896999 1.000000 0.000000 0.000000 0.301300 0.455600
0 15.706500 -20.594801 21.033300 1.000000 0.000000 0.000000 0.313500 0.452100
0 15.706500 -19.997900 21.263700 1.000000 0.000000 0.000000 0.307400 0.459000

0 11.013200 -20.992599 21.526699 -0.074200 -0.995600 -0.057500 0.266100 0.469200
0 11.013200 -20.654600 22.063499 -0.074400 -0.364800 0.928100 0.271700 0.468800
0 9.102400 -20.543100 21.782600 -0.202900 -0.363700 0.909100 0.274700 0.490200

0 9.102400 -20.543100 21.782600 -0.202900 -0.363700 0.909100 0.274700 0.490200
0 9.102400 -20.704399 21.544500 -0.197400 -0.980300 0.003300 0.272000 0.490700
0 11.013200 -20.992599 21.526699 -0.074200 -0.995600 -0.057500 0.266100 0.469200

0 11.013200 -19.997900 21.263700 -0.067600 0.839200 -0.539700 0.283000 0.468800
0 11.013200 -20.033501 21.896999 -0.071200 0.773800 0.629400 0.277300 0.468300
0 15.706500 -20.033501 21.896999 0.000000 0.776000 0.630700 0.277300 0.415500

0 15.706500 -20.654600 22.063499 0.000000 -0.364800 0.931100 0.271700 0.416000
0 15.706500 -20.033501 21.896999 0.000000 0.776000 0.630700 0.277300 0.415500
0 11.013200 -20.033501 21.896999 -0.071200 0.773800 0.629400 0.277300 0.468300

0 11.013200 -20.033501 21.896999 -0.071200 0.773800 0.629400 0.277300 0.468300
0 11.013200 -20.654600 22.063499 -0.074400 -0.364800 0.928100 0.271700 0.468800
0 15.706500 -20.654600 22.063499 0.000000 -0.364800 0.931100 0.271700 0.416000

0 15.706500 -20.992599 21.526699 0.000000 -0.998300 -0.058300 0.265900 0.416500
0 15.706500 -20.654600 22.063499 0.000000 -0.364800 0.931100 0.271700 0.416000
0 11.013200 -20.654600 22.063499 -0.074400 -0.364800 0.928100 0.271700 0.468800

0 11.013200 -20.654600 22.063499 -0.074400 -0.364800 0.928100 0.271700 0.468800
0 11.013200 -20.992599 21.526699 -0.074200 -0.995600 -0.057500 0.266100 0.469200
0 15.706500 -20.992599 21.526699 0.000000 -0.998300 -0.058300 0.265900 0.416500

0 15.706500 -20.594801 21.033300 0.000000 -0.778500 -0.627700 0.260000 0.416500
0 15.706500 -20.992599 21.526699 0.000000 -0.998300 -0.058300 0.265900 0.416500
0 11.013200 -20.992599 21.526699 -0.074200 -0.995600 -0.057500 0.266100 0.469200

0 11.013200 -20.992599 21.526699 -0.074200 -0.995600 -0.057500 0.266100 0.469200
0 11.013200 -20.594801 21.033300 -0.058400 -0.780500 -0.622400 0.260500 0.470200
0 15.706500 -20.594801 21.033300 0.000000 -0.778500 -0.627700 0.260000 0.416500

0 11.013200 -20.594801 21.033300 -0.058400 -0.780500 -0.622400 0.260500 0.470200
0 11.013200 -20.992599 21.526699 -0.074200 -0.995600 -0.057500 0.266100 0.469200
0 9.102400 -20.704399 21.544500 -0.197400 -0.980300 0.003300 0.272000 0.490700

0 9.102400 -20.704399 21.544500 -0.197400 -0.980300 0.003300 0.272000 0.490700
0 9.102400 -20.530199 21.276100 -0.160500 -0.827900 -0.537400 0.269300 0.492200
0 11.013200 -20.594801 21.033300 -0.058400 -0.780500 -0.622400 0.260500 0.470200

0 9.102400 -20.530199 21.276100 -0.160500 -0.827900 -0.537400 0.269300 0.492200
0 9.102400 -20.704399 21.544500 -0.197400 -0.980300 0.003300 0.272000 0.490700
0 8.220900 -20.457199 21.559000 -0.999800 -0.004100 0.018200 0.277300 0.500000

0 15.706500 -20.033501 21.896999 0.000000 0.776000 0.630700 0.277300 0.415500
0 15.706500 -19.997900 21.263700 0.000000 0.840200 -0.542300 0.283000 0.416000
0 11.013200 -19.997900 21.263700 -0.067600 0.839200 -0.539700 0.283000 0.468800

0 9.102400 -20.261600 21.720400 -0.211900 0.732600 0.646800 0.277300 0.489700
0 9.102400 -20.232100 21.417500 -0.215100 0.848600 -0.483300 0.280000 0.490200
0 8.220900 -20.457199 21.559000 -0.999800 -0.004100 0.018200 0.277300 0.500000

0 9.102400 -20.232100 21.417500 -0.215100 0.848600 -0.483300 0.280000 0.490200
0 9.102400 -20.530199 21.276100 -0.178000 0.414400 -0.892500 0.283900 0.491200
0 8.220900 -20.457199 21.559000 -0.999800 -0.004100 0.018200 0.277300 0.500000

0 9.102400 -20.704399 21.544500 -0.197400 -0.980300 0.003300 0.272000 0.490700
0 9.102400 -20.543100 21.782600 -0.202900 -0.363700 0.909100 0.274700 0.490200
0 8.220900 -20.457199 21.559000 -0.999800 -0.004100 0.018200 0.277300 0.500000

0 9.102400 -20.543100 21.782600 -0.202900 -0.363700 0.909100 0.274700 0.490200
0 9.102400 -20.261600 21.720400 -0.211900 0.732600 0.646800 0.277300 0.489700
0 8.220900 -20.457199 21.559000 -0.999800 -0.004100 0.018200 0.277300 0.500000

0 9.102400 -20.261600 21.720400 -0.211900 0.732600 0.646800 0.277300 0.489700
0 9.102400 -20.543100 21.782600 -0.202900 -0.363700 0.909100 0.274700 0.490200
0 11.013200 -20.654600 22.063499 -0.074400 -0.364800 0.928100 0.271700 0.468800

0 11.013200 -20.654600 22.063499 -0.074400 -0.364800 0.928100 0.271700 0.468800
0 11.013200 -20.033501 21.896999 -0.071200 0.773800 0.629400 0.277300 0.468300
0 9.102400 -20.261600 21.720400 -0.211900 0.732600 0.646800 0.277300 0.489700

0 9.102400 -20.232100 21.417500 -0.215100 0.848600 -0.483300 0.280000 0.490200
0 9.102400 -20.261600 21.720400 -0.211900 0.732600 0.646800 0.277300 0.489700
0 11.013200 -20.033501 21.896999 -0.071200 0.773800 0.629400 0.277300 0.468300

0 11.013200 -20.033501 21.896999 -0.071200 0.773800 0.629400 0.277300 0.468300
0 11.013200 -19.997900 21.263700 -0.067600 0.839200 -0.539700 0.283000 0.468800
0 9.102400 -20.232100 21.417500 -0.215100 0.848600 -0.483300 0.280000 0.490200

0 9.102400 -20.530199 21.276100 -0.178000 0.414400 -0.892500 0.283900 0.491200
0 9.102400 -20.232100 21.417500 -0.215100 0.848600 -0.483300 0.280000 0.490200
0 11.013200 -19.997900 21.263700 -0.067600 0.839200 -0.539700 0.283000 0.468800

0 11.013200 -19.997900 21.263700 -0.067600 0.839200 -0.539700 0.283000 0.468800
0 11.013200 -20.594801 21.033300 -0.051600 0.359600 -0.931700 0.291300 0.469700
0 9.102400 -20.530199 21.276100 -0.178000 0.414400 -0.892500 0.283900 0.491200

0 11.013200 -20.594801 21.033300 -0.051600 0.359600 -0.931700 0.291300 0.469700
0 11.013200 -19.997900 21.263700 -0.067600 0.839200 -0.539700 0.283000 0.468800
0 15.706500 -19.997900 21.263700 0.000000 0.840200 -0.542300 0.283000 0.416000

0 15.706500 -19.997900 21.263700 0.000000 0.840200 -0.542300 0.283000 0.416000
0 15.706500 -20.594801 21.033300 0.000000 0.360100 -0.932900 0.292200 0.416500
0 11.013200 -20.594801 21.033300 -0.051600 0.359600 -0.931700 0.291300 0.469700

0 15.706500 -20.654600 23.082001 1.000000 0.000000 0.000000 0.301500 0.448700
0 15.706500 -20.992599 22.545200 1.000000 0.000000 0.000000 0.307400 0.445300
0 15.706500 -20.594801 22.051800 1.000000 0.000000 0.000000 0.313500 0.452100

0 15.706500 -20.594801 22.051800 1.000000 0.000000 0.000000 0.313500 0.452100
0 15.706500 -20.033501 22.915501 1.000000 0.000000 0.000000 0.301300 0.455600
0 15.706500 -20.654600 23.082001 1.000000 0.000000 0.000000 0.301500 0.448700

0 15.706500 -20.033501 22.915501 1.000000 0.000000 0.000000 0.301300 0.455600
0 15.706500 -20.594801 22.051800 1.000000 0.000000 0.000000 0.313500 0.452100
0 15.706500 -19.997900 22.282200 1.000000 0.000000 0.000000 0.307400 0.459000

0 11.013200 -20.992599 22.545200 -0.074200 -0.995600 -0.057500 0.266100 0.469200
0 11.013200 -20.654600 23.082001 -0.074400 -0.364800 0.928100 0.271700 0.468800
0 9.102400 -20.543100 22.801100 -0.203000 -0.363700 0.909100 0.274700 0.490200

0 9.102400 -20.543100 22.801100 -0.203000 -0.363700 0.909100 0.274700 0.490200
0 9.102400 -20.704399 22.563000 -0.197400 -0.980300 0.003400 0.272000 0.490700
0 11.013200 -20.992599 22.545200 -0.074200 -0.995600 -0.057500 0.266100 0.469200

0 11.013200 -19.997900 22.282200 -0.067600 0.839200 -0.539700 0.283000 0.468800
0 11.013200 -20.033501 22.915501 -0.071200 0.773800 0.629400 0.277300 0.468300
0 15.706500 -20.033501 22.915501 0.000000 0.776000 0.630700 0.277300 0.415500

0 15.706500 -20.654600 23.082001 0.000000 -0.364800 0.931100 0.271700 0.416000
0 15.706500 -20.033501 22.915501 0.000000 0.776000 0.630700 0.277300 0.415500
0 11.013200 -20.033501 22.915501 -0.071200 0.773800 0.629400 0.277300 0.468300

0 11.013200 -20.033501 22.915501 -0.071200 0.773800 0.629400 0.277300 0.468300
0 11.013200 -20.654600 23.082001 -0.074400 -0.364800 0.928100 0.271700 0.468800
0 15.706500 -20.654600 23.082001 0.000000 -0.364800 0.931100 0.271700 0.416000

0 15.706500 -20.992599 22.545200 0.000000 -0.998300 -0.058300 0.265900 0.416500
0 15.706500 -20.654600 23.082001 0.000000 -0.364800 0.931100 0.271700 0.416000
0 11.013200 -20.654600 23.082001 -0.074400 -0.364800 0.928100 0.271700 0.468800

0 11.013200 -20.654600 23.082001 -0.074400 -0.364800 0.928100 0.271700 0.468800
0 11.013200 -20.992599 22.545200 -0.074200 -0.995600 -0.057500 0.266100 0.469200
0 15.706500 -20.992599 22.545200 0.000000 -0.998300 -0.058300 0.265900 0.416500

0 15.706500 -20.594801 22.051800 0.000000 -0.778500 -0.627700 0.260000 0.416500
0 15.706500 -20.992599 22.545200 0.000000 -0.998300 -0.058300 0.265900 0.416500
0 11.013200 -20.992599 22.545200 -0.074200 -0.995600 -0.057500 0.266100 0.469200

0 11.013200 -20.992599 22.545200 -0.074200 -0.995600 -0.057500 0.266100 0.469200
0 11.013200 -20.594801 22.051800 -0.058400 -0.780500 -0.622400 0.260500 0.470200
0 15.706500 -20.594801 22.051800 0.000000 -0.778500 -0.627700 0.260000 0.416500

0 11.013200 -20.594801 22.051800 -0.058400 -0.780500 -0.622400 0.260500 0.470200
0 11.013200 -20.992599 22.545200 -0.074200 -0.995600 -0.057500 0.266100 0.469200
0 9.102400 -20.704399 22.563000 -0.197400 -0.980300 0.003400 0.272000 0.490700

0 9.102400 -20.704399 22.563000 -0.197400 -0.980300 0.003400 0.272000 0.490700
0 9.102400 -20.530199 22.294500 -0.160500 -0.828000 -0.537200 0.269300 0.492200
0 11.013200 -20.594801 22.051800 -0.058400 -0.780500 -0.622400 0.260500 0.470200

0 9.102400 -20.530199 22.294500 -0.160500 -0.828000 -0.537200 0.269300 0.492200
0 9.102400 -20.704399 22.563000 -0.197400 -0.980300 0.003400 0.272000 0.490700
0 8.220900 -20.457199 22.577400 -0.999800 -0.004000 0.018200 0.277300 0.500000

0 15.706500 -20.033501 22.915501 0.000000 0.776000 0.630700 0.277300 0.415500
0 15.706500 -19.997900 22.282200 0.000000 0.840200 -0.542300 0.283000 0.416000
0 11.013200 -19.997900 22.282200 -0.067600 0.839200 -0.539700 0.283000 0.468800

0 9.102400 -20.261600 22.738899 -0.211900 0.732600 0.646800 0.277300 0.489700
0 9.102400 -20.232100 22.436001 -0.215000 0.848700 -0.483200 0.280000 0.490200
0 8.220900 -20.457199 22.577400 -0.999800 -0.004000 0.018200 0.277300 0.500000

0 9.102400 -20.232100 22.436001 -0.215000 0.848700 -0.483200 0.280000 0.490200
0 9.102400 -20.530199 22.294500 -0.178000 0.414700 -0.892400 0.283900 0.491200
0 8.220900 -20.457199 22.577400 -0.999800 -0.004000 0.018200 0.277300 0.500000

0 9.102400 -20.704399 22.563000 -0.197400 -0.980300 0.003400 0.272000 0.490700
0 9.102400 -20.543100 22.801100 -0.203000 -0.363700 0.909100 0.274700 0.490200
0 8.220900 -20.457199 22.577400 -0.999800 -0.004000 0.018200 0.277300 0.500000

0 9.102400 -20.543100 22.801100 -0.203000 -0.363700 0.909100 0.274700 0.490200
0 9.102400 -20.261600 22.738899 -0.211900 0.732600 0.646800 0.277300 0.489700
0 8.220900 -20.457199 22.577400 -0.999800 -0.004000 0.018200 0.277300 0.500000

0 9.102400 -20.261600 22.738899 -0.211900 0.732600 0.646800 0.277300 0.489700
0 9.102400 -20.543100 22.801100 -0.203000 -0.363700 0.909100 0.274700 0.490200
0 11.013200 -20.654600 23.082001 -0.074400 -0.364800 0.928100 0.271700 0.468800

0 11.013200 -20.654600 23.082001 -0.074400 -0.364800 0.928100 0.271700 0.468800
0 11.013200 -20.033501 22.915501 -0.071200 0.773800 0.629400 0.277300 0.468300
0 9.102400 -20.261600 22.738899 -0.211900 0.732600 0.646800 0.277300 0.489700

0 9.102400 -20.232100 22.436001 -0.215000 0.848700 -0.483200 0.280000 0.490200
0 9.102400 -20.261600 22.738899 -0.211900 0.732600 0.646800 0.277300 0.489700
0 11.013200 -20.033501 22.915501 -0.071200 0.773800 0.629400 0.277300 0.468300

0 11.013200 -20.033501 22.915501 -0.071200 0.773800 0.629400 0.277300 0.468300
0 11.013200 -19.997900 22.282200 -0.067600 0.839200 -0.539700 0.283000 0.468800
0 9.102400 -20.232100 22.436001 -0.215000 0.848700 -0.483200 0.280000 0.490200

0 9.102400 -20.530199 22.294500 -0.178000 0.414700 -0.892400 0.283900 0.491200
0 9.102400 -20.232100 22.436001 -0.215000 0.848700 -0.483200 0.280000 0.490200
0 11.013200 -19.997900 22.282200 -0.067600 0.839200 -0.539700 0.283000 0.468800

0 11.013200 -19.997900 22.282200 -0.067600 0.839200 -0.539700 0.283000 0.468800
0 11.013200 -20.594801 22.051800 -0.051600 0.359600 -0.931700 0.291300 0.469700
0 9.102400 -20.530199 22.294500 -0.178000 0.414700 -0.892400 0.283900 0.491200

0 11.013200 -20.594801 22.051800 -0.051600 0.359600 -0.931700 0.291300 0.469700
0 11.013200 -19.997900 22.282200 -0.067600 0.839200 -0.539700 0.283000 0.468800
0 15.706500 -19.997900 22.282200 0.000000 0.840200 -0.542300 0.283000 0.416000

0 15.706500 -19.997900 22.282200 0.000000 0.840200 -0.542300 0.283000 0.416000
0 15.706500 -20.594801 22.051800 0.000000 0.360100 -0.932900 0.292200 0.416500
0 11.013200 -20.594801 22.051800 -0.051600 0.359600 -0.931700 0.291300 0.469700

0 15.706500 -20.654600 24.100401 1.000000 0.000000 0.000000 0.301500 0.448700
0 15.706500 -20.992599 23.563601 1.000000 0.000000 0.000000 0.307400 0.445300
0 15.706500 -20.594801 23.070200 1.000000 0.000000 0.000000 0.313500 0.452100

0 15.706500 -20.594801 23.070200 1.000000 0.000000 0.000000 0.313500 0.452100
0 15.706500 -20.033501 23.933901 1.000000 0.000000 0.000000 0.301300 0.455600
0 15.706500 -20.654600 24.100401 1.000000 0.000000 0.000000 0.301500 0.448700

0 15.706500 -20.033501 23.933901 1.000000 0.000000 0.000000 0.301300 0.455600
0 15.706500 -20.594801 23.070200 1.000000 0.000000 0.000000 0.313500 0.452100
0 15.706500 -19.997900 23.300600 1.000000 0.000000 0.000000 0.307400 0.459000

0 11.013200 -20.992599 23.563601 -0.074200 -0.995600 -0.057500 0.266100 0.469200
0 11.013200 -20.654600 24.100401 -0.074400 -0.364800 0.928100 0.271700 0.468800
0 9.102400 -20.543100 23.819599 -0.203000 -0.363700 0.909100 0.274700 0.490200

0 9.102400 -20.543100 23.819599 -0.203000 -0.363700 0.909100 0.274700 0.490200
0 9.102400 -20.704399 23.581499 -0.197400 -0.980300 0.003400 0.272000 0.490700
0 11.013200 -20.992599 23.563601 -0.074200 -0.995600 -0.057500 0.266100 0.469200

0 11.013200 -19.997900 23.300600 -0.067600 0.839200 -0.539700 0.283000 0.468800
0 11.013200 -20.033501 23.933901 -0.071100 0.773800 0.629400 0.277300 0.468300
0 15.706500 -20.033501 23.933901 0.000000 0.776000 0.630700 0.277300 0.415500

0 15.706500 -20.654600 24.100401 0.000000 -0.364800 0.931100 0.271700 0.416000
0 15.706500 -20.033501 23.933901 0.000000 0.776000 0.630700 0.277300 0.415500
0 11.013200 -20.033501 23.933901 -0.071100 0.773800 0.629400 0.277300 0.468300

0 11.013200 -20.033501 23.933901 -0.071100 0.773800 0.629400 0.277300 0.468300
0 11.013200 -20.654600 24.100401 -0.074400 -0.364800 0.928100 0.271700 0.468800
0 15.706500 -20.654600 24.100401 0.000000 -0.364800 0.931100 0.271700 0.416000

0 15.706500 -20.992599 23.563601 0.000000 -0.998300 -0.058300 0.265900 0.416500
0 15.706500 -20.654600 24.100401 0.000000 -0.364800 0.931100 0.271700 0.416000
0 11.013200 -20.654600 24.100401 -0.074400 -0.364800 0.928100 0.271700 0.468800

0 11.013200 -20.654600 24.100401 -0.074400 -0.364800 0.928100 0.271700 0.468800
0 11.013200 -20.992599 23.563601 -0.074200 -0.995600 -0.057500 0.266100 0.469200
0 15.706500 -20.992599 23.563601 0.000000 -0.998300 -0.058300 0.265900 0.416500

0 15.706500 -20.594801 23.070200 0.000000 -0.778500 -0.627700 0.260000 0.416500
0 15.706500 -20.992599 23.563601 0.000000 -0.998300 -0.058300 0.265900 0.416500
0 11.013200 -20.992599 23.563601 -0.074200 -0.995600 -0.057500 0.266100 0.469200

0 11.013200 -20.992599 23.563601 -0.074200 -0.995600 -0.057500 0.266100 0.469200
0 11.013200 -20.594801 23.070200 -0.058500 -0.780500 -0.622400 0.260500 0.470200
0 15.706500 -20.594801 23.070200 0.000000 -0.778500 -0.627700 0.260000 0.416500

0 11.013200 -20.594801 23.070200 -0.058500 -0.780500 -0.622400 0.260500 0.470200
0 11.013200 -20.992599 23.563601 -0.074200 -0.995600 -0.057500 0.266100 0.469200
0 9.102400 -20.704399 23.581499 -0.197400 -0.980300 0.003400 0.272000 0.490700

0 9.102400 -20.704399 23.581499 -0.197400 -0.980300 0.003400 0.272000 0.490700
0 9.102400 -20.530199 23.313000 -0.160500 -0.828000 -0.537200 0.269300 0.492200
0 11.013200 -20.594801 23.070200 -0.058500 -0.780500 -0.622400 0.260500 0.470200

0 9.102400 -20.530199 23.313000 -0.160500 -0.828000 -0.537200 0.269300 0.492200
0 9.102400 -20.704399 23.581499 -0.197400 -0.980300 0.003400 0.272000 0.490700
0 8.220900 -20.457199 23.595900 -0.999800 -0.004000 0.018200 0.277300 0.500000

0 15.706500 -20.033501 23.933901 0.000000 0.776000 0.630700 0.277300 0.415500
0 15.706500 -19.997900 23.300600 0.000000 0.840200 -0.542300 0.283000 0.416000
0 11.013200 -19.997900 23.300600 -0.067600 0.839200 -0.539700 0.283000 0.468800

0 9.102400 -20.261600 23.757401 -0.211900 0.732600 0.646800 0.277300 0.489700
0 9.102400 -20.232100 23.454500 -0.215100 0.848700 -0.483200 0.280000 0.490200
0 8.220900 -20.457199 23.595900 -0.999800 -0.004000 0.018200 0.277300 0.500000

0 9.102400 -20.232100 23.454500 -0.215100 0.848700 -0.483200 0.280000 0.490200
0 9.102400 -20.530199 23.313000 -0.178000 0.414700 -0.892400 0.283900 0.491200
0 8.220900 -20.457199 23.595900 -0.999800 -0.004000 0.018200 0.277300 0.500000

0 9.102400 -20.704399 23.581499 -0.197400 -0.980300 0.003400 0.272000 0.490700
0 9.102400 -20.543100 23.819599 -0.203000 -0.363700 0.909100 0.274700 0.490200
0 8.220900 -20.457199 23.595900 -0.999800 -0.004000 0.018200 0.277300 0.500000

0 9.102400 -20.543100 23.819599 -0.203000 -0.363700 0.909100 0.274700 0.490200
0 9.102400 -20.261600 23.757401 -0.211900 0.732600 0.646800 0.277300 0.489700
0 8.220900 -20.457199 23.595900 -0.999800 -0.004000 0.018200 0.277300 0.500000

0 9.102400 -20.261600 23.757401 -0.211900 0.732600 0.646800 0.277300 0.489700
0 9.102400 -20.543100 23.819599 -0.203000 -0.363700 0.909100 0.274700 0.490200
0 11.013200 -20.654600 24.100401 -0.074400 -0.364800 0.928100 0.271700 0.468800

0 11.013200 -20.654600 24.100401 -0.074400 -0.364800 0.928100 0.271700 0.468800
0 11.013200 -20.033501 23.933901 -0.071100 0.773800 0.629400 0.277300 0.468300
0 9.102400 -20.261600 23.757401 -0.211900 0.732600 0.646800 0.277300 0.489700

0 9.102400 -20.232100 23.454500 -0.215100 0.848700 -0.483200 0.280000 0.490200
0 9.102400 -20.261600 23.757401 -0.211900 0.732600 0.646800 0.277300 0.489700
0 11.013200 -20.033501 23.933901 -0.071100 0.773800 0.629400 0.277300 0.468300

0 11.013200 -20.033501 23.933901 -0.071100 0.773800 0.629400 0.277300 0.468300
0 11.013200 -19.997900 23.300600 -0.067600 0.839200 -0.539700 0.283000 0.468800
0 9.102400 -20.232100 23.454500 -0.215100 0.848700 -0.483200 0.280000 0.490200

0 9.102400 -20.530199 23.313000 -0.178000 0.414700 -0.892400 0.283900 0.491200
0 9.102400 -20.232100 23.454500 -0.215100 0.848700 -0.483200 0.280000 0.490200
0 11.013200 -19.997900 23.300600 -0.067600 0.839200 -0.539700 0.283000 0.468800

0 11.013200 -19.997900 23.300600 -0.067600 0.839200 -0.539700 0.283000 0.468800
0 11.013200 -20.594801 23.070200 -0.051600 0.359600 -0.931700 0.291300 0.469700
0 9.102400 -20.530199 23.313000 -0.178000 0.414700 -0.892400 0.283900 0.491200

0 11.013200 -20.594801 23.070200 -0.051600 0.359600 -0.931700 0.291300 0.469700
0 11.013200 -19.997900 23.300600 -0.067600 0.839200 -0.539700 0.283000 0.468800
0 15.706500 -19.997900 23.300600 0.000000 0.840200 -0.542300 0.283000 0.416000

0 15.706500 -19.997900 23.300600 0.000000 0.840200 -0.542300 0.283000 0.416000
0 15.706500 -20.594801 23.070200 0.000000 0.360100 -0.932900 0.292200 0.416500
0 11.013200 -20.594801 23.070200 -0.051600 0.359600 -0.931700 0.291300 0.469700

0 15.706500 -20.654600 25.118900 1.000000 0.000000 0.000000 0.301500 0.448700
0 15.706500 -20.992599 24.582100 1.000000 0.000000 0.000000 0.307400 0.445300
0 15.706500 -20.594801 24.088699 1.000000 0.000000 0.000000 0.313500 0.452100

0 15.706500 -20.594801 24.088699 1.000000 0.000000 0.000000 0.313500 0.452100
0 15.706500 -20.033501 24.952400 1.000000 0.000000 0.000000 0.301300 0.455600
0 15.706500 -20.654600 25.118900 1.000000 0.000000 0.000000 0.301500 0.448700

0 15.706500 -20.033501 24.952400 1.000000 0.000000 0.000000 0.301300 0.455600
0 15.706500 -20.594801 24.088699 1.000000 0.000000 0.000000 0.313500 0.452100
0 15.706500 -19.997900 24.319099 1.000000 0.000000 0.000000 0.307400 0.459000

0 11.013200 -20.992599 24.582100 -0.074200 -0.995600 -0.057500 0.266100 0.469200
0 11.013200 -20.654600 25.118900 -0.074400 -0.364800 0.928100 0.271700 0.468800
0 9.102400 -20.543100 24.837999 -0.202900 -0.363800 0.909100 0.274700 0.490200

0 9.102400 -20.543100 24.837999 -0.202900 -0.363800 0.909100 0.274700 0.490200
0 9.102400 -20.704399 24.599899 -0.197400 -0.980300 0.003300 0.272000 0.490700
0 11.013200 -20.992599 24.582100 -0.074200 -0.995600 -0.057500 0.266100 0.469200

0 11.013200 -19.997900 24.319099 -0.067600 0.839200 -0.539700 0.283000 0.468800
0 11.013200 -20.033501 24.952400 -0.071100 0.773800 0.629400 0.277300 0.468300
0 15.706500 -20.033501 24.952400 0.000000 0.776000 0.630700 0.277300 0.415500

0 15.706500 -20.654600 25.118900 0.000000 -0.364800 0.931100 0.271700 0.416000
0 15.706500 -20.033501 24.952400 0.000000 0.776000 0.630700 0.277300 0.415500
0 11.013200 -20.033501 24.952400 -0.071100 0.773800 0.629400 0.277300 0.468300

0 11.013200 -20.033501 24.952400 -0.071100 0.773800 0.629400 0.277300 0.468300
0 11.013200 -20.654600 25.118900 -0.074400 -0.364800 0.928100 0.271700 0.468800
0 15.706500 -20.654600 25.118900 0.000000 -0.364800 0.931100 0.271700 0.416000

0 15.706500 -20.992599 24.582100 0.000000 -0.998300 -0.058300 0.265900 0.416500
0 15.706500 -20.654600 25.118900 0.000000 -0.364800 0.931100 0.271700 0.416000
0 11.013200 -20.654600 25.118900 -0.074400 -0.364800 0.928100 0.271700 0.468800

0 11.013200 -20.654600 25.118900 -0.074400 -0.364800 0.928100 0.271700 0.468800
0 11.013200 -20.992599 24.582100 -0.074200 -0.995600 -0.057500 0.266100 0.469200
0 15.706500 -20.992599 24.582100 0.000000 -0.998300 -0.058300 0.265900 0.416500

0 15.706500 -20.594801 24.088699 0.000000 -0.778500 -0.627700 0.260000 0.416500
0 15.706500 -20.992599 24.582100 0.000000 -0.998300 -0.058300 0.265900 0.416500
0 11.013200 -20.992599 24.582100 -0.074200 -0.995600 -0.057500 0.266100 0.469200

0 11.013200 -20.992599 24.582100 -0.074200 -0.995600 -0.057500 0.266100 0.469200
0 11.013200 -20.594801 24.088699 -0.058400 -0.780500 -0.622400 0.260500 0.470200
0 15.706500 -20.594801 24.088699 0.000000 -0.778500 -0.627700 0.260000 0.416500

0 11.013200 -20.594801 24.088699 -0.058400 -0.780500 -0.622400 0.260500 0.470200
0 11.013200 -20.992599 24.582100 -0.074200 -0.995600 -0.057500 0.266100 0.469200
0 9.102400 -20.704399 24.599899 -0.197400 -0.980300 0.003300 0.272000 0.490700

0 9.102400 -20.704399 24.599899 -0.197400 -0.980300 0.003300 0.272000 0.490700
0 9.102400 -20.530199 24.331499 -0.160500 -0.827900 -0.537400 0.269300 0.492200
0 11.013200 -20.594801 24.088699 -0.058400 -0.780500 -0.622400 0.260500 0.470200

0 9.102400 -20.530199 24.331499 -0.160500 -0.827900 -0.537400 0.269300 0.492200
0 9.102400 -20.704399 24.599899 -0.197400 -0.980300 0.003300 0.272000 0.490700
0 8.220900 -20.457199 24.614401 -0.999800 -0.004100 0.018200 0.277300 0.500000

0 15.706500 -20.033501 24.952400 0.000000 0.776000 0.630700 0.277300 0.415500
0 15.706500 -19.997900 24.319099 0.000000 0.840200 -0.542300 0.283000 0.416000
0 11.013200 -19.997900 24.319099 -0.067600 0.839200 -0.539700 0.283000 0.468800

0 9.102400 -20.261600 24.775900 -0.211900 0.732500 0.646900 0.277300 0.489700
0 9.102400 -20.232100 24.472900 -0.215100 0.848600 -0.483300 0.280000 0.490200
0 8.220900 -20.457199 24.614401 -0.999800 -0.004100 0.018200 0.277300 0.500000

0 9.102400 -20.232100 24.472900 -0.215100 0.848600 -0.483300 0.280000 0.490200
0 9.102400 -20.530199 24.331499 -0.178000 0.414500 -0.892500 0.283900 0.491200
0 8.220900 -20.457199 24.614401 -0.999800 -0.004100 0.018200 0.277300 0.500000

0 9.102400 -20.704399 24.599899 -0.197400 -0.980300 0.003300 0.272000 0.490700
0 9.102400 -20.543100 24.837999 -0.202900 -0.363800 0.909100 0.274700 0.490200
0 8.220900 -20.457199 24.614401 -0.999800 -0.004100 0.018200 0.277300 0.500000

0 9.102400 -20.543100 24.837999 -0.202900 -0.363800 0.909100 0.274700 0.490200
0 9.102400 -20.261600 24.775900 -0.211900 0.732500 0.646900 0.277300 0.489700
0 8.220900 -20.457199 24.614401 -0.999800 -0.004100 0.018200 0.277300 0.500000

0 9.102400 -20.261600 24.775900 -0.211900 0.732500 0.646900 0.277300 0.489700
0 9.102400 -20.543100 24.837999 -0.202900 -0.363800 0.909100 0.274700 0.490200
0 11.013200 -20.654600 25.118900 -0.074400 -0.364800 0.928100 0.271700 0.468800

0 11.013200 -20.654600 25.118900 -0.074400 -0.364800 0.928100 0.271700 0.468800
0 11.013200 -20.033501 24.952400 -0.071100 0.773800 0.629400 0.277300 0.468300
0 9.102400 -20.261600 24.775900 -0.211900 0.732500 0.646900 0.277300 0.489700

0 9.102400 -20.232100 24.472900 -0.215100 0.848600 -0.483300 0.280000 0.490200
0 9.102400 -20.261600 24.775900 -0.211900 0.732500 0.646900 0.277300 0.489700
0 11.013200 -20.033501 24.952400 -0.071100 0.773800 0.629400 0.277300 0.468300

0 11.013200 -20.033501 24.952400 -0.071100 0.773800 0.629400 0.277300 0.468300
0 11.013200 -19.997900 24.319099 -0.067600 0.839200 -0.539700 0.283000 0.468800
0 9.102400 -20.232100 24.472900 -0.215100 0.848600 -0.483300 0.280000 0.490200

0 9.102400 -20.530199 24.331499 -0.178000 0.414500 -0.892500 0.283900 0.491200
0 9.102400 -20.232100 24.472900 -0.215100 0.848600 -0.483300 0.280000 0.490200
0 11.013200 -19.997900 24.319099 -0.067600 0.839200 -0.539700 0.283000 0.468800

0 11.013200 -19.997900 24.319099 -0.067600 0.839200 -0.539700 0.283000 0.468800
0 11.013200 -20.594801 24.088699 -0.051600 0.359600 -0.931700 0.291300 0.469700
0 9.102400 -20.530199 24.331499 -0.178000 0.414500 -0.892500 0.283900 0.491200

0 11.013200 -20.594801 24.088699 -0.051600 0.359600 -0.931700 0.291300 0.469700
0 11.013200 -19.997900 24.319099 -0.067600 0.839200 -0.539700 0.283000 0.468800
0 15.706500 -19.997900 24.319099 0.000000 0.840200 -0.542300 0.283000 0.416000

0 15.706500 -19.997900 24.319099 0.000000 0.840200 -0.542300 0.283000 0.416000
0 15.706500 -20.594801 24.088699 0.000000 0.360100 -0.932900 0.292200 0.416500
0 11.013200 -20.594801 24.088699 -0.051600 0.359600 -0.931700 0.291300 0.469700

0 15.706500 -20.654600 26.137400 1.000000 0.000000 0.000000 0.301500 0.448700
0 15.706500 -20.992599 25.600599 1.000000 0.000000 0.000000 0.307400 0.445300
0 15.706500 -20.594801 25.107201 1.000000 0.000000 0.000000 0.313500 0.452100

0 15.706500 -20.594801 25.107201 1.000000 0.000000 0.000000 0.313500 0.452100
0 15.706500 -20.033501 25.970900 1.000000 0.000000 0.000000 0.301300 0.455600
0 15.706500 -20.654600 26.137400 1.000000 0.000000 0.000000 0.301500 0.448700

0 15.706500 -20.033501 25.970900 1.000000 0.000000 0.000000 0.301300 0.455600
0 15.706500 -20.594801 25.107201 1.000000 0.000000 0.000000 0.313500 0.452100
0 15.706500 -19.997900 25.337601 1.000000 0.000000 0.000000 0.307400 0.459000

0 11.013200 -20.992599 25.600599 -0.074200 -0.995600 -0.057500 0.266100 0.469200
0 11.013200 -20.654600 26.137400 -0.074400 -0.364800 0.928100 0.271700 0.468800
0 9.102400 -20.543100 25.856501 -0.202900 -0.363700 0.909100 0.274700 0.490200

0 9.102400 -20.543100 25.856501 -0.202900 -0.363700 0.909100 0.274700 0.490200
0 9.102400 -20.704399 25.618401 -0.197400 -0.980300 0.003300 0.272000 0.490700
0 11.013200 -20.992599 25.600599 -0.074200 -0.995600 -0.057500 0.266100 0.469200

0 11.013200 -19.997900 25.337601 -0.067600 0.839200 -0.539700 0.283000 0.468800
0 11.013200 -20.033501 25.970900 -0.071200 0.773800 0.629400 0.277300 0.468300
0 15.706500 -20.033501 25.970900 0.000000 0.776000 0.630700 0.277300 0.415500

0 15.706500 -20.654600 26.137400 0.000000 -0.364800 0.931100 0.271700 0.416000
0 15.706500 -20.033501 25.970900 0.000000 0.776000 0.630700 0.277300 0.415500
0 11.013200 -20.033501 25.970900 -0.071200 0.773800 0.629400 0.277300 0.468300

0 11.013200 -20.033501 25.970900 -0.071200 0.773800 0.629400 0.277300 0.468300
0 11.013200 -20.654600 26.137400 -0.074400 -0.364800 0.928100 0.271700 0.468800
0 15.706500 -20.654600 26.137400 0.000000 -0.364800 0.931100 0.271700 0.416000

0 15.706500 -20.992599 25.600599 0.000000 -0.998300 -0.058300 0.265900 0.416500
0 15.706500 -20.654600 26.137400 0.000000 -0.364800 0.931100 0.271700 0.416000
0 11.013200 -20.654600 26.137400 -0.074400 -0.364800 0.928100 0.271700 0.468800

0 11.013200 -20.654600 26.137400 -0.074400 -0.364800 0.928100 0.271700 0.468800
0 11.013200 -20.992599 25.600599 -0.074200 -0.995600 -0.057500 0.266100 0.469200
0 15.706500 -20.992599 25.600599 0.000000 -0.998300 -0.058300 0.265900 0.416500

0 15.706500 -20.594801 25.107201 0.000000 -0.778500 -0.627700 0.260000 0.416500
0 15.706500 -20.992599 25.600599 0.000000 -0.998300 -0.058300 0.265900 0.416500
0 11.013200 -20.992599 25.600599 -0.074200 -0.995600 -0.057500 0.266100 0.469200

0 11.013200 -20.992599 25.600599 -0.074200 -0.995600 -0.057500 0.266100 0.469200
0 11.013200 -20.594801 25.107201 -0.058400 -0.780500 -0.622400 0.260500 0.470200
0 15.706500 -20.594801 25.107201 0.000000 -0.778500 -0.627700 0.260000 0.416500

0 11.013200 -20.594801 25.107201 -0.058400 -0.780500 -0.622400 0.260500 0.470200
0 11.013200 -20.992599 25.600599 -0.074200 -0.995600 -0.057500 0.266100 0.469200
0 9.102400 -20.704399 25.618401 -0.197400 -0.980300 0.003300 0.272000 0.490700

0 9.102400 -20.704399 25.618401 -0.197400 -0.980300 0.003300 0.272000 0.490700
0 9.102400 -20.530199 25.350000 -0.160500 -0.827900 -0.537400 0.269300 0.492200
0 11.013200 -20.594801 25.107201 -0.058400 -0.780500 -0.622400 0.260500 0.470200

0 9.102400 -20.530199 25.350000 -0.160500 -0.827900 -0.537400 0.269300 0.492200
0 9.102400 -20.704399 25.618401 -0.197400 -0.980300 0.003300 0.272000 0.490700
0 8.220900 -20.457199 25.632900 -0.999800 -0.004100 0.018200 0.277300 0.500000

0 15.706500 -20.033501 25.970900 0.000000 0.776000 0.630700 0.277300 0.415500
0 15.706500 -19.997900 25.337601 0.000000 0.840200 -0.542300 0.283000 0.416000
0 11.013200 -19.997900 25.337601 -0.067600 0.839200 -0.539700 0.283000 0.468800

0 9.102400 -20.261600 25.794300 -0.211900 0.732600 0.646800 0.277300 0.489700
0 9.102400 -20.232100 25.491400 -0.215100 0.848600 -0.483300 0.280000 0.490200
0 8.220900 -20.457199 25.632900 -0.999800 -0.004100 0.018200 0.277300 0.500000

0 9.102400 -20.232100 25.491400 -0.215100 0.848600 -0.483300 0.280000 0.490200
0 9.102400 -20.530199 25.350000 -0.178000 0.414400 -0.892500 0.283900 0.491200
0 8.220900 -20.457199 25.632900 -0.999800 -0.004100 0.018200 0.277300 0.500000

0 9.102400 -20.704399 25.618401 -0.197400 -0.980300 0.003300 0.272000 0.490700
0 9.102400 -20.543100 25.856501 -0.202900 -0.363700 0.909100 0.274700 0.490200
0 8.220900 -20.457199 25.632900 -0.999800 -0.004100 0.018200 0.277300 0.500000

0 9.102400 -20.543100 25.856501 -0.202900 -0.363700 0.909100 0.274700 0.490200
0 9.102400 -20.261600 25.794300 -0.211900 0.732600 0.646800 0.277300 0.489700
0 8.220900 -20.457199 25.632900 -0.999800 -0.004100 0.018200 0.277300 0.500000

0 9.102400 -20.261600 25.794300 -0.211900 0.732600 0.646800 0.277300 0.489700
0 9.102400 -20.543100 25.856501 -0.202900 -0.363700 0.909100 0.274700 0.490200
0 11.013200 -20.654600 26.137400 -0.074400 -0.364800 0.928100 0.271700 0.468800

0 11.013200 -20.654600 26.137400 -0.074400 -0.364800 0.928100 0.271700 0.468800
0 11.013200 -20.033501 25.970900 -0.071200 0.773800 0.629400 0.277300 0.468300
0 9.102400 -20.261600 25.794300 -0.211900 0.732600 0.646800 0.277300 0.489700

0 9.102400 -20.232100 25.491400 -0.215100 0.848600 -0.483300 0.280000 0.490200
0 9.102400 -20.261600 25.794300 -0.211900 0.732600 0.646800 0.277300 0.489700
0 11.013200 -20.033501 25.970900 -0.071200 0.773800 0.629400 0.277300 0.468300

0 11.013200 -20.033501 25.970900 -0.071200 0.773800 0.629400 0.277300 0.468300
0 11.013200 -19.997900 25.337601 -0.067600 0.839200 -0.539700 0.283000 0.468800
0 9.102400 -20.232100 25.491400 -0.215100 0.848600 -0.483300 0.280000 0.490200

0 9.102400 -20.530199 25.350000 -0.178000 0.414400 -0.892500 0.283900 0.491200
0 9.102400 -20.232100 25.491400 -0.215100 0.848600 -0.483300 0.280000 0.490200
0 11.013200 -19.997900 25.337601 -0.067600 0.839200 -0.539700 0.283000 0.468800

0 11.013200 -19.997900 25.337601 -0.067600 0.839200 -0.539700 0.283000 0.468800
0 11.013200 -20.594801 25.107201 -0.051600 0.359600 -0.931700 0.291300 0.469700
0 9.102400 -20.530199 25.350000 -0.178000 0.414400 -0.892500 0.283900 0.491200

0 11.013200 -20.594801 25.107201 -0.051600 0.359600 -0.931700 0.291300 0.469700
0 11.013200 -19.997900 25.337601 -0.067600 0.839200 -0.539700 0.283000 0.468800
0 15.706500 -19.997900 25.337601 0.000000 0.840200 -0.542300 0.283000 0.416000

0 15.706500 -19.997900 25.337601 0.000000 0.840200 -0.542300 0.283000 0.416000
0 15.706500 -20.594801 25.107201 0.000000 0.360100 -0.932900 0.292200 0.416500
0 11.013200 -20.594801 25.107201 -0.051600 0.359600 -0.931700 0.291300 0.469700

0 15.706500 -20.462400 27.124901 1.000000 0.000000 0.000000 0.301500 0.448700
0 15.706500 -20.800301 26.588100 1.000000 0.000000 0.000000 0.307400 0.445300
0 15.706500 -20.402500 26.094700 1.000000 0.000000 0.000000 0.313500 0.452100

0 15.706500 -20.402500 26.094700 1.000000 0.000000 0.000000 0.313500 0.452100
0 15.706500 -19.841200 26.958401 1.000000 0.000000 0.000000 0.301300 0.455600
0 15.706500 -20.462400 27.124901 1.000000 0.000000 0.000000 0.301500 0.448700

0 15.706500 -19.841200 26.958401 1.000000 0.000000 0.000000 0.301300 0.455600
0 15.706500 -20.402500 26.094700 1.000000 0.000000 0.000000 0.313500 0.452100
0 15.706500 -19.805599 26.325100 1.000000 0.000000 0.000000 0.307400 0.459000

0 11.013200 -20.800301 26.588100 -0.074200 -0.995600 -0.057600 0.266100 0.469200
0 11.013200 -20.462400 27.124901 -0.074400 -0.364900 0.928100 0.271700 0.468800
0 9.102400 -20.350800 26.844101 -0.203000 -0.363700 0.909100 0.274700 0.490200

0 9.102400 -20.350800 26.844101 -0.203000 -0.363700 0.909100 0.274700 0.490200
0 9.102400 -20.512100 26.605900 -0.197400 -0.980300 0.003200 0.272000 0.490700
0 11.013200 -20.800301 26.588100 -0.074200 -0.995600 -0.057600 0.266100 0.469200

0 11.013200 -19.805599 26.325100 -0.067600 0.839200 -0.539700 0.283000 0.468800
0 11.013200 -19.841200 26.958401 -0.071100 0.773800 0.629400 0.277300 0.468300
0 15.706500 -19.841200 26.958401 0.000000 0.776000 0.630800 0.277300 0.415500

0 15.706500 -20.462400 27.124901 0.000000 -0.364900 0.931000 0.271700 0.416000
0 15.706500 -19.841200 26.958401 0.000000 0.776000 0.630800 0.277300 0.415500
0 11.013200 -19.841200 26.958401 -0.071100 0.773800 0.629400 0.277300 0.468300

0 11.013200 -19.841200 26.958401 -0.071100 0.773800 0.629400 0.277300 0.468300
0 11.013200 -20.462400 27.124901 -0.074400 -0.364900 0.928100 0.271700 0.468800
0 15.706500 -20.462400 27.124901 0.000000 -0.364900 0.931000 0.271700 0.416000

0 15.706500 -20.800301 26.588100 0.000000 -0.998300 -0.058300 0.265900 0.416500
0 15.706500 -20.462400 27.124901 0.000000 -0.364900 0.931000 0.271700 0.416000
0 11.013200 -20.462400 27.124901 -0.074400 -0.364900 0.928100 0.271700 0.468800

0 11.013200 -20.462400 27.124901 -0.074400 -0.364900 0.928100 0.271700 0.468800
0 11.013200 -20.800301 26.588100 -0.074200 -0.995600 -0.057600 0.266100 0.469200
0 15.706500 -20.800301 26.588100 0.000000 -0.998300 -0.058300 0.265900 0.416500

0 15.706500 -20.402500 26.094700 0.000000 -0.778500 -0.627700 0.260000 0.416500
0 15.706500 -20.800301 26.588100 0.000000 -0.998300 -0.058300 0.265900 0.416500
0 11.013200 -20.800301 26.588100 -0.074200 -0.995600 -0.057600 0.266100 0.469200

0 11.013200 -20.800301 26.588100 -0.074200 -0.995600 -0.057600 0.266100 0.469200
0 11.013200 -20.402500 26.094700 -0.058400 -0.780500 -0.622400 0.260500 0.470200
0 15.706500 -20.402500 26.094700 0.000000 -0.778500 -0.627700 0.260000 0.416500

0 11.013200 -20.402500 26.094700 -0.058400 -0.780500 -0.622400 0.260500 0.470200
0 11.013200 -20.800301 26.588100 -0.074200 -0.995600 -0.057600 0.266100 0.469200
0 9.102400 -20.512100 26.605900 -0.197400 -0.980300 0.003200 0.272000 0.490700

0 9.102400 -20.512100 26.605900 -0.197400 -0.980300 0.003200 0.272000 0.490700
0 9.102400 -20.337900 26.337500 -0.160500 -0.827900 -0.537400 0.269300 0.492200
0 11.013200 -20.402500 26.094700 -0.058400 -0.780500 -0.622400 0.260500 0.470200

0 9.102400 -20.337900 26.337500 -0.160500 -0.827900 -0.537400 0.269300 0.492200
0 9.102400 -20.512100 26.605900 -0.197400 -0.980300 0.003200 0.272000 0.490700
0 8.220900 -20.264900 26.620399 -0.999800 -0.004000 0.018200 0.277300 0.500000

0 15.706500 -19.841200 26.958401 0.000000 0.776000 0.630800 0.277300 0.415500
0 15.706500 -19.805599 26.325100 0.000000 0.840200 -0.542300 0.283000 0.416000
0 11.013200 -19.805599 26.325100 -0.067600 0.839200 -0.539700 0.283000 0.468800

0 9.102400 -20.069300 26.781900 -0.211900 0.732600 0.646800 0.277300 0.489700
0 9.102400 -20.039801 26.479000 -0.215100 0.848700 -0.483200 0.280000 0.490200
0 8.220900 -20.264900 26.620399 -0.999800 -0.004000 0.018200 0.277300 0.500000

0 9.102400 -20.039801 26.479000 -0.215100 0.848700 -0.483200 0.280000 0.490200
0 9.102400 -20.337900 26.337500 -0.178000 0.414700 -0.892400 0.283900 0.491200
0 8.220900 -20.264900 26.620399 -0.999800 -0.004000 0.018200 0.277300 0.500000

0 9.102400 -20.512100 26.605900 -0.197400 -0.980300 0.003200 0.272000 0.490700
0 9.102400 -20.350800 26.844101 -0.203000 -0.363700 0.909100 0.274700 0.490200
0 8.220900 -20.264900 26.620399 -0.999800 -0.004000 0.018200 0.277300 0.500000

0 9.102400 -20.350800 26.844101 -0.203000 -0.363700 0.909100 0.274700 0.490200
0 9.102400 -20.069300 26.781900 -0.211900 0.732600 0.646800 0.277300 0.489700
0 8.220900 -20.264900 26.620399 -0.999800 -0.004000 0.018200 0.277300 0.500000

0 9.102400 -20.069300 26.781900 -0.211900 0.732600 0.646800 0.277300 0.489700
0 9.102400 -20.350800 26.844101 -0.203000 -0.363700 0.909100 0.274700 0.490200
0 11.013200 -20.462400 27.124901 -0.074400 -0.364900 0.928100 0.271700 0.468800

0 11.013200 -20.462400 27.124901 -0.074400 -0.364900 0.928100 0.271700 0.468800
0 11.013200 -19.841200 26.958401 -0.071100 0.773800 0.629400 0.277300 0.468300
0 9.102400 -20.069300 26.781900 -0.211900 0.732600 0.646800 0.277300 0.489700

0 9.102400 -20.039801 26.479000 -0.215100 0.848700 -0.483200 0.280000 0.490200
0 9.102400 -20.069300 26.781900 -0.211900 0.732600 0.646800 0.277300 0.489700
0 11.013200 -19.841200 26.958401 -0.071100 0.773800 0.629400 0.277300 0.468300

0 11.013200 -19.841200 26.958401 -0.071100 0.773800 0.629400 0.277300 0.468300
0 11.013200 -19.805599 26.325100 -0.067600 0.839200 -0.539700 0.283000 0.468800
0 9.102400 -20.039801 26.479000 -0.215100 0.848700 -0.483200 0.280000 0.490200

0 9.102400 -20.337900 26.337500 -0.178000 0.414700 -0.892400 0.283900 0.491200
0 9.102400 -20.039801 26.479000 -0.215100 0.848700 -0.483200 0.280000 0.490200
0 11.013200 -19.805599 26.325100 -0.067600 0.839200 -0.539700 0.283000 0.468800

0 11.013200 -19.805599 26.325100 -0.067600 0.839200 -0.539700 0.283000 0.468800
0 11.013200 -20.402500 26.094700 -0.051600 0.359600 -0.931700 0.291300 0.469700
0 9.102400 -20.337900 26.337500 -0.178000 0.414700 -0.892400 0.283900 0.491200

0 11.013200 -20.402500 26.094700 -0.051600 0.359600 -0.931700 0.291300 0.469700
0 11.013200 -19.805599 26.325100 -0.067600 0.839200 -0.539700 0.283000 0.468800
0 15.706500 -19.805599 26.325100 0.000000 0.840200 -0.542300 0.283000 0.416000

0 15.706500 -19.805599 26.325100 0.000000 0.840200 -0.542300 0.283000 0.416000
0 15.706500 -20.402500 26.094700 0.000000 0.360100 -0.932900 0.292200 0.416500
0 11.013200 -20.402500 26.094700 -0.051600 0.359600 -0.931700 0.291300 0.469700

0 15.706500 -18.079901 27.337299 1.000000 0.000000 0.000000 0.301500 0.448700
0 15.706500 -18.417900 26.800501 1.000000 0.000000 0.000000 0.307400 0.445300
0 15.706500 -18.020100 26.307100 1.000000 0.000000 0.000000 0.313500 0.452100

0 15.706500 -18.020100 26.307100 1.000000 0.000000 0.000000 0.313500 0.452100
0 15.706500 -17.458799 27.170799 1.000000 0.000000 0.000000 0.301300 0.455600
0 15.706500 -18.079901 27.337299 1.000000 0.000000 0.000000 0.301500 0.448700

0 15.706500 -17.458799 27.170799 1.000000 0.000000 0.000000 0.301300 0.455600
0 15.706500 -18.020100 26.307100 1.000000 0.000000 0.000000 0.313500 0.452100
0 15.706500 -17.423201 26.537500 1.000000 0.000000 0.000000 0.307400 0.459000

0 11.013200 -18.417900 26.800501 -0.074200 -0.995600 -0.057500 0.266100 0.469200
0 11.013200 -18.079901 27.337299 -0.074400 -0.364800 0.928100 0.271700 0.468800
0 9.102400 -17.968399 27.056400 -0.202900 -0.363700 0.909200 0.274700 0.490200

0 9.102400 -17.968399 27.056400 -0.202900 -0.363700 0.909200 0.274700 0.490200
0 9.102400 -18.129700 26.818300 -0.197400 -0.980300 0.003300 0.272000 0.490700
0 11.013200 -18.417900 26.800501 -0.074200 -0.995600 -0.057500 0.266100 0.469200

0 11.013200 -17.423201 26.537500 -0.067600 0.839200 -0.539700 0.283000 0.468800
0 11.013200 -17.458799 27.170799 -0.071200 0.773800 0.629400 0.277300 0.468300
0 15.706500 -17.458799 27.170799 0.000000 0.776000 0.630700 0.277300 0.415500

0 15.706500 -18.079901 27.337299 0.000000 -0.364800 0.931100 0.271700 0.416000
0 15.706500 -17.458799 27.170799 0.000000 0.776000 0.630700 0.277300 0.415500
0 11.013200 -17.458799 27.170799 -0.071200 0.773800 0.629400 0.277300 0.468300

0 11.013200 -17.458799 27.170799 -0.071200 0.773800 0.629400 0.277300 0.468300
0 11.013200 -18.079901 27.337299 -0.074400 -0.364800 0.928100 0.271700 0.468800
0 15.706500 -18.079901 27.337299 0.000000 -0.364800 0.931100 0.271700 0.416000

0 15.706500 -18.417900 26.800501 0.000000 -0.998300 -0.058300 0.265900 0.416500
0 15.706500 -18.079901 27.337299 0.000000 -0.364800 0.931100 0.271700 0.416000
0 11.013200 -18.079901 27.337299 -0.074400 -0.364800 0.928100 0.271700 0.468800

0 11.013200 -18.079901 27.337299 -0.074400 -0.364800 0.928100 0.271700 0.468800
0 11.013200 -18.417900 26.800501 -0.074200 -0.995600 -0.057500 0.266100 0.469200
0 15.706500 -18.417900 26.800501 0.000000 -0.998300 -0.058300 0.265900 0.416500

0 15.706500 -18.020100 26.307100 0.000000 -0.778500 -0.627700 0.260000 0.416500
0 15.706500 -18.417900 26.800501 0.000000 -0.998300 -0.058300 0.265900 0.416500
0 11.013200 -18.417900 26.800501 -0.074200 -0.995600 -0.057500 0.266100 0.469200

0 11.013200 -18.417900 26.800501 -0.074200 -0.995600 -0.057500 0.266100 0.469200
0 11.013200 -18.020100 26.307100 -0.058400 -0.780500 -0.622400 0.260500 0.470200
0 15.706500 -18.020100 26.307100 0.000000 -0.778500 -0.627700 0.260000 0.416500

0 11.013200 -18.020100 26.307100 -0.058400 -0.780500 -0.622400 0.260500 0.470200
0 11.013200 -18.417900 26.800501 -0.074200 -0.995600 -0.057500 0.266100 0.469200
0 9.102400 -18.129700 26.818300 -0.197400 -0.980300 0.003300 0.272000 0.490700

0 9.102400 -18.129700 26.818300 -0.197400 -0.980300 0.003300 0.272000 0.490700
0 9.102400 -17.955500 26.549900 -0.160500 -0.827900 -0.537400 0.269300 0.492200
0 11.013200 -18.020100 26.307100 -0.058400 -0.780500 -0.622400 0.260500 0.470200

0 9.102400 -17.955500 26.549900 -0.160500 -0.827900 -0.537400 0.269300 0.492200
0 9.102400 -18.129700 26.818300 -0.197400 -0.980300 0.003300 0.272000 0.490700
0 8.220900 -17.882500 26.832800 -0.999800 -0.004100 0.018200 0.277300 0.500000

0 15.706500 -17.458799 27.170799 0.000000 0.776000 0.630700 0.277300 0.415500
0 15.706500 -17.423201 26.537500 0.000000 0.840200 -0.542300 0.283000 0.416000
0 11.013200 -17.423201 26.537500 -0.067600 0.839200 -0.539700 0.283000 0.468800

0 9.102400 -17.686899 26.994200 -0.211900 0.732600 0.646800 0.277300 0.489700
0 9.102400 -17.657400 26.691299 -0.215100 0.848600 -0.483300 0.280000 0.490200
0 8.220900 -17.882500 26.832800 -0.999800 -0.004100 0.018200 0.277300 0.500000

0 9.102400 -17.657400 26.691299 -0.215100 0.848600 -0.483300 0.280000 0.490200
0 9.102400 -17.955500 26.549900 -0.178000 0.414400 -0.892500 0.283900 0.491200
0 8.220900 -17.882500 26.832800 -0.999800 -0.004100 0.018200 0.277300 0.500000

0 9.102400 -18.129700 26.818300 -0.197400 -0.980300 0.003300 0.272000 0.490700
0 9.102400 -17.968399 27.056400 -0.202900 -0.363700 0.909200 0.274700 0.490200
0 8.220900 -17.882500 26.832800 -0.999800 -0.004100 0.018200 0.277300 0.500000

0 9.102400 -17.968399 27.056400 -0.202900 -0.363700 0.909200 0.274700 0.490200
0 9.102400 -17.686899 26.994200 -0.211900 0.732600 0.646800 0.277300 0.489700
0 8.220900 -17.882500 26.832800 -0.999800 -0.004100 0.018200 0.277300 0.500000

0 9.102400 -17.686899 26.994200 -0.211900 0.732600 0.646800 0.277300 0.489700
0 9.102400 -17.968399 27.056400 -0.202900 -0.363700 0.909200 0.274700 0.490200
0 11.013200 -18.079901 27.337299 -0.074400 -0.364800 0.928100 0.271700 0.468800

0 11.013200 -18.079901 27.337299 -0.074400 -0.364800 0.928100 0.271700 0.468800
0 11.013200 -17.458799 27.170799 -0.071200 0.773800 0.629400 0.277300 0.468300
0 9.102400 -17.686899 26.994200 -0.211900 0.732600 0.646800 0.277300 0.489700

0 9.102400 -17.657400 26.691299 -0.215100 0.848600 -0.483300 0.280000 0.490200
0 9.102400 -17.686899 26.994200 -0.211900 0.732600 0.646800 0.277300 0.489700
0 11.013200 -17.458799 27.170799 -0.071200 0.773800 0.629400 0.277300 0.468300

0 11.013200 -17.458799 27.170799 -0.071200 0.773800 0.629400 0.277300 0.468300
0 11.013200 -17.423201 26.537500 -0.067600 0.839200 -0.539700 0.283000 0.468800
0 9.102400 -17.657400 26.691299 -0.215100 0.848600 -0.483300 0.280000 0.490200

0 9.102400 -17.955500 26.549900 -0.178000 0.414400 -0.892500 0.283900 0.491200
0 9.102400 -17.657400 26.691299 -0.215100 0.848600 -0.483300 0.280000 0.490200
0 11.013200 -17.423201 26.537500 -0.067600 0.839200 -0.539700 0.283000 0.468800

0 11.013200 -17.423201 26.537500 -0.067600 0.839200 -0.539700 0.283000 0.468800
0 11.013200 -18.020100 26.307100 -0.051600 0.359600 -0.931700 0.291300 0.469700
0 9.102400 -17.955500 26.549900 -0.178000 0.414400 -0.892500 0.283900 0.491200

0 11.013200 -18.020100 26.307100 -0.051600 0.359600 -0.931700 0.291300 0.469700
0 11.013200 -17.423201 26.537500 -0.067600 0.839200 -0.539700 0.283000 0.468800
0 15.706500 -17.423201 26.537500 0.000000 0.840200 -0.542300 0.283000 0.416000

0 15.706500 -17.423201 26.537500 0.000000 0.840200 -0.542300 0.283000 0.416000
0 15.706500 -18.020100 26.307100 0.000000 0.360100 -0.932900 0.292200 0.416500
0 11.013200 -18.020100 26.307100 -0.051600 0.359600 -0.931700 0.291300 0.469700

0 15.706500 -19.831800 27.955900 1.000000 0.000000 0.000000 0.301500 0.448700
0 15.706500 -20.169800 27.419100 1.000000 0.000000 0.000000 0.307400 0.445300
0 15.706500 -19.771999 26.925699 1.000000 0.000000 0.000000 0.313500 0.452100

0 15.706500 -19.771999 26.925699 1.000000 0.000000 0.000000 0.313500 0.452100
0 15.706500 -19.210699 27.789400 1.000000 0.000000 0.000000 0.301300 0.455600
0 15.706500 -19.831800 27.955900 1.000000 0.000000 0.000000 0.301500 0.448700

0 15.706500 -19.210699 27.789400 1.000000 0.000000 0.000000 0.301300 0.455600
0 15.706500 -19.771999 26.925699 1.000000 0.000000 0.000000 0.313500 0.452100
0 15.706500 -19.175100 27.156099 1.000000 0.000000 0.000000 0.307400 0.459000

0 11.013200 -20.169800 27.419100 -0.074200 -0.995600 -0.057500 0.266100 0.469200
0 11.013200 -19.831800 27.955900 -0.074400 -0.364800 0.928100 0.271700 0.468800
0 9.102400 -19.720301 27.675100 -0.203000 -0.363900 0.909100 0.274700 0.490200

0 9.102400 -19.720301 27.675100 -0.203000 -0.363900 0.909100 0.274700 0.490200
0 9.102400 -19.881500 27.436899 -0.197300 -0.980300 0.003200 0.272000 0.490700
0 11.013200 -20.169800 27.419100 -0.074200 -0.995600 -0.057500 0.266100 0.469200

0 11.013200 -19.175100 27.156099 -0.067600 0.839200 -0.539700 0.283000 0.468800
0 11.013200 -19.210699 27.789400 -0.071100 0.773800 0.629400 0.277300 0.468300
0 15.706500 -19.210699 27.789400 0.000000 0.776000 0.630700 0.277300 0.415500

0 15.706500 -19.831800 27.955900 0.000000 -0.364800 0.931100 0.271700 0.416000
0 15.706500 -19.210699 27.789400 0.000000 0.776000 0.630700 0.277300 0.415500
0 11.013200 -19.210699 27.789400 -0.071100 0.773800 0.629400 0.277300 0.468300

0 11.013200 -19.210699 27.789400 -0.071100 0.773800 0.629400 0.277300 0.468300
0 11.013200 -19.831800 27.955900 -0.074400 -0.364800 0.928100 0.271700 0.468800
0 15.706500 -19.831800 27.955900 0.000000 -0.364800 0.931100 0.271700 0.416000

0 15.706500 -20.169800 27.419100 0.000000 -0.998300 -0.058300 0.265900 0.416500
0 15.706500 -19.831800 27.955900 0.000000 -0.364800 0.931100 0.271700 0.416000
0 11.013200 -19.831800 27.955900 -0.074400 -0.364800 0.928100 0.271700 0.468800

0 11.013200 -19.831800 27.955900 -0.074400 -0.364800 0.928100 0.271700 0.468800
0 11.013200 -20.169800 27.419100 -0.074200 -0.995600 -0.057500 0.266100 0.469200
0 15.706500 -20.169800 27.419100 0.000000 -0.998300 -0.058300 0.265900 0.416500

0 15.706500 -19.771999 26.925699 0.000000 -0.778500 -0.627700 0.260000 0.416500
0 15.706500 -20.169800 27.419100 0.000000 -0.998300 -0.058300 0.265900 0.416500
0 11.013200 -20.169800 27.419100 -0.074200 -0.995600 -0.057500 0.266100 0.469200

0 11.013200 -20.169800 27.419100 -0.074200 -0.995600 -0.057500 0.266100 0.469200
0 11.013200 -19.771999 26.925699 -0.058500 -0.780500 -0.622400 0.260500 0.470200
0 15.706500 -19.771999 26.925699 0.000000 -0.778500 -0.627700 0.260000 0.416500

0 11.013200 -19.771999 26.925699 -0.058500 -0.780500 -0.622400 0.260500 0.470200
0 11.013200 -20.169800 27.419100 -0.074200 -0.995600 -0.057500 0.266100 0.469200
0 9.102400 -19.881500 27.436899 -0.197300 -0.980300 0.003200 0.272000 0.490700

0 9.102400 -19.881500 27.436899 -0.197300 -0.980300 0.003200 0.272000 0.490700
0 9.102400 -19.707399 27.168501 -0.160500 -0.828100 -0.537100 0.269300 0.492200
0 11.013200 -19.771999 26.925699 -0.058500 -0.780500 -0.622400 0.260500 0.470200

0 9.102400 -19.707399 27.168501 -0.160500 -0.828100 -0.537100 0.269300 0.492200
0 9.102400 -19.881500 27.436899 -0.197300 -0.980300 0.003200 0.272000 0.490700
0 8.220900 -19.634399 27.451401 -0.999800 -0.004100 0.018200 0.277300 0.500000

0 15.706500 -19.210699 27.789400 0.000000 0.776000 0.630700 0.277300 0.415500
0 15.706500 -19.175100 27.156099 0.000000 0.840200 -0.542300 0.283000 0.416000
0 11.013200 -19.175100 27.156099 -0.067600 0.839200 -0.539700 0.283000 0.468800

0 9.102400 -19.438801 27.612900 -0.211900 0.732600 0.646800 0.277300 0.489700
0 9.102400 -19.409300 27.309999 -0.215100 0.848700 -0.483200 0.280000 0.490200
0 8.220900 -19.634399 27.451401 -0.999800 -0.004100 0.018200 0.277300 0.500000

0 9.102400 -19.409300 27.309999 -0.215100 0.848700 -0.483200 0.280000 0.490200
0 9.102400 -19.707399 27.168501 -0.178000 0.414700 -0.892400 0.283900 0.491200
0 8.220900 -19.634399 27.451401 -0.999800 -0.004100 0.018200 0.277300 0.500000

0 9.102400 -19.881500 27.436899 -0.197300 -0.980300 0.003200 0.272000 0.490700
0 9.102400 -19.720301 27.675100 -0.203000 -0.363900 0.909100 0.274700 0.490200
0 8.220900 -19.634399 27.451401 -0.999800 -0.004100 0.018200 0.277300 0.500000

0 9.102400 -19.720301 27.675100 -0.203000 -0.363900 0.909100 0.274700 0.490200
0 9.102400 -19.438801 27.612900 -0.211900 0.732600 0.646800 0.277300 0.489700
0 8.220900 -19.634399 27.451401 -0.999800 -0.004100 0.018200 0.277300 0.500000

0 9.102400 -19.438801 27.612900 -0.211900 0.732600 0.646800 0.277300 0.489700
0 9.102400 -19.720301 27.675100 -0.203000 -0.363900 0.909100 0.274700 0.490200
0 11.013200 -19.831800 27.955900 -0.074400 -0.364800 0.928100 0.271700 0.468800

0 11.013200 -19.831800 27.955900 -0.074400 -0.364800 0.928100 0.271700 0.468800
0 11.013200 -19.210699 27.789400 -0.071100 0.773800 0.629400 0.277300 0.468300
0 9.102400 -19.438801 27.612900 -0.211900 0.732600 0.646800 0.277300 0.489700

0 9.102400 -19.409300 27.309999 -0.215100 0.848700 -0.483200 0.280000 0.490200
0 9.102400 -19.438801 27.612900 -0.211900 0.732600 0.646800 0.277300 0.489700
0 11.013200 -19.210699 27.789400 -0.071100 0.773800 0.629400 0.277300 0.468300

0 11.013200 -19.210699 27.789400 -0.071100 0.773800 0.629400 0.277300 0.468300
0 11.013200 -19.175100 27.156099 -0.067600 0.839200 -0.539700 0.283000 0.468800
0 9.102400 -19.409300 27.309999 -0.215100 0.848700 -0.483200 0.280000 0.490200

0 9.102400 -19.707399 27.168501 -0.178000 0.414700 -0.892400 0.283900 0.491200
0 9.102400 -19.409300 27.309999 -0.215100 0.848700 -0.483200 0.280000 0.490200
0 11.013200 -19.175100 27.156099 -0.067600 0.839200 -0.539700 0.283000 0.468800

0 11.013200 -19.175100 27.156099 -0.067600 0.839200 -0.539700 0.283000 0.468800
0 11.013200 -19.771999 26.925699 -0.051600 0.359600 -0.931700 0.291300 0.469700
0 9.102400 -19.707399 27.168501 -0.178000 0.414700 -0.892400 0.283900 0.491200

0 11.013200 -19.771999 26.925699 -0.051600 0.359600 -0.931700 0.291300 0.469700
0 11.013200 -19.175100 27.156099 -0.067600 0.839200 -0.539700 0.283000 0.468800
0 15.706500 -19.175100 27.156099 0.000000 0.840200 -0.542300 0.283000 0.416000

0 15.706500 -19.175100 27.156099 0.000000 0.840200 -0.542300 0.283000 0.416000
0 15.706500 -19.771999 26.925699 0.000000 0.360100 -0.932900 0.292200 0.416500
0 11.013200 -19.771999 26.925699 -0.051600 0.359600 -0.931700 0.291300 0.469700

0 31.196501 25.911400 26.913900 0.033100 0.037900 -0.998700 0.477800 0.657200
0 32.449001 22.681000 26.934099 0.438500 0.164500 -0.883500 0.481700 0.656700
0 32.347401 22.315399 26.815599 0.046000 0.023100 -0.998700 0.482200 0.657000

0 32.347401 22.315399 26.815599 0.046000 0.023100 -0.998700 0.482200 0.657000
0 28.843000 27.256201 26.909201 -0.005900 0.003200 -1.000000 0.475600 0.659700
0 31.196501 25.911400 26.913900 0.033100 0.037900 -0.998700 0.477800 0.657200

0 28.843000 27.256201 26.909201 -0.005900 0.003200 -1.000000 0.475600 0.659700
0 38.284199 -8.988700 26.908501 -0.002600 -0.002800 -1.000000 0.519500 0.658700
0 35.625500 -10.432800 26.924101 -0.006100 -0.001600 -1.000000 0.520500 0.662100

0 38.284199 -8.988700 26.908501 -0.002600 -0.002800 -1.000000 0.519500 0.658700
0 28.843000 27.256201 26.909201 -0.005900 0.003200 -1.000000 0.475600 0.659700
0 32.347401 22.315399 26.815599 0.046000 0.023100 -0.998700 0.482200 0.657000

0 32.347401 22.315399 26.815599 0.046000 0.023100 -0.998700 0.482200 0.657000
0 38.939602 -2.988500 26.815701 0.057300 -0.021700 -0.998100 0.513200 0.656300
0 38.284199 -8.988700 26.908501 -0.002600 -0.002800 -1.000000 0.519500 0.658700

0 38.284199 -8.988700 26.908501 -0.002600 -0.002800 -1.000000 0.519500 0.658700
0 38.939602 -2.988500 26.815701 0.057300 -0.021700 -0.998100 0.513200 0.656300
0 39.207298 -3.264100 26.933599 0.314700 -0.046600 -0.948100 0.513200 0.656000

0 39.207298 -3.264100 26.933599 0.314700 -0.046600 -0.948100 0.513200 0.656000
0 39.689400 -6.689800 26.913799 -0.004600 0.005100 -1.000000 0.517600 0.656500
0 38.284199 -8.988700 26.908501 -0.002600 -0.002800 -1.000000 0.519500 0.658700

0 -10.442700 17.999500 27.060499 0.000100 0.000100 -1.000000 0.475600 0.707300
0 -0.645000 -19.608900 27.059000 0.000100 0.000100 -1.000000 0.521000 0.706300
0 -3.762400 -20.400700 27.058300 0.002700 0.000700 -1.000000 0.521500 0.710200

0 -0.645000 -19.608900 27.059000 0.000100 0.000100 -1.000000 0.521000 0.706300
0 -10.442700 17.999500 27.060499 0.000100 0.000100 -1.000000 0.475600 0.707300
0 0.120000 20.683201 27.060699 -0.000100 0.000000 -1.000000 0.475300 0.694600

0 0.120000 20.683201 27.060699 -0.000100 0.000000 -1.000000 0.475300 0.694600
0 9.917500 -16.925301 27.059099 -0.000200 0.000000 -1.000000 0.521000 0.693400
0 -0.645000 -19.608900 27.059000 0.000100 0.000100 -1.000000 0.521000 0.706300

0 9.917500 -16.925301 27.059099 -0.000200 0.000000 -1.000000 0.521000 0.693400
0 0.120000 20.683201 27.060699 -0.000100 0.000000 -1.000000 0.475300 0.694600
0 3.237400 21.475100 27.059999 -0.002700 -0.000700 -1.000000 0.475100 0.690700

0 3.237400 21.475100 27.059999 -0.002700 -0.000700 -1.000000 0.475100 0.690700
0 13.135100 -16.108200 27.058001 -0.002700 -0.000700 -1.000000 0.521000 0.689700
0 9.917500 -16.925301 27.059099 -0.000200 0.000000 -1.000000 0.521000 0.693400

0 13.135100 -16.108200 27.058001 -0.002700 -0.000700 -1.000000 0.521000 0.689700
0 3.237400 21.475100 27.059999 -0.002700 -0.000700 -1.000000 0.475100 0.690700
0 20.186600 25.878901 26.967501 -0.006100 -0.001500 -1.000000 0.474900 0.669900

0 20.186600 25.878901 26.967501 -0.006100 -0.001500 -1.000000 0.474900 0.669900
0 30.029400 -11.909000 26.965799 -0.006100 -0.001500 -1.000000 0.521000 0.668900
0 13.135100 -16.108200 27.058001 -0.002700 -0.000700 -1.000000 0.521000 0.689700

0 30.029400 -11.909000 26.965799 -0.006100 -0.001500 -1.000000 0.521000 0.668900
0 20.186600 25.878901 26.967501 -0.006100 -0.001500 -1.000000 0.474900 0.669900
0 25.808901 27.254200 26.925301 -0.006300 -0.001600 -1.000000 0.474600 0.663100

0 25.808901 27.254200 26.925301 -0.006300 -0.001600 -1.000000 0.474600 0.663100
0 35.625500 -10.432800 26.924101 -0.006100 -0.001600 -1.000000 0.520500 0.662100
0 30.029400 -11.909000 26.965799 -0.006100 -0.001500 -1.000000 0.521000 0.668900

0 35.625500 -10.432800 26.924101 -0.006100 -0.001600 -1.000000 0.520500 0.662100
0 25.808901 27.254200 26.925301 -0.006300 -0.001600 -1.000000 0.474600 0.663100
0 28.843000 27.256201 26.909201 -0.005900 0.003200 -1.000000 0.475600 0.659700

0 -31.719900 -24.832701 26.913300 -0.033100 -0.037700 -0.998700 0.518600 0.743400
0 -32.972000 -21.602501 26.933001 -0.435600 -0.163400 -0.885200 0.514600 0.744100
0 -32.872002 -21.233700 26.815701 -0.045000 -0.022700 -0.998700 0.514200 0.743700

0 -32.872002 -21.233700 26.815701 -0.045000 -0.022700 -0.998700 0.514200 0.743700
0 -29.365999 -26.176201 26.908100 0.005700 -0.003200 -1.000000 0.521000 0.741000
0 -31.719900 -24.832701 26.913300 -0.033100 -0.037700 -0.998700 0.518600 0.743400

0 -38.809299 10.067300 26.908800 0.002800 0.002800 -1.000000 0.476800 0.742200
0 -29.365999 -26.176201 26.908100 0.005700 -0.003200 -1.000000 0.521000 0.741000
0 -32.872002 -21.233700 26.815701 -0.045000 -0.022700 -0.998700 0.514200 0.743700

0 -26.332100 -26.173901 26.923700 0.006100 0.001600 -1.000000 0.522000 0.737500
0 -29.365999 -26.176201 26.908100 0.005700 -0.003200 -1.000000 0.521000 0.741000
0 -38.809299 10.067300 26.908800 0.002800 0.002800 -1.000000 0.476800 0.742200

0 -38.809299 10.067300 26.908800 0.002800 0.002800 -1.000000 0.476800 0.742200
0 -36.151299 11.511400 26.924801 0.006200 0.001700 -1.000000 0.476100 0.738500
0 -26.332100 -26.173901 26.923700 0.006100 0.001600 -1.000000 0.522000 0.737500

0 -26.332100 -26.173901 26.923700 0.006100 0.001600 -1.000000 0.522000 0.737500
0 -36.151299 11.511400 26.924801 0.006200 0.001700 -1.000000 0.476100 0.738500
0 -30.555300 12.986300 26.966900 0.006100 0.001600 -1.000000 0.475800 0.731900

0 -30.555300 12.986300 26.966900 0.006100 0.001600 -1.000000 0.475800 0.731900
0 -20.709900 -24.799801 26.965200 0.006000 0.001600 -1.000000 0.522000 0.730700
0 -26.332100 -26.173901 26.923700 0.006100 0.001600 -1.000000 0.522000 0.737500

0 -20.709900 -24.799801 26.965200 0.006000 0.001600 -1.000000 0.522000 0.730700
0 -30.555300 12.986300 26.966900 0.006100 0.001600 -1.000000 0.475800 0.731900
0 -13.560100 17.207300 27.059799 0.002700 0.000700 -1.000000 0.475600 0.711200

0 -13.560100 17.207300 27.059799 0.002700 0.000700 -1.000000 0.475600 0.711200
0 -3.762400 -20.400700 27.058300 0.002700 0.000700 -1.000000 0.521500 0.710200
0 -20.709900 -24.799801 26.965200 0.006000 0.001600 -1.000000 0.522000 0.730700

0 -3.762400 -20.400700 27.058300 0.002700 0.000700 -1.000000 0.521500 0.710200
0 -13.560100 17.207300 27.059799 0.002700 0.000700 -1.000000 0.475600 0.711200
0 -10.442700 17.999500 27.060499 0.000100 0.000100 -1.000000 0.475600 0.707300

0 -39.731800 4.341700 26.933500 -0.314800 0.046600 -0.948000 0.483200 0.744600
0 -40.213299 7.768100 26.913500 0.005000 -0.005100 -1.000000 0.479200 0.744400
0 -38.809299 10.067300 26.908800 0.002800 0.002800 -1.000000 0.476800 0.742200

0 -38.809299 10.067300 26.908800 0.002800 0.002800 -1.000000 0.476800 0.742200
0 -39.464001 4.070200 26.815701 -0.057800 0.021800 -0.998100 0.483600 0.744400
0 -39.731800 4.341700 26.933500 -0.314800 0.046600 -0.948000 0.483200 0.744600

0 -32.872002 -21.233700 26.815701 -0.045000 -0.022700 -0.998700 0.514200 0.743700
0 -39.464001 4.070200 26.815701 -0.057800 0.021800 -0.998100 0.483600 0.744400
0 -38.809299 10.067300 26.908800 0.002800 0.002800 -1.000000 0.476800 0.742200

0 33.467499 17.587000 1.081600 0.386100 0.801300 -0.457000 0.304700 0.812000
0 30.514000 18.247900 1.081600 0.101400 0.924500 -0.367600 0.324000 0.812400
0 30.517401 19.132999 3.998300 0.063100 0.984200 -0.165600 0.324000 0.825800

0 35.058102 15.214100 0.001000 0.814300 0.340100 -0.470400 0.289800 0.807600
0 33.187099 17.129499 0.001000 0.431800 0.783500 -0.446700 0.304700 0.807000
0 33.467499 17.587000 1.081600 0.386100 0.801300 -0.457000 0.304700 0.812000

0 30.514000 18.247900 1.081600 0.101400 0.924500 -0.367600 0.324000 0.812400
0 33.467499 17.587000 1.081600 0.386100 0.801300 -0.457000 0.304700 0.812000
0 33.187099 17.129499 0.001000 0.431800 0.783500 -0.446700 0.304700 0.807000

0 33.187099 17.129499 0.001000 0.431800 0.783500 -0.446700 0.304700 0.807000
0 30.514500 17.700600 0.001000 0.097700 0.887900 -0.449600 0.324000 0.807000
0 30.514000 18.247900 1.081600 0.101400 0.924500 -0.367600 0.324000 0.812400

0 30.514000 18.247900 1.081600 0.101400 0.924500 -0.367600 0.324000 0.812400
0 30.514500 17.700600 0.001000 0.097700 0.887900 -0.449600 0.324000 0.807000
0 12.276900 17.735500 0.001000 0.001800 0.891200 -0.453700 0.416300 0.807000

0 12.276900 17.735500 0.001000 0.001800 0.891200 -0.453700 0.416300 0.807000
0 11.618400 18.287100 1.081600 0.001900 0.925300 -0.379100 0.419700 0.812100
0 30.514000 18.247900 1.081600 0.101400 0.924500 -0.367600 0.324000 0.812400

0 30.514000 18.247900 1.081600 0.101400 0.924500 -0.367600 0.324000 0.812400
0 11.618400 18.287100 1.081600 0.001900 0.925300 -0.379100 0.419700 0.812100
0 13.776000 19.174101 3.998300 0.002200 0.979400 -0.202100 0.408700 0.825700

0 13.776000 19.174101 3.998300 0.002200 0.979400 -0.202100 0.408700 0.825700
0 30.517401 19.132999 3.998300 0.063100 0.984200 -0.165600 0.324000 0.825800
0 30.514000 18.247900 1.081600 0.101400 0.924500 -0.367600 0.324000 0.812400

0 21.965200 19.335501 18.862101 0.003900 0.999900 -0.011800 0.367400 0.889300
0 30.517401 19.132999 3.998300 0.063100 0.984200 -0.165600 0.324000 0.825800
0 13.776000 19.174101 3.998300 0.002200 0.979400 -0.202100 0.408700 0.825700

0 21.965200 19.335501 18.862101 0.003900 0.999900 -0.011800 0.367400 0.889300
0 24.007000 19.341299 20.055500 0.005200 0.999900 -0.013700 0.356900 0.894500
0 30.646500 19.306900 20.055500 0.050700 0.998600 -0.011500 0.323500 0.894500

0 30.646500 19.306900 20.055500 0.050700 0.998600 -0.011500 0.323500 0.894500
0 30.517401 19.132999 3.998300 0.063100 0.984200 -0.165600 0.324000 0.825800
0 21.965200 19.335501 18.862101 0.003900 0.999900 -0.011800 0.367400 0.889300

0 35.240700 18.672100 3.998300 0.459300 0.848300 -0.263400 0.304700 0.825100
0 30.517401 19.132999 3.998300 0.063100 0.984200 -0.165600 0.324000 0.825800
0 30.646500 19.306900 20.055500 0.050700 0.998600 -0.011500 0.323500 0.894500

0 30.517401 19.132999 3.998300 0.063100 0.984200 -0.165600 0.324000 0.825800
0 35.240700 18.672100 3.998300 0.459300 0.848300 -0.263400 0.304700 0.825100
0 33.467499 17.587000 1.081600 0.386100 0.801300 -0.457000 0.304700 0.812000

0 35.610100 15.389300 1.081600 0.814200 0.299200 -0.497600 0.290800 0.812100
0 33.467499 17.587000 1.081600 0.386100 0.801300 -0.457000 0.304700 0.812000
0 35.240700 18.672100 3.998300 0.459300 0.848300 -0.263400 0.304700 0.825100

0 33.467499 17.587000 1.081600 0.386100 0.801300 -0.457000 0.304700 0.812000
0 35.610100 15.389300 1.081600 0.814200 0.299200 -0.497600 0.290800 0.812100
0 35.058102 15.214100 0.001000 0.814300 0.340100 -0.470400 0.289800 0.807600

0 35.610100 15.389300 1.081600 0.814200 0.299200 -0.497600 0.290800 0.812100
0 35.581001 5.919300 1.081600 0.889300 -0.000800 -0.457300 0.242100 0.812100
0 35.058102 15.214100 0.001000 0.814300 0.340100 -0.470400 0.289800 0.807600

0 35.581001 5.919300 1.081600 0.889300 -0.000800 -0.457300 0.242100 0.812100
0 35.058102 5.838800 0.001000 0.900100 0.000000 -0.435600 0.241600 0.807500
0 35.058102 15.214100 0.001000 0.814300 0.340100 -0.470400 0.289800 0.807600

0 35.058102 5.838800 0.001000 0.900100 0.000000 -0.435600 0.241600 0.807500
0 35.581001 5.919300 1.081600 0.889300 -0.000800 -0.457300 0.242100 0.812100
0 35.581001 -5.919300 1.081600 0.889300 0.000800 -0.457300 0.180900 0.812100

0 35.581001 -5.919300 1.081600 0.889300 0.000800 -0.457300 0.180900 0.812100
0 35.058102 -6.049300 0.001000 0.900100 0.000000 -0.435600 0.180300 0.807500
0 35.058102 5.838800 0.001000 0.900100 0.000000 -0.435600 0.241600 0.807500

0 37.308300 7.026700 3.998300 0.949600 0.020000 -0.312800 0.247700 0.824700
0 35.581001 5.919300 1.081600 0.889300 -0.000800 -0.457300 0.242100 0.812100
0 35.610100 15.389300 1.081600 0.814200 0.299200 -0.497600 0.290800 0.812100

0 35.610100 15.389300 1.081600 0.814200 0.299200 -0.497600 0.290800 0.812100
0 36.917999 16.731701 3.998300 0.889400 0.371300 -0.266500 0.297900 0.824700
0 37.308300 7.026700 3.998300 0.949600 0.020000 -0.312800 0.247700 0.824700

0 35.240700 18.672100 3.998300 0.459300 0.848300 -0.263400 0.304700 0.825100
0 36.917999 16.731701 3.998300 0.889400 0.371300 -0.266500 0.297900 0.824700
0 35.610100 15.389300 1.081600 0.814200 0.299200 -0.497600 0.290800 0.812100

0 37.257801 16.952000 20.055500 0.920500 0.389900 -0.024800 0.298800 0.894000
0 36.917999 16.731701 3.998300 0.889400 0.371300 -0.266500 0.297900 0.824700
0 35.240700 18.672100 3.998300 0.459300 0.848300 -0.263400 0.304700 0.825100

0 35.240700 18.672100 3.998300 0.459300 0.848300 -0.263400 0.304700 0.825100
0 35.564098 18.834000 20.055500 0.452800 0.891400 -0.018100 0.304700 0.894000
0 37.257801 16.952000 20.055500 0.920500 0.389900 -0.024800 0.298800 0.894000

0 30.646500 19.306900 20.055500 0.050700 0.998600 -0.011500 0.323500 0.894500
0 35.564098 18.834000 20.055500 0.452800 0.891400 -0.018100 0.304700 0.894000
0 35.240700 18.672100 3.998300 0.459300 0.848300 -0.263400 0.304700 0.825100

0 37.257801 16.952000 20.055500 0.920500 0.389900 -0.024800 0.298800 0.894000
0 37.551399 12.910400 20.055500 0.996500 0.072400 -0.041600 0.278100 0.894000
0 37.620300 11.213100 18.752899 0.997700 0.061700 -0.028100 0.269300 0.888300

0 37.620300 11.213100 18.752899 0.997700 0.061700 -0.028100 0.269300 0.888300
0 36.917999 16.731701 3.998300 0.889400 0.371300 -0.266500 0.297900 0.824700
0 37.257801 16.952000 20.055500 0.920500 0.389900 -0.024800 0.298800 0.894000

0 37.308300 7.026700 3.998300 0.949600 0.020000 -0.312800 0.247700 0.824700
0 36.917999 16.731701 3.998300 0.889400 0.371300 -0.266500 0.297900 0.824700
0 37.620300 11.213100 18.752899 0.997700 0.061700 -0.028100 0.269300 0.888300

0 35.610100 -15.389300 1.081600 0.814200 -0.299200 -0.497600 0.132100 0.812100
0 35.581001 -5.919300 1.081600 0.889300 0.000800 -0.457300 0.180900 0.812100
0 37.308300 -7.026700 3.998300 0.949600 -0.020000 -0.312800 0.175200 0.824700

0 35.610100 -15.389300 1.081600 0.814200 -0.299200 -0.497600 0.132100 0.812100
0 36.917999 -16.731701 3.998300 0.889400 -0.371900 -0.265800 0.125100 0.824700
0 35.240700 -18.672100 3.998300 0.459900 -0.848300 -0.262700 0.118300 0.825100

0 37.308300 -7.026700 3.998300 0.949600 -0.020000 -0.312800 0.175200 0.824700
0 36.917999 -16.731701 3.998300 0.889400 -0.371900 -0.265800 0.125100 0.824700
0 35.610100 -15.389300 1.081600 0.814200 -0.299200 -0.497600 0.132100 0.812100

0 37.620300 -11.213100 18.752899 0.997700 -0.061700 -0.028100 0.153600 0.888300
0 36.917999 -16.731701 3.998300 0.889400 -0.371900 -0.265800 0.125100 0.824700
0 37.308300 -7.026700 3.998300 0.949600 -0.020000 -0.312800 0.175200 0.824700

0 37.620300 -11.213100 18.752899 0.997700 -0.061700 -0.028100 0.153600 0.888300
0 37.551399 -12.910400 20.055500 0.996500 -0.072400 -0.041600 0.144900 0.894000
0 37.257801 -16.952000 20.055500 0.920100 -0.390800 -0.026300 0.124000 0.894000

0 37.257801 -16.952000 20.055500 0.920100 -0.390800 -0.026300 0.124000 0.894000
0 36.917999 -16.731701 3.998300 0.889400 -0.371900 -0.265800 0.125100 0.824700
0 37.620300 -11.213100 18.752899 0.997700 -0.061700 -0.028100 0.153600 0.888300

0 36.917999 -16.731701 3.998300 0.889400 -0.371900 -0.265800 0.125100 0.824700
0 37.257801 -16.952000 20.055500 0.920100 -0.390800 -0.026300 0.124000 0.894000
0 35.564098 -18.834000 20.055500 0.453700 -0.890900 -0.019700 0.118300 0.894000

0 35.564098 -18.834000 20.055500 0.453700 -0.890900 -0.019700 0.118300 0.894000
0 35.240700 -18.672100 3.998300 0.459900 -0.848300 -0.262700 0.118300 0.825100
0 36.917999 -16.731701 3.998300 0.889400 -0.371900 -0.265800 0.125100 0.824700

0 35.240700 -18.672100 3.998300 0.459900 -0.848300 -0.262700 0.118300 0.825100
0 35.564098 -18.834000 20.055500 0.453700 -0.890900 -0.019700 0.118300 0.894000
0 30.646500 -19.306900 20.055500 0.050700 -0.998600 -0.011500 0.099500 0.894700

0 35.581001 -5.919300 1.081600 0.889300 0.000800 -0.457300 0.180900 0.812100
0 35.058102 -15.214100 0.001000 0.814300 -0.340100 -0.470400 0.132900 0.807500
0 35.058102 -6.049300 0.001000 0.900100 0.000000 -0.435600 0.180300 0.807500

0 35.610100 -15.389300 1.081600 0.814200 -0.299200 -0.497600 0.132100 0.812100
0 35.058102 -15.214100 0.001000 0.814300 -0.340100 -0.470400 0.132900 0.807500
0 35.581001 -5.919300 1.081600 0.889300 0.000800 -0.457300 0.180900 0.812100

0 35.058102 -15.214100 0.001000 0.814300 -0.340100 -0.470400 0.132900 0.807500
0 35.610100 -15.389300 1.081600 0.814200 -0.299200 -0.497600 0.132100 0.812100
0 33.467499 -17.587000 1.081600 0.386100 -0.801300 -0.457000 0.118300 0.812000

0 35.240700 -18.672100 3.998300 0.459900 -0.848300 -0.262700 0.118300 0.825100
0 33.467499 -17.587000 1.081600 0.386100 -0.801300 -0.457000 0.118300 0.812000
0 35.610100 -15.389300 1.081600 0.814200 -0.299200 -0.497600 0.132100 0.812100

0 33.467499 -17.587000 1.081600 0.386100 -0.801300 -0.457000 0.118300 0.812000
0 35.240700 -18.672100 3.998300 0.459900 -0.848300 -0.262700 0.118300 0.825100
0 30.517401 -19.132999 3.998300 0.063100 -0.984200 -0.165600 0.098900 0.825800

0 30.646500 -19.306900 20.055500 0.050700 -0.998600 -0.011500 0.099500 0.894700
0 30.517401 -19.132999 3.998300 0.063100 -0.984200 -0.165600 0.098900 0.825800
0 35.240700 -18.672100 3.998300 0.459900 -0.848300 -0.262700 0.118300 0.825100

0 21.965200 -19.335501 18.862101 0.003900 -0.999900 -0.011800 0.055700 0.889600
0 30.517401 -19.132999 3.998300 0.063100 -0.984200 -0.165600 0.098900 0.825800
0 30.646500 -19.306900 20.055500 0.050700 -0.998600 -0.011500 0.099500 0.894700

0 30.646500 -19.306900 20.055500 0.050700 -0.998600 -0.011500 0.099500 0.894700
0 24.007000 -19.341299 20.055500 0.005200 -0.999900 -0.013700 0.066000 0.894700
0 21.965200 -19.335501 18.862101 0.003900 -0.999900 -0.011800 0.055700 0.889600

0 33.467499 -17.587000 1.081600 0.386100 -0.801300 -0.457000 0.118300 0.812000
0 33.187099 -17.129499 0.001000 0.431800 -0.783500 -0.446700 0.118300 0.807500
0 35.058102 -15.214100 0.001000 0.814300 -0.340100 -0.470400 0.132900 0.807500

0 33.187099 -17.129499 0.001000 0.431800 -0.783500 -0.446700 0.118300 0.807500
0 33.467499 -17.587000 1.081600 0.386100 -0.801300 -0.457000 0.118300 0.812000
0 30.514000 -18.247900 1.081600 0.101400 -0.924500 -0.367600 0.098900 0.812500

0 30.517401 -19.132999 3.998300 0.063100 -0.984200 -0.165600 0.098900 0.825800
0 30.514000 -18.247900 1.081600 0.101400 -0.924500 -0.367600 0.098900 0.812500
0 33.467499 -17.587000 1.081600 0.386100 -0.801300 -0.457000 0.118300 0.812000

0 30.514000 -18.247900 1.081600 0.101400 -0.924500 -0.367600 0.098900 0.812500
0 30.517401 -19.132999 3.998300 0.063100 -0.984200 -0.165600 0.098900 0.825800
0 13.776000 -19.174101 3.998300 0.002200 -0.979400 -0.202100 0.014300 0.826000

0 13.776000 -19.174101 3.998300 0.002200 -0.979400 -0.202100 0.014300 0.826000
0 30.517401 -19.132999 3.998300 0.063100 -0.984200 -0.165600 0.098900 0.825800
0 21.965200 -19.335501 18.862101 0.003900 -0.999900 -0.011800 0.055700 0.889600

0 13.776000 -19.174101 3.998300 0.002200 -0.979400 -0.202100 0.014300 0.826000
0 11.618400 -18.287100 1.081600 0.001900 -0.925300 -0.379100 0.003300 0.812600
0 30.514000 -18.247900 1.081600 0.101400 -0.924500 -0.367600 0.098900 0.812500

0 30.514000 -18.247900 1.081600 0.101400 -0.924500 -0.367600 0.098900 0.812500
0 11.618400 -18.287100 1.081600 0.001900 -0.925300 -0.379100 0.003300 0.812600
0 12.276900 -17.735500 0.001000 0.001800 -0.891200 -0.453700 0.006600 0.807500

0 12.276900 -17.735500 0.001000 0.001800 -0.891200 -0.453700 0.006600 0.807500
0 30.514500 -17.700600 0.001000 0.097700 -0.887900 -0.449600 0.098800 0.807300
0 30.514000 -18.247900 1.081600 0.101400 -0.924500 -0.367600 0.098900 0.812500

0 30.514000 -18.247900 1.081600 0.101400 -0.924500 -0.367600 0.098900 0.812500
0 30.514500 -17.700600 0.001000 0.097700 -0.887900 -0.449600 0.098800 0.807300
0 33.187099 -17.129499 0.001000 0.431800 -0.783500 -0.446700 0.118300 0.807500

0 -40.026798 10.424300 30.682301 -0.721200 0.647100 0.247300 0.773400 0.837900
0 -41.396099 7.487100 30.681999 -0.950200 0.076900 0.302000 0.788100 0.823900
0 -40.555199 7.574500 32.245899 -0.782400 0.023000 0.622400 0.793500 0.832600

0 -40.135399 5.753100 31.965000 -0.723800 -0.218700 0.654400 0.803200 0.830200
0 -40.555199 7.574500 32.245899 -0.782400 0.023000 0.622400 0.793500 0.832600
0 -41.396099 7.487100 30.681999 -0.950200 0.076900 0.302000 0.788100 0.823900

0 -41.396099 7.487100 30.681999 -0.950200 0.076900 0.302000 0.788100 0.823900
0 -40.874699 5.176700 30.480000 -0.922100 -0.233900 0.308300 0.802700 0.820800
0 -40.135399 5.753100 31.965000 -0.723800 -0.218700 0.654400 0.803200 0.830200

0 -36.498299 -8.678300 31.954599 -0.723000 -0.188400 0.664700 0.869600 0.831900
0 -40.135399 5.753100 31.965000 -0.723800 -0.218700 0.654400 0.803200 0.830200
0 -40.874699 5.176700 30.480000 -0.922100 -0.233900 0.308300 0.802700 0.820800

0 -40.874699 5.176700 30.480000 -0.922100 -0.233900 0.308300 0.802700 0.820800
0 -37.322102 -8.887900 30.443600 -0.925600 -0.241100 0.291700 0.869600 0.823000
0 -36.498299 -8.678300 31.954599 -0.723000 -0.188400 0.664700 0.869600 0.831900

0 -36.498299 -8.678300 31.954599 -0.723000 -0.188400 0.664700 0.869600 0.831900
0 -37.322102 -8.887900 30.443600 -0.925600 -0.241100 0.291700 0.869600 0.823000
0 -33.560600 -22.898701 30.480000 -0.919000 -0.245700 0.308300 0.936000 0.821500

0 -40.874699 5.176700 30.480000 -0.922100 -0.233900 0.308300 0.802700 0.820800
0 -41.396099 7.487100 30.681999 -0.950200 0.076900 0.302000 0.788100 0.823900
0 -41.767399 7.521400 27.683901 -0.988000 0.095500 0.121300 0.776900 0.813600

0 -40.394001 10.517800 27.683901 -0.739700 0.665600 0.099600 0.761700 0.827600
0 -41.767399 7.521400 27.683901 -0.988000 0.095500 0.121300 0.776900 0.813600
0 -41.396099 7.487100 30.681999 -0.950200 0.076900 0.302000 0.788100 0.823900

0 -41.396099 7.487100 30.681999 -0.950200 0.076900 0.302000 0.788100 0.823900
0 -40.026798 10.424300 30.682301 -0.721200 0.647100 0.247300 0.773400 0.837900
0 -40.394001 10.517800 27.683901 -0.739700 0.665600 0.099600 0.761700 0.827600

0 -40.394001 10.517800 27.683901 -0.739700 0.665600 0.099600 0.761700 0.827600
0 -40.026798 10.424300 30.682301 -0.721200 0.647100 0.247300 0.773400 0.837900
0 -37.588699 11.876000 30.682600 -0.359900 0.914100 0.186900 0.765600 0.853400

0 -37.588699 11.876000 30.682600 -0.359900 0.914100 0.186900 0.765600 0.853400
0 -40.026798 10.424300 30.682301 -0.721200 0.647100 0.247300 0.773400 0.837900
0 -39.400299 10.076400 32.357800 -0.660700 0.547900 0.513100 0.781300 0.844800

0 -40.555199 7.574500 32.245899 -0.782400 0.023000 0.622400 0.793500 0.832600
0 -39.400299 10.076400 32.357800 -0.660700 0.547900 0.513100 0.781300 0.844800
0 -40.026798 10.424300 30.682301 -0.721200 0.647100 0.247300 0.773400 0.837900

0 -39.400299 10.076400 32.357800 -0.660700 0.547900 0.513100 0.781300 0.844800
0 -40.555199 7.574500 32.245899 -0.782400 0.023000 0.622400 0.793500 0.832600
0 -38.538700 7.847800 33.978600 -0.294300 -0.126900 0.947200 0.798300 0.848000

0 -38.122898 6.640500 33.618500 -0.271500 -0.177300 0.946000 0.803200 0.844500
0 -38.538700 7.847800 33.978600 -0.294300 -0.126900 0.947200 0.798300 0.848000
0 -40.555199 7.574500 32.245899 -0.782400 0.023000 0.622400 0.793500 0.832600

0 -40.555199 7.574500 32.245899 -0.782400 0.023000 0.622400 0.793500 0.832600
0 -40.135399 5.753100 31.965000 -0.723800 -0.218700 0.654400 0.803200 0.830200
0 -38.122898 6.640500 33.618500 -0.271500 -0.177300 0.946000 0.803200 0.844500

0 -34.278999 -8.114200 33.618500 -0.300300 -0.078200 0.950600 0.869100 0.844100
0 -38.122898 6.640500 33.618500 -0.271500 -0.177300 0.946000 0.803200 0.844500
0 -40.135399 5.753100 31.965000 -0.723800 -0.218700 0.654400 0.803200 0.830200

0 -29.187300 -6.820600 33.618500 0.000000 0.000000 1.000000 0.869100 0.871500
0 -34.278999 -8.114200 33.618500 -0.300300 -0.078200 0.950600 0.869100 0.844100
0 -30.435101 -22.869301 33.618500 -0.374800 -0.010700 0.927000 0.936000 0.845800

0 -34.278999 -8.114200 33.618500 -0.300300 -0.078200 0.950600 0.869100 0.844100
0 -29.187300 -6.820600 33.618500 0.000000 0.000000 1.000000 0.869100 0.871500
0 -33.031200 7.934200 33.618500 0.016200 -0.010100 0.999800 0.797900 0.874000

0 -33.031200 7.934200 33.618500 0.016200 -0.010100 0.999800 0.797900 0.874000
0 -38.122898 6.640500 33.618500 -0.271500 -0.177300 0.946000 0.803200 0.844500
0 -34.278999 -8.114200 33.618500 -0.300300 -0.078200 0.950600 0.869100 0.844100

0 -36.870899 10.627400 33.978298 -0.206300 0.465100 0.860900 0.784200 0.863200
0 -38.122898 6.640500 33.618500 -0.271500 -0.177300 0.946000 0.803200 0.844500
0 -33.031200 7.934200 33.618500 0.016200 -0.010100 0.999800 0.797900 0.874000

0 -38.538700 7.847800 33.978600 -0.294300 -0.126900 0.947200 0.798300 0.848000
0 -38.122898 6.640500 33.618500 -0.271500 -0.177300 0.946000 0.803200 0.844500
0 -36.870899 10.627400 33.978298 -0.206300 0.465100 0.860900 0.784200 0.863200

0 -36.870899 10.627400 33.978298 -0.206300 0.465100 0.860900 0.784200 0.863200
0 -38.271801 9.373300 33.978298 -0.435100 0.263200 0.861000 0.790500 0.853100
0 -38.538700 7.847800 33.978600 -0.294300 -0.126900 0.947200 0.798300 0.848000

0 -38.538700 7.847800 33.978600 -0.294300 -0.126900 0.947200 0.798300 0.848000
0 -38.271801 9.373300 33.978298 -0.435100 0.263200 0.861000 0.790500 0.853100
0 -39.400299 10.076400 32.357800 -0.660700 0.547900 0.513100 0.781300 0.844800

0 -37.391300 11.384500 32.436001 -0.368200 0.834500 0.409900 0.774900 0.858000
0 -39.400299 10.076400 32.357800 -0.660700 0.547900 0.513100 0.781300 0.844800
0 -38.271801 9.373300 33.978298 -0.435100 0.263200 0.861000 0.790500 0.853100

0 -39.400299 10.076400 32.357800 -0.660700 0.547900 0.513100 0.781300 0.844800
0 -37.391300 11.384500 32.436001 -0.368200 0.834500 0.409900 0.774900 0.858000
0 -37.588699 11.876000 30.682600 -0.359900 0.914100 0.186900 0.765600 0.853400

0 -37.588699 11.876000 30.682600 -0.359900 0.914100 0.186900 0.765600 0.853400
0 -37.391300 11.384500 32.436001 -0.368200 0.834500 0.409900 0.774900 0.858000
0 -33.426399 12.264700 32.174000 -0.204500 0.914700 0.348500 0.770000 0.877700

0 -33.031200 7.934200 33.618500 0.016200 -0.010100 0.999800 0.797900 0.874000
0 -33.943802 11.437300 33.618500 -0.080500 0.535500 0.840700 0.779800 0.875500
0 -36.870899 10.627400 33.978298 -0.206300 0.465100 0.860900 0.784200 0.863200

0 -3.948600 -19.874901 33.618500 0.132400 -0.521200 0.843100 0.959000 0.982100
0 -4.843700 -16.438999 33.618500 0.000000 0.000000 1.000000 0.940900 0.982000
0 -25.343399 -21.575600 33.618500 0.009500 0.016900 0.999800 0.939000 0.874600

0 -25.343399 -21.575600 33.618500 0.009500 0.016900 0.999800 0.939000 0.874600
0 -4.843700 -16.438999 33.618500 0.000000 0.000000 1.000000 0.940900 0.982000
0 -8.705200 -1.616600 33.618500 0.000000 0.000000 1.000000 0.869100 0.981000

0 -8.705200 -1.616600 33.618500 0.000000 0.000000 1.000000 0.869100 0.981000
0 -29.187300 -6.820600 33.618500 0.000000 0.000000 1.000000 0.869100 0.871500
0 -25.343399 -21.575600 33.618500 0.009500 0.016900 0.999800 0.939000 0.874600

0 -29.187300 -6.820600 33.618500 0.000000 0.000000 1.000000 0.869100 0.871500
0 -8.705200 -1.616600 33.618500 0.000000 0.000000 1.000000 0.869100 0.981000
0 -12.566600 13.205400 33.618500 0.000000 0.000000 1.000000 0.797400 0.980800

0 -12.566600 13.205400 33.618500 0.000000 0.000000 1.000000 0.797400 0.980800
0 -33.031200 7.934200 33.618500 0.016200 -0.010100 0.999800 0.797900 0.874000
0 -29.187300 -6.820600 33.618500 0.000000 0.000000 1.000000 0.869100 0.871500

0 -33.031200 7.934200 33.618500 0.016200 -0.010100 0.999800 0.797900 0.874000
0 -12.566600 13.205400 33.618500 0.000000 0.000000 1.000000 0.797400 0.980800
0 -13.461700 16.641199 33.618500 -0.131700 0.518300 0.845000 0.779300 0.980900

0 -13.461700 16.641199 33.618500 -0.131700 0.518300 0.845000 0.779300 0.980900
0 -33.943802 11.437300 33.618500 -0.080500 0.535500 0.840700 0.779800 0.875500
0 -33.031200 7.934200 33.618500 0.016200 -0.010100 0.999800 0.797900 0.874000

0 -33.426399 12.264700 32.174000 -0.204500 0.914700 0.348500 0.770000 0.877700
0 -33.943802 11.437300 33.618500 -0.080500 0.535500 0.840700 0.779800 0.875500
0 -13.461700 16.641199 33.618500 -0.131700 0.518300 0.845000 0.779300 0.980900

0 -33.943802 11.437300 33.618500 -0.080500 0.535500 0.840700 0.779800 0.875500
0 -33.426399 12.264700 32.174000 -0.204500 0.914700 0.348500 0.770000 0.877700
0 -37.391300 11.384500 32.436001 -0.368200 0.834500 0.409900 0.774900 0.858000

0 -37.391300 11.384500 32.436001 -0.368200 0.834500 0.409900 0.774900 0.858000
0 -36.870899 10.627400 33.978298 -0.206300 0.465100 0.860900 0.784200 0.863200
0 -33.943802 11.437300 33.618500 -0.080500 0.535500 0.840700 0.779800 0.875500

0 -38.271801 9.373300 33.978298 -0.435100 0.263200 0.861000 0.790500 0.853100
0 -36.870899 10.627400 33.978298 -0.206300 0.465100 0.860900 0.784200 0.863200
0 -37.391300 11.384500 32.436001 -0.368200 0.834500 0.409900 0.774900 0.858000

0 -13.461700 16.641199 33.618500 -0.131700 0.518300 0.845000 0.779300 0.980900
0 -13.630200 17.260099 32.244999 -0.231400 0.912900 0.336400 0.771500 0.981000
0 -33.426399 12.264700 32.174000 -0.204500 0.914700 0.348500 0.770000 0.877700

0 -33.426399 12.264700 32.174000 -0.204500 0.914700 0.348500 0.770000 0.877700
0 -32.727699 12.872600 30.546700 -0.218500 0.961500 0.166300 0.761200 0.879800
0 -37.588699 11.876000 30.682600 -0.359900 0.914100 0.186900 0.765600 0.853400

0 -32.727699 12.872600 30.546700 -0.218500 0.961500 0.166300 0.761200 0.879800
0 -33.426399 12.264700 32.174000 -0.204500 0.914700 0.348500 0.770000 0.877700
0 -13.630200 17.260099 32.244999 -0.231400 0.912900 0.336400 0.771500 0.981000

0 -13.630200 17.260099 32.244999 -0.231400 0.912900 0.336400 0.771500 0.981000
0 -13.750200 17.700701 30.441401 -0.242900 0.957900 0.153100 0.762200 0.981000
0 -32.727699 12.872600 30.546700 -0.218500 0.961500 0.166300 0.761200 0.879800

0 -31.308300 13.409800 27.683901 -0.230100 0.970800 0.068100 0.747600 0.882800
0 -32.727699 12.872600 30.546700 -0.218500 0.961500 0.166300 0.761200 0.879800
0 -13.750200 17.700701 30.441401 -0.242900 0.957900 0.153100 0.762200 0.981000

0 -13.750200 17.700701 30.441401 -0.242900 0.957900 0.153100 0.762200 0.981000
0 -13.793500 17.859800 27.683901 -0.245800 0.967500 0.059700 0.748500 0.981000
0 -31.308300 13.409800 27.683901 -0.230100 0.970800 0.068100 0.747600 0.882800

0 -32.727699 12.872600 30.546700 -0.218500 0.961500 0.166300 0.761200 0.879800
0 -31.308300 13.409800 27.683901 -0.230100 0.970800 0.068100 0.747600 0.882800
0 -37.344002 12.171400 27.683901 -0.331400 0.941100 0.066400 0.752900 0.846700

0 -37.344002 12.171400 27.683901 -0.331400 0.941100 0.066400 0.752900 0.846700
0 -37.588699 11.876000 30.682600 -0.359900 0.914100 0.186900 0.765600 0.853400
0 -32.727699 12.872600 30.546700 -0.218500 0.961500 0.166300 0.761200 0.879800

0 -37.588699 11.876000 30.682600 -0.359900 0.914100 0.186900 0.765600 0.853400
0 -37.344002 12.171400 27.683901 -0.331400 0.941100 0.066400 0.752900 0.846700
0 -40.394001 10.517800 27.683901 -0.739700 0.665600 0.099600 0.761700 0.827600

0 0.121600 20.809401 27.679600 -0.001900 0.007300 -1.000000 0.146700 0.993300
0 -10.512000 18.107700 27.679600 -0.001900 0.007300 -1.000000 0.197600 0.993300
0 -10.655100 18.657200 27.683901 -0.001900 0.007300 -1.000000 0.196900 0.994700

0 -10.655100 18.657200 27.683901 -0.001900 0.007300 -1.000000 0.196900 0.994700
0 -0.021500 21.358900 27.683901 -0.001900 0.007300 -1.000000 0.146500 0.994700
0 0.121600 20.809401 27.679600 -0.001900 0.007300 -1.000000 0.146700 0.993300

0 7.000000 -5.648700 33.618500 0.934700 0.243500 0.259000 0.460700 0.573200
0 3.079600 9.399900 33.618500 0.934700 0.243500 0.259100 0.400600 0.573200
0 2.955400 9.368300 34.096298 0.934700 0.243500 0.259100 0.400600 0.571300

0 2.955400 9.368300 34.096298 0.934700 0.243500 0.259100 0.400600 0.571300
0 6.875800 -5.680200 34.096298 0.934700 0.243500 0.259000 0.460700 0.571300
0 7.000000 -5.648700 33.618500 0.934700 0.243500 0.259000 0.460700 0.573200

0 0.120000 20.683201 27.060699 -0.241600 0.950900 -0.193300 0.146900 0.991100
0 -10.442700 17.999500 27.060499 -0.241600 0.950900 -0.193200 0.197500 0.991100
0 -10.512000 18.107700 27.679600 -0.241600 0.950900 -0.193200 0.197600 0.993300

0 -10.512000 18.107700 27.679600 -0.241600 0.950900 -0.193200 0.197600 0.993300
0 0.121600 20.809401 27.679600 -0.241600 0.950900 -0.193300 0.146700 0.993300
0 0.120000 20.683201 27.060699 -0.241600 0.950900 -0.193300 0.146900 0.991100

0 -0.645000 -19.608900 27.059000 0.240300 -0.945700 -0.219000 0.146200 0.972900
0 9.917500 -16.925301 27.059099 0.240300 -0.945700 -0.219000 0.197000 0.972800
0 9.985100 -17.051800 27.679600 0.240300 -0.945700 -0.219000 0.197000 0.975800

0 9.985100 -17.051800 27.679600 0.240300 -0.945700 -0.219000 0.197000 0.975800
0 -0.648500 -19.753500 27.679600 0.240300 -0.945700 -0.219000 0.146000 0.975800
0 -0.645000 -19.608900 27.059000 0.240300 -0.945700 -0.219000 0.146200 0.972900

0 -0.505400 -20.302900 27.683901 0.001900 -0.007300 -1.000000 0.145800 0.975700
0 -0.648500 -19.753500 27.679600 0.001900 -0.007300 -1.000000 0.146000 0.975800
0 9.985100 -17.051800 27.679600 0.001900 -0.007300 -1.000000 0.197000 0.975800

0 9.985100 -17.051800 27.679600 0.001900 -0.007300 -1.000000 0.197000 0.975800
0 10.128200 -17.601200 27.683901 0.001900 -0.007300 -1.000000 0.196900 0.975600
0 -0.505400 -20.302900 27.683901 0.001900 -0.007300 -1.000000 0.145800 0.975700

0 -8.705200 -1.616600 33.618500 0.967700 0.252100 0.000000 0.534200 0.849500
0 -8.705200 -1.616600 33.174599 0.967700 0.252100 0.000000 0.532200 0.849500
0 -12.566600 13.205400 33.174599 0.974600 0.223900 0.000000 0.532200 0.778900

0 -12.566600 13.205400 33.174599 0.974600 0.223900 0.000000 0.532200 0.778900
0 -12.566600 13.205400 33.618500 0.973700 0.227200 0.018200 0.534200 0.778900
0 -8.705200 -1.616600 33.618500 0.967700 0.252100 0.000000 0.534200 0.849500

0 -12.566600 13.205400 33.618500 0.973700 0.227200 0.018200 0.534200 0.778900
0 -12.566600 13.205400 33.174599 0.974600 0.223900 0.000000 0.532200 0.778900
0 -13.128500 16.018101 33.108200 0.925500 0.329000 0.187500 0.531700 0.765700

0 -13.128500 16.018101 33.108200 0.925500 0.329000 0.187500 0.531700 0.765700
0 -13.461700 16.641199 33.618500 0.924400 0.360600 0.124300 0.534200 0.762700
0 -12.566600 13.205400 33.618500 0.973700 0.227200 0.018200 0.534200 0.778900

0 -13.461700 16.641199 33.618500 0.924400 0.360600 0.124300 0.534200 0.762700
0 -13.128500 16.018101 33.108200 0.925500 0.329000 0.187500 0.531700 0.765700
0 -13.384300 16.599501 32.022301 0.935700 0.352100 0.022700 0.527300 0.762800

0 -13.384300 16.599501 32.022301 0.935700 0.352100 0.022700 0.527300 0.762800
0 -13.630200 17.260099 32.244999 0.939900 0.340200 0.028800 0.528300 0.759600
0 -13.461700 16.641199 33.618500 0.924400 0.360600 0.124300 0.534200 0.762700

0 -13.750200 17.700701 30.441401 0.963100 0.268800 -0.014000 0.520500 0.757600
0 -13.630200 17.260099 32.244999 0.939900 0.340200 0.028800 0.528300 0.759600
0 -13.384300 16.599501 32.022301 0.935700 0.352100 0.022700 0.527300 0.762800

0 -13.384300 16.599501 32.022301 0.935700 0.352100 0.022700 0.527300 0.762800
0 -13.596200 17.109501 30.261499 0.966100 0.257500 -0.019100 0.519500 0.760400
0 -13.750200 17.700701 30.441401 0.963100 0.268800 -0.014000 0.520500 0.757600

0 -13.793500 17.859800 27.683901 0.967700 0.252200 -0.000600 0.508800 0.756800
0 -13.750200 17.700701 30.441401 0.963100 0.268800 -0.014000 0.520500 0.757600
0 -13.596200 17.109501 30.261499 0.966100 0.257500 -0.019100 0.519500 0.760400

0 -13.596200 17.109501 30.261499 0.966100 0.257500 -0.019100 0.519500 0.760400
0 -13.650300 17.310400 27.679600 0.967700 0.252200 -0.000700 0.508800 0.759500
0 -13.793500 17.859800 27.683901 0.967700 0.252200 -0.000600 0.508800 0.756800

0 38.455898 -5.449100 19.206900 0.998900 -0.008600 0.046900 0.184800 0.935200
0 38.352001 -12.909900 20.055500 0.998900 -0.008600 0.046900 0.152500 0.937300
0 38.427700 -11.213100 18.752899 0.998900 -0.008600 0.046900 0.159800 0.937300

0 -3.643700 -21.100300 27.683901 0.967700 0.252100 -0.000700 0.508800 0.942100
0 -3.786900 -20.550800 27.679600 0.967700 0.252200 -0.000700 0.508800 0.939500
0 -3.837600 -20.349100 30.261499 0.968900 0.246600 -0.019100 0.520000 0.938600

0 -3.837600 -20.349100 30.261499 0.968900 0.246600 -0.019100 0.520000 0.938600
0 -3.683600 -20.940300 30.441401 0.971800 0.235300 -0.014000 0.520500 0.941400
0 -3.643700 -21.100300 27.683901 0.967700 0.252100 -0.000700 0.508800 0.942100

0 -3.683600 -20.940300 30.441401 0.971800 0.235300 -0.014000 0.520500 0.941400
0 -3.837600 -20.349100 30.261499 0.968900 0.246600 -0.019100 0.520000 0.938600
0 -3.901300 -19.801399 32.022301 0.988600 0.149100 0.022600 0.527300 0.936000

0 -3.901300 -19.801399 32.022301 0.988600 0.149100 0.022600 0.527300 0.936000
0 -3.793800 -20.497200 32.244999 0.986400 0.161600 0.028800 0.528300 0.939300
0 -3.683600 -20.940300 30.441401 0.971800 0.235300 -0.014000 0.520500 0.941400

0 -3.948600 -19.874901 33.618500 0.982800 0.136100 0.124500 0.534200 0.936300
0 -3.793800 -20.497200 32.244999 0.986400 0.161600 0.028800 0.528300 0.939300
0 -3.901300 -19.801399 32.022301 0.988600 0.149100 0.022600 0.527300 0.936000

0 -3.901300 -19.801399 32.022301 0.988600 0.149100 0.022600 0.527300 0.936000
0 -3.961300 -19.170200 33.108200 0.968500 0.164100 0.187400 0.531700 0.933200
0 -3.948600 -19.874901 33.618500 0.982800 0.136100 0.124500 0.534200 0.936300

0 -4.843700 -16.438999 33.618500 0.960800 0.276700 0.018200 0.534200 0.920000
0 -3.948600 -19.874901 33.618500 0.982800 0.136100 0.124500 0.534200 0.936300
0 -3.961300 -19.170200 33.108200 0.968500 0.164100 0.187400 0.531700 0.933200

0 -3.961300 -19.170200 33.108200 0.968500 0.164100 0.187400 0.531700 0.933200
0 -4.843700 -16.438999 33.174599 0.960000 0.280100 0.000000 0.532200 0.920000
0 -4.843700 -16.438999 33.618500 0.960800 0.276700 0.018200 0.534200 0.920000

0 -4.843700 -16.438999 33.618500 0.960800 0.276700 0.018200 0.534200 0.920000
0 -4.843700 -16.438999 33.174599 0.960000 0.280100 0.000000 0.532200 0.920000
0 -8.705200 -1.616600 33.174599 0.967700 0.252100 0.000000 0.532200 0.849500

0 -8.705200 -1.616600 33.174599 0.967700 0.252100 0.000000 0.532200 0.849500
0 -8.705200 -1.616600 33.618500 0.967700 0.252100 0.000000 0.534200 0.849500
0 -4.843700 -16.438999 33.618500 0.960800 0.276700 0.018200 0.534200 0.920000

0 -3.606600 -8.343500 33.618500 -0.912000 -0.237600 0.334300 0.460700 0.529100
0 -3.442300 -8.301800 34.096298 -0.912000 -0.237600 0.334300 0.460700 0.531000
0 -7.362700 6.746800 34.096298 -0.912000 -0.237600 0.334400 0.400600 0.531000

0 -7.362700 6.746800 34.096298 -0.912000 -0.237600 0.334400 0.400600 0.531000
0 -7.527000 6.705000 33.618500 -0.912000 -0.237600 0.334400 0.400600 0.529100
0 -3.606600 -8.343500 33.618500 -0.912000 -0.237600 0.334300 0.460700 0.529100

0 -10.655100 18.657200 27.683901 -0.967700 -0.252100 0.000700 0.552700 0.960300
0 -10.512000 18.107700 27.679600 -0.967700 -0.252000 0.000700 0.555700 0.960300
0 -10.457900 17.907000 30.261200 -0.966700 -0.255700 0.012600 0.556600 0.971300

0 -10.457900 17.907000 30.261200 -0.966700 -0.255700 0.012600 0.556600 0.971300
0 -10.611900 18.498100 30.441401 -0.964800 -0.262900 0.009500 0.553700 0.972100
0 -10.655100 18.657200 27.683901 -0.967700 -0.252100 0.000700 0.552700 0.960300

0 -10.611900 18.498100 30.441401 -0.964800 -0.262900 0.009500 0.553700 0.972100
0 -10.457900 17.907000 30.261200 -0.966700 -0.255700 0.012600 0.556600 0.971300
0 -10.271300 17.389900 32.023602 -0.948200 -0.317100 -0.018600 0.559100 0.978900

0 -10.271300 17.389900 32.023602 -0.948200 -0.317100 -0.018600 0.559100 0.978900
0 -10.491900 18.057501 32.244999 -0.951300 -0.307600 -0.020300 0.555700 0.979800
0 -10.611900 18.498100 30.441401 -0.964800 -0.262900 0.009500 0.553700 0.972100

0 -10.284100 17.288000 33.501701 -0.935500 -0.338500 -0.100700 0.558600 0.985700
0 -10.491900 18.057501 32.244999 -0.951300 -0.307600 -0.020300 0.555700 0.979800
0 -10.271300 17.389900 32.023602 -0.948200 -0.317100 -0.018600 0.559100 0.978900

0 -10.271300 17.389900 32.023602 -0.948200 -0.317100 -0.018600 0.559100 0.978900
0 -10.050000 16.801300 33.107498 -0.936000 -0.317600 -0.152100 0.562000 0.983500
0 -10.284100 17.288000 33.501701 -0.935500 -0.338500 -0.100700 0.558600 0.985700

0 -9.428400 14.003400 33.618500 -0.971500 -0.236700 -0.011500 0.575200 0.985700
0 -10.284100 17.288000 33.501701 -0.935500 -0.338500 -0.100700 0.558600 0.985700
0 -10.050000 16.801300 33.107498 -0.936000 -0.317600 -0.152100 0.562000 0.983500

0 -10.050000 16.801300 33.107498 -0.936000 -0.317600 -0.152100 0.562000 0.983500
0 -9.428400 14.003400 33.174599 -0.972100 -0.234400 0.000000 0.575200 0.983800
0 -9.428400 14.003400 33.618500 -0.971500 -0.236700 -0.011500 0.575200 0.985700

0 -7.527000 6.705000 33.618500 -0.967700 -0.252100 0.000000 0.622100 0.985700
0 -9.428400 14.003400 33.618500 -0.971500 -0.236700 -0.011500 0.575200 0.985700
0 -9.428400 14.003400 33.174599 -0.972100 -0.234400 0.000000 0.575200 0.983800

0 -9.428400 14.003400 33.174599 -0.972100 -0.234400 0.000000 0.575200 0.983800
0 -5.566800 -0.819200 33.174599 -0.967700 -0.252100 -0.000000 0.645500 0.983800
0 -7.527000 6.705000 33.618500 -0.967700 -0.252100 0.000000 0.622100 0.985700

0 -5.566800 -0.819200 33.174599 -0.967700 -0.252100 -0.000000 0.645500 0.983800
0 -3.606600 -8.343500 33.618500 -0.967700 -0.252100 0.000000 0.668900 0.985700
0 -7.527000 6.705000 33.618500 -0.967700 -0.252100 0.000000 0.622100 0.985700

0 -3.606600 -8.343500 33.618500 -0.967700 -0.252100 0.000000 0.668900 0.985700
0 -5.566800 -0.819200 33.174599 -0.967700 -0.252100 -0.000000 0.645500 0.983800
0 -1.705200 -15.642200 33.174599 -0.962900 -0.269700 0.000000 0.715800 0.983800

0 -1.705200 -15.642200 33.174599 -0.962900 -0.269700 0.000000 0.715800 0.983800
0 -1.705200 -15.642200 33.618500 -0.963500 -0.267500 -0.011400 0.715800 0.985600
0 -3.606600 -8.343500 33.618500 -0.967700 -0.252100 0.000000 0.668900 0.985700

0 -1.705200 -15.642200 33.618500 -0.963500 -0.267500 -0.011400 0.715800 0.985600
0 -1.705200 -15.642200 33.174599 -0.962900 -0.269700 0.000000 0.715800 0.983800
0 -0.882300 -18.389099 33.107498 -0.972900 -0.192600 -0.128300 0.729500 0.983500

0 -0.882300 -18.389099 33.107498 -0.972900 -0.192600 -0.128300 0.729500 0.983500
0 -0.822500 -19.030600 33.580200 -0.981200 -0.174000 -0.084000 0.732400 0.985600
0 -1.705200 -15.642200 33.618500 -0.963500 -0.267500 -0.011400 0.715800 0.985600

0 -0.822500 -19.030600 33.580200 -0.981200 -0.174000 -0.084000 0.732400 0.985600
0 -0.882300 -18.389099 33.107498 -0.972900 -0.192600 -0.128300 0.729500 0.983500
0 -0.788500 -19.010000 32.023602 -0.982300 -0.186500 -0.014700 0.731900 0.978800

0 -0.788500 -19.010000 32.023602 -0.982300 -0.186500 -0.014700 0.731900 0.978800
0 -0.655400 -19.699900 32.244999 -0.980600 -0.195000 -0.018000 0.735400 0.979800
0 -0.822500 -19.030600 33.580200 -0.981200 -0.174000 -0.084000 0.732400 0.985600

0 -0.545200 -20.142900 30.441401 -0.970400 -0.241300 0.009500 0.737300 0.972100
0 -0.655400 -19.699900 32.244999 -0.980600 -0.195000 -0.018000 0.735400 0.979800
0 -0.788500 -19.010000 32.023602 -0.982300 -0.186500 -0.014700 0.731900 0.978800

0 -0.788500 -19.010000 32.023602 -0.982300 -0.186500 -0.014700 0.731900 0.978800
0 -0.699200 -19.551800 30.261200 -0.968600 -0.248500 0.012600 0.734900 0.971300
0 -0.545200 -20.142900 30.441401 -0.970400 -0.241300 0.009500 0.737300 0.972100

0 -0.505400 -20.302900 27.683901 -0.967700 -0.252000 0.000700 0.738300 0.960300
0 -0.545200 -20.142900 30.441401 -0.970400 -0.241300 0.009500 0.737300 0.972100
0 -0.699200 -19.551800 30.261200 -0.968600 -0.248500 0.012600 0.734900 0.971300

0 -0.699200 -19.551800 30.261200 -0.968600 -0.248500 0.012600 0.734900 0.971300
0 -0.648500 -19.753500 27.679600 -0.967700 -0.252100 0.000700 0.735800 0.960300
0 -0.505400 -20.302900 27.683901 -0.967700 -0.252000 0.000700 0.738300 0.960300

0 11.013200 -18.247200 27.156099 -0.067600 0.839200 -0.539700 0.283000 0.468800
0 11.013200 -18.844101 26.925699 -0.051600 0.359600 -0.931700 0.291300 0.469700
0 9.102400 -18.779499 27.168501 -0.178000 0.414700 -0.892400 0.283900 0.491200

0 15.706500 -18.903900 27.955900 0.000000 -0.364800 0.931100 0.271700 0.416000
0 15.706500 -18.282801 27.789400 0.000000 0.776000 0.630700 0.277300 0.415500
0 11.013200 -18.282801 27.789400 -0.071100 0.773800 0.629400 0.277300 0.468300

0 11.013200 -18.247200 27.156099 -0.067600 0.839200 -0.539700 0.283000 0.468800
0 11.013200 -18.282801 27.789400 -0.071100 0.773800 0.629400 0.277300 0.468300
0 15.706500 -18.282801 27.789400 0.000000 0.776000 0.630700 0.277300 0.415500

0 15.706500 -18.282801 27.789400 0.000000 0.776000 0.630700 0.277300 0.415500
0 15.706500 -18.247200 27.156099 0.000000 0.840200 -0.542300 0.283000 0.416000
0 11.013200 -18.247200 27.156099 -0.067600 0.839200 -0.539700 0.283000 0.468800

0 11.013200 -18.844101 26.925699 -0.051600 0.359600 -0.931700 0.291300 0.469700
0 11.013200 -18.247200 27.156099 -0.067600 0.839200 -0.539700 0.283000 0.468800
0 15.706500 -18.247200 27.156099 0.000000 0.840200 -0.542300 0.283000 0.416000

0 15.706500 -18.247200 27.156099 0.000000 0.840200 -0.542300 0.283000 0.416000
0 15.706500 -18.844101 26.925699 0.000000 0.360100 -0.932900 0.292200 0.416500
0 11.013200 -18.844101 26.925699 -0.051600 0.359600 -0.931700 0.291300 0.469700

0 11.013200 -19.241899 27.419100 -0.074200 -0.995600 -0.057500 0.266100 0.469200
0 11.013200 -18.903900 27.955900 -0.074400 -0.364800 0.928100 0.271700 0.468800
0 9.102400 -18.792400 27.675100 -0.203000 -0.363900 0.909100 0.274700 0.490200

0 9.102400 -18.510900 27.612900 -0.211900 0.732600 0.646800 0.277300 0.489700
0 9.102400 -18.792400 27.675100 -0.203000 -0.363900 0.909100 0.274700 0.490200
0 11.013200 -18.903900 27.955900 -0.074400 -0.364800 0.928100 0.271700 0.468800

0 11.013200 -18.903900 27.955900 -0.074400 -0.364800 0.928100 0.271700 0.468800
0 11.013200 -18.282801 27.789400 -0.071100 0.773800 0.629400 0.277300 0.468300
0 9.102400 -18.510900 27.612900 -0.211900 0.732600 0.646800 0.277300 0.489700

0 9.102400 -18.481400 27.309999 -0.215100 0.848700 -0.483200 0.280000 0.490200
0 9.102400 -18.510900 27.612900 -0.211900 0.732600 0.646800 0.277300 0.489700
0 11.013200 -18.282801 27.789400 -0.071100 0.773800 0.629400 0.277300 0.468300

0 11.013200 -18.282801 27.789400 -0.071100 0.773800 0.629400 0.277300 0.468300
0 11.013200 -18.247200 27.156099 -0.067600 0.839200 -0.539700 0.283000 0.468800
0 9.102400 -18.481400 27.309999 -0.215100 0.848700 -0.483200 0.280000 0.490200

0 9.102400 -18.779499 27.168501 -0.178000 0.414700 -0.892400 0.283900 0.491200
0 9.102400 -18.481400 27.309999 -0.215100 0.848700 -0.483200 0.280000 0.490200
0 11.013200 -18.247200 27.156099 -0.067600 0.839200 -0.539700 0.283000 0.468800

0 9.102400 -18.481400 27.309999 -0.215100 0.848700 -0.483200 0.280000 0.490200
0 9.102400 -18.779499 27.168501 -0.178000 0.414700 -0.892400 0.283900 0.491200
0 8.220900 -18.706499 27.451401 -0.999800 -0.004100 0.018200 0.277300 0.500000

0 9.102400 -18.510900 27.612900 -0.211900 0.732600 0.646800 0.277300 0.489700
0 9.102400 -18.481400 27.309999 -0.215100 0.848700 -0.483200 0.280000 0.490200
0 8.220900 -18.706499 27.451401 -0.999800 -0.004100 0.018200 0.277300 0.500000

0 9.102400 -18.792400 27.675100 -0.203000 -0.363900 0.909100 0.274700 0.490200
0 9.102400 -18.510900 27.612900 -0.211900 0.732600 0.646800 0.277300 0.489700
0 8.220900 -18.706499 27.451401 -0.999800 -0.004100 0.018200 0.277300 0.500000

0 9.102400 -18.953600 27.436899 -0.197300 -0.980300 0.003200 0.272000 0.490700
0 9.102400 -18.792400 27.675100 -0.203000 -0.363900 0.909100 0.274700 0.490200
0 8.220900 -18.706499 27.451401 -0.999800 -0.004100 0.018200 0.277300 0.500000

0 9.102400 -18.792400 27.675100 -0.203000 -0.363900 0.909100 0.274700 0.490200
0 9.102400 -18.953600 27.436899 -0.197300 -0.980300 0.003200 0.272000 0.490700
0 11.013200 -19.241899 27.419100 -0.074200 -0.995600 -0.057500 0.266100 0.469200

0 11.013200 -18.844101 26.925699 -0.058500 -0.780500 -0.622400 0.260500 0.470200
0 11.013200 -19.241899 27.419100 -0.074200 -0.995600 -0.057500 0.266100 0.469200
0 9.102400 -18.953600 27.436899 -0.197300 -0.980300 0.003200 0.272000 0.490700

0 11.013200 -19.241899 27.419100 -0.074200 -0.995600 -0.057500 0.266100 0.469200
0 11.013200 -18.844101 26.925699 -0.058500 -0.780500 -0.622400 0.260500 0.470200
0 15.706500 -18.844101 26.925699 0.000000 -0.778500 -0.627700 0.260000 0.416500

0 15.706500 -18.844101 26.925699 0.000000 -0.778500 -0.627700 0.260000 0.416500
0 15.706500 -19.241899 27.419100 0.000000 -0.998300 -0.058300 0.265900 0.416500
0 11.013200 -19.241899 27.419100 -0.074200 -0.995600 -0.057500 0.266100 0.469200

0 11.013200 -18.903900 27.955900 -0.074400 -0.364800 0.928100 0.271700 0.468800
0 11.013200 -19.241899 27.419100 -0.074200 -0.995600 -0.057500 0.266100 0.469200
0 15.706500 -19.241899 27.419100 0.000000 -0.998300 -0.058300 0.265900 0.416500

0 15.706500 -19.241899 27.419100 0.000000 -0.998300 -0.058300 0.265900 0.416500
0 15.706500 -18.903900 27.955900 0.000000 -0.364800 0.931100 0.271700 0.416000
0 11.013200 -18.903900 27.955900 -0.074400 -0.364800 0.928100 0.271700 0.468800

0 11.013200 -18.282801 27.789400 -0.071100 0.773800 0.629400 0.277300 0.468300
0 11.013200 -18.903900 27.955900 -0.074400 -0.364800 0.928100 0.271700 0.468800
0 15.706500 -18.903900 27.955900 0.000000 -0.364800 0.931100 0.271700 0.416000

0 9.102400 -18.953600 27.436899 -0.197300 -0.980300 0.003200 0.272000 0.490700
0 9.102400 -18.779499 27.168501 -0.160500 -0.828100 -0.537100 0.269300 0.492200
0 11.013200 -18.844101 26.925699 -0.058500 -0.780500 -0.622400 0.260500 0.470200

0 9.102400 -18.779499 27.168501 -0.160500 -0.828100 -0.537100 0.269300 0.492200
0 9.102400 -18.953600 27.436899 -0.197300 -0.980300 0.003200 0.272000 0.490700
0 8.220900 -18.706499 27.451401 -0.999800 -0.004100 0.018200 0.277300 0.500000

0 -36.475498 13.413100 26.848101 0.661100 -0.015400 0.750200 0.254400 0.388700
0 -36.475300 -13.388100 26.847799 0.661000 0.015400 0.750200 0.254400 0.480500
0 -33.632500 -16.509501 24.406799 0.435200 0.528600 0.728800 0.238500 0.489700

0 -36.475300 -13.388100 26.847799 0.661000 0.015400 0.750200 0.254400 0.480500
0 -36.216999 -16.521200 26.854200 0.660800 0.273200 0.699100 0.251500 0.492700
0 -33.632500 -16.509501 24.406799 0.435200 0.528600 0.728800 0.238500 0.489700

0 -36.216999 -16.521200 26.854200 0.660800 0.273200 0.699100 0.251500 0.492700
0 -34.570499 -18.114700 26.881399 0.344900 0.722400 0.599300 0.245700 0.499500
0 -33.632500 -16.509501 24.406799 0.435200 0.528600 0.728800 0.238500 0.489700

0 -34.570499 -18.114700 26.881399 0.344900 0.722400 0.599300 0.245700 0.499500
0 -29.028500 -18.822599 26.944700 0.056700 0.798900 0.598800 0.226700 0.505600
0 -33.632500 -16.509501 24.406799 0.435200 0.528600 0.728800 0.238500 0.489700

0 0.003200 -18.758301 24.578699 -0.004400 0.999100 0.041800 0.128800 0.498000
0 -33.632500 -16.509501 24.406799 0.435200 0.528600 0.728800 0.238500 0.489700
0 -29.028500 -18.822599 26.944700 0.056700 0.798900 0.598800 0.226700 0.505600

0 -29.028500 -18.822599 26.944700 0.056700 0.798900 0.598800 0.226700 0.505600
0 -8.665900 -18.758301 27.058300 -0.002800 0.999900 -0.009800 0.157700 0.506100
0 0.003200 -18.758301 24.578699 -0.004400 0.999100 0.041800 0.128800 0.498000

0 -8.665900 -18.758301 27.058300 -0.002800 0.999900 -0.009800 0.157700 0.506100
0 -5.447100 -18.758499 27.059000 0.000100 1.000000 0.000200 0.147100 0.506100
0 0.003200 -18.758301 24.578699 -0.004400 0.999100 0.041800 0.128800 0.498000

0 -5.447100 -18.758499 27.059000 0.000100 1.000000 0.000200 0.147100 0.506100
0 5.453500 -18.758499 27.059099 -0.000000 1.000000 0.000100 0.110500 0.506100
0 0.003200 -18.758301 24.578699 -0.004400 0.999100 0.041800 0.128800 0.498000

0 5.453500 -18.758499 27.059099 -0.000000 1.000000 0.000100 0.110500 0.506100
0 8.672300 -18.758400 27.058500 -0.055700 0.972700 0.225200 0.099700 0.506100
0 0.003200 -18.758301 24.578699 -0.004400 0.999100 0.041800 0.128800 0.498000

0 33.640999 -16.509701 24.407101 -0.429000 0.531500 0.730400 0.018900 0.490200
0 0.003200 -18.758301 24.578699 -0.004400 0.999100 0.041800 0.128800 0.498000
0 8.672300 -18.758400 27.058500 -0.055700 0.972700 0.225200 0.099700 0.506100

0 8.672300 -18.758400 27.058500 -0.055700 0.972700 0.225200 0.099700 0.506100
0 29.036600 -18.823099 26.945200 -0.012700 0.750400 0.660900 0.030900 0.505600
0 33.640999 -16.509701 24.407101 -0.429000 0.531500 0.730400 0.018900 0.490200

0 29.036600 -18.823099 26.945200 -0.012700 0.750400 0.660900 0.030900 0.505600
0 34.579102 -18.115101 26.881599 -0.344900 0.722300 0.599400 0.011800 0.500000
0 33.640999 -16.509701 24.407101 -0.429000 0.531500 0.730400 0.018900 0.490200

0 34.579102 -18.115101 26.881599 -0.344900 0.722300 0.599400 0.011800 0.500000
0 36.225800 -16.521299 26.854401 -0.659600 0.278900 0.698000 0.005900 0.493200
0 33.640999 -16.509701 24.407101 -0.429000 0.531500 0.730400 0.018900 0.490200

0 36.225800 -16.521299 26.854401 -0.659600 0.278900 0.698000 0.005900 0.493200
0 36.569599 -13.536400 26.883699 -0.606600 -0.062600 0.792500 0.002900 0.481900
0 33.640999 -16.509701 24.407101 -0.429000 0.531500 0.730400 0.018900 0.490200

0 36.569599 -13.536400 26.883699 -0.606600 -0.062600 0.792500 0.002900 0.481900
0 36.398499 -13.239600 26.812201 -0.620700 -0.046900 0.782700 0.003100 0.480000
0 33.640999 -16.509701 24.407101 -0.429000 0.531500 0.730400 0.018900 0.490200

0 33.670399 16.581400 24.419701 -0.415300 -0.547400 0.726500 0.018600 0.379400
0 33.640999 -16.509701 24.407101 -0.429000 0.531500 0.730400 0.018900 0.490200
0 36.398499 -13.239600 26.812201 -0.620700 -0.046900 0.782700 0.003100 0.480000

0 36.398499 -13.239600 26.812201 -0.620700 -0.046900 0.782700 0.003100 0.480000
0 37.059200 13.083200 26.815599 -0.597500 -0.029900 0.801300 0.001500 0.389600
0 33.670399 16.581400 24.419701 -0.415300 -0.547400 0.726500 0.018600 0.379400

0 37.059200 13.083200 26.815599 -0.597500 -0.029900 0.801300 0.001500 0.389600
0 36.226101 16.542500 26.854401 -0.652600 -0.334800 0.679700 0.005600 0.376500
0 33.670399 16.581400 24.419701 -0.415300 -0.547400 0.726500 0.018600 0.379400

0 36.226101 16.542500 26.854401 -0.652600 -0.334800 0.679700 0.005600 0.376500
0 34.580200 18.137100 26.882200 -0.348300 -0.729000 0.589200 0.011700 0.369600
0 33.670399 16.581400 24.419701 -0.415300 -0.547400 0.726500 0.018600 0.379400

0 34.580200 18.137100 26.882200 -0.348300 -0.729000 0.589200 0.011700 0.369600
0 29.038099 18.844700 26.946600 -0.056200 -0.804300 0.591500 0.030800 0.363800
0 33.670399 16.581400 24.419701 -0.415300 -0.547400 0.726500 0.018600 0.379400

0 0.003200 18.775801 24.580200 0.004400 -0.999100 0.041200 0.128700 0.371600
0 33.670399 16.581400 24.419701 -0.415300 -0.547400 0.726500 0.018600 0.379400
0 29.038099 18.844700 26.946600 -0.056200 -0.804300 0.591500 0.030800 0.363800

0 29.038099 18.844700 26.946600 -0.056200 -0.804300 0.591500 0.030800 0.363800
0 8.672500 18.775700 27.059999 0.003000 -0.999900 -0.010600 0.099700 0.363300
0 0.003200 18.775801 24.580200 0.004400 -0.999100 0.041200 0.128700 0.371600

0 8.672500 18.775700 27.059999 0.003000 -0.999900 -0.010600 0.099700 0.363300
0 5.453500 18.775801 27.060600 -0.000000 -1.000000 0.000100 0.110400 0.363300
0 0.003200 18.775801 24.580200 0.004400 -0.999100 0.041200 0.128700 0.371600

0 5.453500 18.775801 27.060600 -0.000000 -1.000000 0.000100 0.110400 0.363300
0 -5.447200 18.775801 27.060499 0.000100 -1.000000 0.000100 0.147000 0.363300
0 0.003200 18.775801 24.580200 0.004400 -0.999100 0.041200 0.128700 0.371600

0 -5.447200 18.775801 27.060499 0.000100 -1.000000 0.000100 0.147000 0.363300
0 -8.666100 18.775600 27.059799 0.055600 -0.972900 0.224700 0.157700 0.363300
0 0.003200 18.775801 24.580200 0.004400 -0.999100 0.041200 0.128700 0.371600

0 -33.633301 16.532400 24.407400 0.429500 -0.532000 0.729700 0.238500 0.379400
0 0.003200 18.775801 24.580200 0.004400 -0.999100 0.041200 0.128700 0.371600
0 -8.666100 18.775600 27.059799 0.055600 -0.972900 0.224700 0.157700 0.363300

0 -8.666100 18.775600 27.059799 0.055600 -0.972900 0.224700 0.157700 0.363300
0 -29.030100 18.844200 26.946100 0.012600 -0.750600 0.660700 0.226600 0.363800
0 -33.633301 16.532400 24.407400 0.429500 -0.532000 0.729700 0.238500 0.379400

0 -29.030100 18.844200 26.946100 0.012600 -0.750600 0.660700 0.226600 0.363800
0 -34.571602 18.136600 26.882000 0.345000 -0.722500 0.599200 0.245600 0.369600
0 -33.633301 16.532400 24.407400 0.429500 -0.532000 0.729700 0.238500 0.379400

0 -34.571602 18.136600 26.882000 0.345000 -0.722500 0.599200 0.245600 0.369600
0 -36.217300 16.542299 26.854200 0.660900 -0.273100 0.699000 0.251500 0.377000
0 -33.633301 16.532400 24.407400 0.429500 -0.532000 0.729700 0.238500 0.379400

0 -36.217300 16.542299 26.854200 0.660900 -0.273100 0.699000 0.251500 0.377000
0 -36.475498 13.413100 26.848101 0.661100 -0.015400 0.750200 0.254400 0.388700
0 -33.633301 16.532400 24.407400 0.429500 -0.532000 0.729700 0.238500 0.379400

0 -33.632500 -16.509501 24.406799 0.435200 0.528600 0.728800 0.238500 0.489700
0 -33.633301 16.532400 24.407400 0.429500 -0.532000 0.729700 0.238500 0.379400
0 -36.475498 13.413100 26.848101 0.661100 -0.015400 0.750200 0.254400 0.388700

0 -3.786900 -20.550800 27.679600 0.001900 -0.007300 -1.000000 0.131000 0.975800
0 -3.643700 -21.100300 27.683901 0.001900 -0.007300 -1.000000 0.130600 0.975700
0 -21.158501 -25.550301 27.683901 0.001900 -0.007300 -1.000000 0.041800 0.976000

0 -4.843700 -16.438999 33.174599 0.002800 -0.011000 0.999900 0.710900 0.578400
0 -1.705200 -15.642200 33.174599 0.003000 -0.011400 0.999900 0.710900 0.563700
0 -5.566800 -0.819200 33.174599 0.000000 0.000000 1.000000 0.769000 0.563700

0 -5.566800 -0.819200 33.174599 0.000000 0.000000 1.000000 0.769000 0.563700
0 -8.705200 -1.616600 33.174599 0.000000 0.000000 1.000000 0.769000 0.578400
0 -4.843700 -16.438999 33.174599 0.002800 -0.011000 0.999900 0.710900 0.578400

0 -8.705200 -1.616600 33.174599 0.000000 0.000000 1.000000 0.769000 0.578400
0 -5.566800 -0.819200 33.174599 0.000000 0.000000 1.000000 0.769000 0.563700
0 -9.428400 14.003400 33.174599 -0.002800 0.011400 0.999900 0.827100 0.563700

0 -9.428400 14.003400 33.174599 -0.002800 0.011400 0.999900 0.827100 0.563700
0 -12.566600 13.205400 33.174599 -0.002800 0.011100 0.999900 0.827100 0.578400
0 -8.705200 -1.616600 33.174599 0.000000 0.000000 1.000000 0.769000 0.578400

0 -13.128500 16.018101 33.108200 -0.126800 0.498900 0.857300 0.837900 0.578400
0 -12.566600 13.205400 33.174599 -0.002800 0.011100 0.999900 0.827100 0.578400
0 -9.428400 14.003400 33.174599 -0.002800 0.011400 0.999900 0.827100 0.563700

0 -9.428400 14.003400 33.174599 -0.002800 0.011400 0.999900 0.827100 0.563700
0 -10.050000 16.801300 33.107498 -0.124700 0.490800 0.862300 0.837900 0.563700
0 -13.128500 16.018101 33.108200 -0.126800 0.498900 0.857300 0.837900 0.578400

0 -13.128500 16.018101 33.108200 -0.126800 0.498900 0.857300 0.837900 0.578400
0 -10.050000 16.801300 33.107498 -0.124700 0.490800 0.862300 0.837900 0.563700
0 -10.271300 17.389900 32.023602 -0.225400 0.886900 0.403200 0.842800 0.563700

0 -10.271300 17.389900 32.023602 -0.225400 0.886900 0.403200 0.842800 0.563700
0 -13.384300 16.599501 32.022301 -0.226100 0.889800 0.396300 0.842800 0.578400
0 -13.128500 16.018101 33.108200 -0.126800 0.498900 0.857300 0.837900 0.578400

0 -13.384300 16.599501 32.022301 -0.226100 0.889800 0.396300 0.842800 0.578400
0 -10.271300 17.389900 32.023602 -0.225400 0.886900 0.403200 0.842800 0.563700
0 -10.457900 17.907000 30.261200 -0.241700 0.951500 0.190500 0.850600 0.563700

0 -10.457900 17.907000 30.261200 -0.241700 0.951500 0.190500 0.850600 0.563700
0 -13.596200 17.109501 30.261499 -0.241900 0.951900 0.188000 0.851100 0.578400
0 -13.384300 16.599501 32.022301 -0.226100 0.889800 0.396300 0.842800 0.578400

0 -13.650300 17.310400 27.679600 -0.245900 0.967900 -0.052700 0.862300 0.578400
0 -13.596200 17.109501 30.261499 -0.241900 0.951900 0.188000 0.851100 0.578400
0 -10.457900 17.907000 30.261200 -0.241700 0.951500 0.190500 0.850600 0.563700

0 -10.457900 17.907000 30.261200 -0.241700 0.951500 0.190500 0.850600 0.563700
0 -10.512000 18.107700 27.679600 -0.245800 0.967500 -0.059700 0.862300 0.563700
0 -13.650300 17.310400 27.679600 -0.245900 0.967900 -0.052700 0.862300 0.578400

0 -13.560100 17.207300 27.059799 -0.241600 0.950900 -0.193300 0.864700 0.578400
0 -13.650300 17.310400 27.679600 -0.245900 0.967900 -0.052700 0.862300 0.578400
0 -10.512000 18.107700 27.679600 -0.245800 0.967500 -0.059700 0.862300 0.563700

0 -10.512000 18.107700 27.679600 -0.245800 0.967500 -0.059700 0.862300 0.563700
0 -10.442700 17.999500 27.060499 -0.241600 0.950900 -0.193200 0.864300 0.563700
0 -13.560100 17.207300 27.059799 -0.241600 0.950900 -0.193300 0.864700 0.578400

0 -3.762400 -20.400700 27.058300 0.240200 -0.945700 -0.219000 0.672900 0.578400
0 -0.645000 -19.608900 27.059000 0.240200 -0.945700 -0.219000 0.672900 0.563700
0 -0.648500 -19.753500 27.679600 0.245600 -0.966600 -0.073000 0.676300 0.563700

0 -0.648500 -19.753500 27.679600 0.245600 -0.966600 -0.073000 0.676300 0.563700
0 -3.786900 -20.550800 27.679600 0.245700 -0.967100 -0.065400 0.676300 0.578400
0 -3.762400 -20.400700 27.058300 0.240200 -0.945700 -0.219000 0.672900 0.578400

0 -3.786900 -20.550800 27.679600 0.245700 -0.967100 -0.065400 0.676300 0.578400
0 -0.648500 -19.753500 27.679600 0.245600 -0.966600 -0.073000 0.676300 0.563700
0 -0.699200 -19.551800 30.261200 0.241700 -0.951500 0.190400 0.687500 0.563700

0 -0.699200 -19.551800 30.261200 0.241700 -0.951500 0.190400 0.687500 0.563700
0 -3.837600 -20.349100 30.261499 0.241800 -0.951900 0.188100 0.687500 0.578400
0 -3.786900 -20.550800 27.679600 0.245700 -0.967100 -0.065400 0.676300 0.578400

0 -3.901300 -19.801399 32.022301 0.226000 -0.889700 0.396700 0.695300 0.578400
0 -3.837600 -20.349100 30.261499 0.241800 -0.951900 0.188100 0.687500 0.578400
0 -0.699200 -19.551800 30.261200 0.241700 -0.951500 0.190400 0.687500 0.563700

0 -0.699200 -19.551800 30.261200 0.241700 -0.951500 0.190400 0.687500 0.563700
0 -0.788500 -19.010000 32.023602 0.225300 -0.887100 0.402900 0.695300 0.563700
0 -3.901300 -19.801399 32.022301 0.226000 -0.889700 0.396700 0.695300 0.578400

0 -3.961300 -19.170200 33.108200 0.126100 -0.496300 0.858900 0.700200 0.578400
0 -3.901300 -19.801399 32.022301 0.226000 -0.889700 0.396700 0.695300 0.578400
0 -0.788500 -19.010000 32.023602 0.225300 -0.887100 0.402900 0.695300 0.563700

0 -0.788500 -19.010000 32.023602 0.225300 -0.887100 0.402900 0.695300 0.563700
0 -0.882300 -18.389099 33.107498 0.125400 -0.493600 0.860600 0.700200 0.563700
0 -3.961300 -19.170200 33.108200 0.126100 -0.496300 0.858900 0.700200 0.578400

0 -3.961300 -19.170200 33.108200 0.126100 -0.496300 0.858900 0.700200 0.578400
0 -0.882300 -18.389099 33.107498 0.125400 -0.493600 0.860600 0.700200 0.563700
0 -1.705200 -15.642200 33.174599 0.003000 -0.011400 0.999900 0.710900 0.563700

0 -1.705200 -15.642200 33.174599 0.003000 -0.011400 0.999900 0.710900 0.563700
0 -4.843700 -16.438999 33.174599 0.002800 -0.011000 0.999900 0.710900 0.578400
0 -3.961300 -19.170200 33.108200 0.126100 -0.496300 0.858900 0.700200 0.578400

0 -22.664200 -25.756201 30.546700 0.266900 -0.949200 0.166400 0.977100 0.880600
0 -3.683600 -20.940300 30.441401 0.243800 -0.957700 0.153000 0.976100 0.982200
0 -3.793800 -20.497200 32.244999 0.232400 -0.912700 0.336100 0.966800 0.982200

0 -3.683600 -20.940300 30.441401 0.243800 -0.957700 0.153000 0.976100 0.982200
0 -22.664200 -25.756201 30.546700 0.266900 -0.949200 0.166400 0.977100 0.880600
0 -21.158501 -25.550301 27.683901 0.261200 -0.962900 0.068100 0.991200 0.884000

0 -27.049999 -27.342300 27.683901 0.158400 -0.985100 0.066400 0.983900 0.847700
0 -21.158501 -25.550301 27.683901 0.261200 -0.962900 0.068100 0.991200 0.884000
0 -22.664200 -25.756201 30.546700 0.266900 -0.949200 0.166400 0.977100 0.880600

0 -21.158501 -25.550301 27.683901 0.261200 -0.962900 0.068100 0.991200 0.884000
0 -3.643700 -21.100300 27.683901 0.245800 -0.967500 0.059700 0.989700 0.982200
0 -3.683600 -20.940300 30.441401 0.243800 -0.957700 0.153000 0.976100 0.982200

0 -30.529499 -27.347601 27.683901 -0.328400 -0.939300 0.099000 0.975100 0.828700
0 -27.049999 -27.342300 27.683901 0.158400 -0.985100 0.066400 0.983900 0.847700
0 -27.408701 -27.200100 30.682600 0.120700 -0.975000 0.186600 0.971200 0.854700

0 -22.664200 -25.756201 30.546700 0.266900 -0.949200 0.166400 0.977100 0.880600
0 -27.408701 -27.200100 30.682600 0.120700 -0.975000 0.186600 0.971200 0.854700
0 -27.049999 -27.342300 27.683901 0.158400 -0.985100 0.066400 0.983900 0.847700

0 -27.408701 -27.200100 30.682600 0.120700 -0.975000 0.186600 0.971200 0.854700
0 -22.664200 -25.756201 30.546700 0.266900 -0.949200 0.166400 0.977100 0.880600
0 -23.573299 -25.556801 32.174000 0.256900 -0.901400 0.348600 0.967800 0.878500

0 -3.793800 -20.497200 32.244999 0.232400 -0.912700 0.336100 0.966800 0.982200
0 -23.573299 -25.556801 32.174000 0.256900 -0.901400 0.348600 0.967800 0.878500
0 -22.664200 -25.756201 30.546700 0.266900 -0.949200 0.166400 0.977100 0.880600

0 -23.573299 -25.556801 32.174000 0.256900 -0.901400 0.348600 0.967800 0.878500
0 -3.793800 -20.497200 32.244999 0.232400 -0.912700 0.336100 0.966800 0.982200
0 -3.948600 -19.874901 33.618500 0.132400 -0.521200 0.843100 0.959000 0.982100

0 -3.948600 -19.874901 33.618500 0.132400 -0.521200 0.843100 0.959000 0.982100
0 -24.430700 -25.078800 33.618500 0.184600 -0.508700 0.840900 0.958500 0.876800
0 -23.573299 -25.556801 32.174000 0.256900 -0.901400 0.348600 0.967800 0.878500

0 -25.343399 -21.575600 33.618500 0.009500 0.016900 0.999800 0.939000 0.874600
0 -24.430700 -25.078800 33.618500 0.184600 -0.508700 0.840900 0.958500 0.876800
0 -3.948600 -19.874901 33.618500 0.132400 -0.521200 0.843100 0.959000 0.982100

0 -27.390200 -25.764500 33.978298 0.033200 -0.539600 0.841200 0.952600 0.864900
0 -24.430700 -25.078800 33.618500 0.184600 -0.508700 0.840900 0.958500 0.876800
0 -25.343399 -21.575600 33.618500 0.009500 0.016900 0.999800 0.939000 0.874600

0 -27.390200 -25.764500 33.978298 0.033200 -0.539600 0.841200 0.952600 0.864900
0 -25.343399 -21.575600 33.618500 0.009500 0.016900 0.999800 0.939000 0.874600
0 -30.435101 -22.869301 33.618500 -0.374800 -0.010700 0.927000 0.936000 0.845800

0 -30.435101 -22.869301 33.618500 -0.374800 -0.010700 0.927000 0.936000 0.845800
0 -25.343399 -21.575600 33.618500 0.009500 0.016900 0.999800 0.939000 0.874600
0 -29.187300 -6.820600 33.618500 0.000000 0.000000 1.000000 0.869100 0.871500

0 -27.476101 -26.675501 32.436001 0.075600 -0.909300 0.409100 0.962400 0.859600
0 -23.573299 -25.556801 32.174000 0.256900 -0.901400 0.348600 0.967800 0.878500
0 -24.430700 -25.078800 33.618500 0.184600 -0.508700 0.840900 0.958500 0.876800

0 -24.430700 -25.078800 33.618500 0.184600 -0.508700 0.840900 0.958500 0.876800
0 -27.390200 -25.764500 33.978298 0.033200 -0.539600 0.841200 0.952600 0.864900
0 -27.476101 -26.675501 32.436001 0.075600 -0.909300 0.409100 0.962400 0.859600

0 -27.476101 -26.675501 32.436001 0.075600 -0.909300 0.409100 0.962400 0.859600
0 -27.390200 -25.764500 33.978298 0.033200 -0.539600 0.841200 0.952600 0.864900
0 -29.230000 -25.333700 33.978298 -0.254400 -0.441100 0.860700 0.946300 0.855000

0 -30.209299 -24.124800 33.978600 -0.579500 -0.243700 0.777700 0.938500 0.849700
0 -29.230000 -25.333700 33.978298 -0.254400 -0.441100 0.860700 0.946300 0.855000
0 -27.390200 -25.764500 33.978298 0.033200 -0.539600 0.841200 0.952600 0.864900

0 -29.874800 -26.487400 32.357800 -0.316100 -0.799300 0.511200 0.956100 0.846400
0 -29.230000 -25.333700 33.978298 -0.254400 -0.441100 0.860700 0.946300 0.855000
0 -30.209299 -24.124800 33.978600 -0.579500 -0.243700 0.777700 0.938500 0.849700

0 -30.209299 -24.124800 33.978600 -0.579500 -0.243700 0.777700 0.938500 0.849700
0 -32.109001 -24.846500 32.245899 -0.673100 -0.400500 0.621700 0.943400 0.834100
0 -29.874800 -26.487400 32.357800 -0.316100 -0.799300 0.511200 0.956100 0.846400

0 -32.109001 -24.846500 32.245899 -0.673100 -0.400500 0.621700 0.943400 0.834100
0 -30.209299 -24.124800 33.978600 -0.579500 -0.243700 0.777700 0.938500 0.849700
0 -30.435101 -22.869301 33.618500 -0.374800 -0.010700 0.927000 0.936000 0.845800

0 -30.435101 -22.869301 33.618500 -0.374800 -0.010700 0.927000 0.936000 0.845800
0 -32.631302 -23.051201 31.965000 -0.738400 -0.162300 0.654500 0.935500 0.830800
0 -32.109001 -24.846500 32.245899 -0.673100 -0.400500 0.621700 0.943400 0.834100

0 -32.631302 -23.051201 31.965000 -0.738400 -0.162300 0.654500 0.935500 0.830800
0 -30.435101 -22.869301 33.618500 -0.374800 -0.010700 0.927000 0.936000 0.845800
0 -34.278999 -8.114200 33.618500 -0.300300 -0.078200 0.950600 0.869100 0.844100

0 -29.230000 -25.333700 33.978298 -0.254400 -0.441100 0.860700 0.946300 0.855000
0 -29.874800 -26.487400 32.357800 -0.316100 -0.799300 0.511200 0.956100 0.846400
0 -27.476101 -26.675501 32.436001 0.075600 -0.909300 0.409100 0.962400 0.859600

0 -40.135399 5.753100 31.965000 -0.723800 -0.218700 0.654400 0.803200 0.830200
0 -36.498299 -8.678300 31.954599 -0.723000 -0.188400 0.664700 0.869600 0.831900
0 -34.278999 -8.114200 33.618500 -0.300300 -0.078200 0.950600 0.869100 0.844100

0 -34.278999 -8.114200 33.618500 -0.300300 -0.078200 0.950600 0.869100 0.844100
0 -36.498299 -8.678300 31.954599 -0.723000 -0.188400 0.664700 0.869600 0.831900
0 -32.631302 -23.051201 31.965000 -0.738400 -0.162300 0.654500 0.935500 0.830800

0 -33.560600 -22.898701 30.480000 -0.919000 -0.245700 0.308300 0.936000 0.821500
0 -32.631302 -23.051201 31.965000 -0.738400 -0.162300 0.654500 0.935500 0.830800
0 -36.498299 -8.678300 31.954599 -0.723000 -0.188400 0.664700 0.869600 0.831900

0 -32.631302 -23.051201 31.965000 -0.738400 -0.162300 0.654500 0.935500 0.830800
0 -33.560600 -22.898701 30.480000 -0.919000 -0.245700 0.308300 0.936000 0.821500
0 -32.888100 -25.170700 30.681999 -0.793500 -0.528700 0.301200 0.948700 0.825200

0 -32.888100 -25.170700 30.681999 -0.793500 -0.528700 0.301200 0.948700 0.825200
0 -32.109001 -24.846500 32.245899 -0.673100 -0.400500 0.621700 0.943400 0.834100
0 -32.631302 -23.051201 31.965000 -0.738400 -0.162300 0.654500 0.935500 0.830800

0 -32.109001 -24.846500 32.245899 -0.673100 -0.400500 0.621700 0.943400 0.834100
0 -32.888100 -25.170700 30.681999 -0.793500 -0.528700 0.301200 0.948700 0.825200
0 -30.253599 -27.090700 30.682301 -0.321200 -0.914500 0.246100 0.963900 0.839200

0 -30.253599 -27.090700 30.682301 -0.321200 -0.914500 0.246100 0.963900 0.839200
0 -29.874800 -26.487400 32.357800 -0.316100 -0.799300 0.511200 0.956100 0.846400
0 -32.109001 -24.846500 32.245899 -0.673100 -0.400500 0.621700 0.943400 0.834100

0 -29.874800 -26.487400 32.357800 -0.316100 -0.799300 0.511200 0.956100 0.846400
0 -30.253599 -27.090700 30.682301 -0.321200 -0.914500 0.246100 0.963900 0.839200
0 -27.408701 -27.200100 30.682600 0.120700 -0.975000 0.186600 0.971200 0.854700

0 -27.408701 -27.200100 30.682600 0.120700 -0.975000 0.186600 0.971200 0.854700
0 -27.476101 -26.675501 32.436001 0.075600 -0.909300 0.409100 0.962400 0.859600
0 -29.874800 -26.487400 32.357800 -0.316100 -0.799300 0.511200 0.956100 0.846400

0 -23.573299 -25.556801 32.174000 0.256900 -0.901400 0.348600 0.967800 0.878500
0 -27.476101 -26.675501 32.436001 0.075600 -0.909300 0.409100 0.962400 0.859600
0 -27.408701 -27.200100 30.682600 0.120700 -0.975000 0.186600 0.971200 0.854700

0 -27.408701 -27.200100 30.682600 0.120700 -0.975000 0.186600 0.971200 0.854700
0 -30.253599 -27.090700 30.682301 -0.321200 -0.914500 0.246100 0.963900 0.839200
0 -30.529499 -27.347601 27.683901 -0.328400 -0.939300 0.099000 0.975100 0.828700

0 -30.529499 -27.347601 27.683901 -0.328400 -0.939300 0.099000 0.975100 0.828700
0 -30.253599 -27.090700 30.682301 -0.321200 -0.914500 0.246100 0.963900 0.839200
0 -32.888100 -25.170700 30.681999 -0.793500 -0.528700 0.301200 0.948700 0.825200

0 -32.888100 -25.170700 30.681999 -0.793500 -0.528700 0.301200 0.948700 0.825200
0 -33.196602 -25.377701 27.683901 -0.817400 -0.563300 0.120800 0.960000 0.814600
0 -30.529499 -27.347601 27.683901 -0.328400 -0.939300 0.099000 0.975100 0.828700

0 -33.196602 -25.377701 27.683901 -0.817400 -0.563300 0.120800 0.960000 0.814600
0 -32.888100 -25.170700 30.681999 -0.793500 -0.528700 0.301200 0.948700 0.825200
0 -33.560600 -22.898701 30.480000 -0.919000 -0.245700 0.308300 0.936000 0.821500

0 -33.560600 -22.898701 30.480000 -0.919000 -0.245700 0.308300 0.936000 0.821500
0 -34.063301 -22.233999 27.683901 -0.959600 -0.259800 0.108400 0.938000 0.808700
0 -33.196602 -25.377701 27.683901 -0.817400 -0.563300 0.120800 0.960000 0.814600

0 -34.063301 -22.233999 27.683901 -0.959600 -0.259800 0.108400 0.938000 0.808700
0 -33.560600 -22.898701 30.480000 -0.919000 -0.245700 0.308300 0.936000 0.821500
0 -37.322102 -8.887900 30.443600 -0.925600 -0.241100 0.291700 0.869600 0.823000

0 -37.322102 -8.887900 30.443600 -0.925600 -0.241100 0.291700 0.869600 0.823000
0 -37.526501 -8.940400 27.683901 -0.964900 -0.251400 0.076200 0.870100 0.809200
0 -34.063301 -22.233999 27.683901 -0.959600 -0.259800 0.108400 0.938000 0.808700

0 -40.990200 4.354900 27.683901 -0.964400 -0.241400 0.108400 0.800800 0.807600
0 -37.526501 -8.940400 27.683901 -0.964900 -0.251400 0.076200 0.870100 0.809200
0 -37.322102 -8.887900 30.443600 -0.925600 -0.241100 0.291700 0.869600 0.823000

0 -37.322102 -8.887900 30.443600 -0.925600 -0.241100 0.291700 0.869600 0.823000
0 -40.874699 5.176700 30.480000 -0.922100 -0.233900 0.308300 0.802700 0.820800
0 -40.990200 4.354900 27.683901 -0.964400 -0.241400 0.108400 0.800800 0.807600

0 -41.767399 7.521400 27.683901 -0.988000 0.095500 0.121300 0.776900 0.813600
0 -40.990200 4.354900 27.683901 -0.964400 -0.241400 0.108400 0.800800 0.807600
0 -40.874699 5.176700 30.480000 -0.922100 -0.233900 0.308300 0.802700 0.820800

0 -0.545200 -20.142900 30.441401 0.243300 -0.957800 0.153200 0.062600 0.575700
0 -0.505400 -20.302900 27.683901 0.245800 -0.967500 0.059700 0.062600 0.565200
0 10.128200 -17.601200 27.683901 0.245800 -0.967500 0.059700 0.106800 0.565200

0 10.128200 -17.601200 27.683901 0.245800 -0.967500 0.059700 0.106800 0.565200
0 10.085000 -17.442101 30.441401 0.243300 -0.957800 0.153100 0.106800 0.575700
0 -0.545200 -20.142900 30.441401 0.243300 -0.957800 0.153200 0.062600 0.575700

0 -0.545200 -20.142900 30.441401 0.243300 -0.957800 0.153200 0.062600 0.575700
0 10.085000 -17.442101 30.441401 0.243300 -0.957800 0.153100 0.106800 0.575700
0 9.965000 -17.001499 32.244999 0.230300 -0.906400 0.354100 0.106800 0.583000

0 9.965000 -17.001499 32.244999 0.230300 -0.906400 0.354100 0.106800 0.583000
0 -0.655400 -19.699900 32.244999 0.230300 -0.906300 0.354400 0.062600 0.583000
0 -0.545200 -20.142900 30.441401 0.243300 -0.957800 0.153200 0.062600 0.575700

0 -0.655400 -19.699900 32.244999 0.230300 -0.906300 0.354400 0.062600 0.583000
0 9.965000 -17.001499 32.244999 0.230300 -0.906400 0.354100 0.106800 0.583000
0 9.784200 -16.335800 33.580200 0.218800 -0.861100 0.459000 0.106700 0.588900

0 9.784200 -16.335800 33.580200 0.218800 -0.861100 0.459000 0.106700 0.588900
0 -0.822500 -19.030600 33.580200 0.218800 -0.861100 0.459000 0.062700 0.588900
0 -0.655400 -19.699900 32.244999 0.230300 -0.906300 0.354400 0.062600 0.583000

0 -3.606600 -8.343500 33.618500 0.246300 -0.969200 -0.000100 0.463400 0.530300
0 7.000000 -5.648700 33.618500 0.246200 -0.969200 0.000100 0.463400 0.571800
0 6.875800 -5.680200 34.096298 0.187300 -0.737100 0.649300 0.460700 0.571300

0 6.875800 -5.680200 34.096298 0.187300 -0.737100 0.649300 0.460700 0.571300
0 -3.442300 -8.301800 34.096298 0.190000 -0.747700 0.636300 0.460700 0.531000
0 -3.606600 -8.343500 33.618500 0.246300 -0.969200 -0.000100 0.463400 0.530300

0 -3.442300 -8.301800 34.096298 0.190000 -0.747700 0.636300 0.460700 0.531000
0 6.875800 -5.680200 34.096298 0.187300 -0.737100 0.649300 0.460700 0.571300
0 2.955400 9.368300 34.096298 -0.186700 0.734700 0.652200 0.400600 0.571300

0 2.955400 9.368300 34.096298 -0.186700 0.734700 0.652200 0.400600 0.571300
0 -7.362700 6.746800 34.096298 -0.190600 0.750100 0.633300 0.400600 0.531000
0 -3.442300 -8.301800 34.096298 0.190000 -0.747700 0.636300 0.460700 0.531000

0 -7.362700 6.746800 34.096298 -0.190600 0.750100 0.633300 0.400600 0.531000
0 2.955400 9.368300 34.096298 -0.186700 0.734700 0.652200 0.400600 0.571300
0 3.079600 9.399900 33.618500 -0.246200 0.969200 0.000100 0.398700 0.571800

0 3.079600 9.399900 33.618500 -0.246200 0.969200 0.000100 0.398700 0.571800
0 -7.527000 6.705000 33.618500 -0.246300 0.969200 -0.000100 0.398700 0.530300
0 -7.362700 6.746800 34.096298 -0.190600 0.750100 0.633300 0.400600 0.531000

0 -1.705200 -15.642200 33.618500 0.001300 -0.005300 1.000000 0.062700 0.602800
0 -0.822500 -19.030600 33.580200 0.002700 -0.010600 0.999900 0.062700 0.588900
0 9.784200 -16.335800 33.580200 0.002700 -0.010600 0.999900 0.106700 0.588900

0 9.784200 -16.335800 33.580200 0.002700 -0.010600 0.999900 0.106700 0.588900
0 8.901500 -12.947400 33.618500 0.001400 -0.005300 1.000000 0.106700 0.602800
0 -1.705200 -15.642200 33.618500 0.001300 -0.005300 1.000000 0.062700 0.602800

0 -1.705200 -15.642200 33.618500 0.001300 -0.005300 1.000000 0.062700 0.602800
0 8.901500 -12.947400 33.618500 0.001400 -0.005300 1.000000 0.106700 0.602800
0 7.000000 -5.648700 33.618500 0.000000 0.000000 1.000000 0.106700 0.643100

0 7.000000 -5.648700 33.618500 0.000000 0.000000 1.000000 0.106700 0.643100
0 -3.606600 -8.343500 33.618500 0.000000 0.000000 1.000000 0.062700 0.643100
0 -1.705200 -15.642200 33.618500 0.001300 -0.005300 1.000000 0.062700 0.602800

0 -7.527000 6.705000 33.618500 0.000000 0.000000 1.000000 0.006000 0.567600
0 3.079600 9.399900 33.618500 0.000000 0.000000 1.000000 0.050000 0.567600
0 1.178300 16.698200 33.618500 -0.004200 0.016600 0.999900 0.050000 0.607900

0 1.178300 16.698200 33.618500 -0.004200 0.016600 0.999900 0.050000 0.607900
0 -9.428400 14.003400 33.618500 -0.004300 0.016700 0.999900 0.006000 0.607900
0 -7.527000 6.705000 33.618500 0.000000 0.000000 1.000000 0.006000 0.567600

0 -9.428400 14.003400 33.618500 -0.004300 0.016700 0.999900 0.006000 0.607900
0 1.178300 16.698200 33.618500 -0.004200 0.016600 0.999900 0.050000 0.607900
0 0.322600 19.982800 33.501701 -0.122200 0.481000 0.868200 0.050000 0.621800

0 0.322600 19.982800 33.501701 -0.122200 0.481000 0.868200 0.050000 0.621800
0 -10.284100 17.288000 33.501701 -0.122900 0.483600 0.866600 0.006000 0.621800
0 -9.428400 14.003400 33.618500 -0.004300 0.016700 0.999900 0.006000 0.607900

0 -10.284100 17.288000 33.501701 -0.122900 0.483600 0.866600 0.006000 0.621800
0 0.322600 19.982800 33.501701 -0.122200 0.481000 0.868200 0.050000 0.621800
0 0.128600 20.755800 32.244999 -0.226200 0.890300 0.395300 0.050100 0.627700

0 0.128600 20.755800 32.244999 -0.226200 0.890300 0.395300 0.050100 0.627700
0 -10.491900 18.057501 32.244999 -0.226200 0.890400 0.394900 0.005900 0.627700
0 -10.284100 17.288000 33.501701 -0.122900 0.483600 0.866600 0.006000 0.621800

0 -10.491900 18.057501 32.244999 -0.226200 0.890400 0.394900 0.005900 0.627700
0 0.128600 20.755800 32.244999 -0.226200 0.890300 0.395300 0.050100 0.627700
0 0.018300 21.198900 30.441401 -0.243300 0.957800 0.153200 0.050100 0.635000

0 0.018300 21.198900 30.441401 -0.243300 0.957800 0.153200 0.050100 0.635000
0 -10.611900 18.498100 30.441401 -0.243300 0.957800 0.153100 0.005900 0.635000
0 -10.491900 18.057501 32.244999 -0.226200 0.890400 0.394900 0.005900 0.627700

0 -10.655100 18.657200 27.683901 -0.245800 0.967500 0.059700 0.005900 0.645500
0 -10.611900 18.498100 30.441401 -0.243300 0.957800 0.153100 0.005900 0.635000
0 0.018300 21.198900 30.441401 -0.243300 0.957800 0.153200 0.050100 0.635000

0 0.018300 21.198900 30.441401 -0.243300 0.957800 0.153200 0.050100 0.635000
0 -0.021500 21.358900 27.683901 -0.245800 0.967500 0.059700 0.050100 0.645500
0 -10.655100 18.657200 27.683901 -0.245800 0.967500 0.059700 0.005900 0.645500

0 3.260000 21.606800 27.679600 -0.001900 0.007300 -1.000000 0.131500 0.993300
0 3.116800 22.156200 27.683901 -0.001900 0.007300 -1.000000 0.130600 0.994700
0 20.631599 26.606199 27.683901 -0.001900 0.007300 -1.000000 0.048100 0.994700

0 10.128200 -17.601200 27.683901 0.967700 0.252100 0.000700 0.720700 0.975400
0 9.985100 -17.051800 27.679600 0.967700 0.252100 0.000700 0.718300 0.975400
0 9.931000 -16.851000 30.261200 0.966700 0.255700 0.012600 0.717300 0.964400

0 9.931000 -16.851000 30.261200 0.966700 0.255700 0.012600 0.717300 0.964400
0 10.085000 -17.442101 30.441401 0.964800 0.262900 0.009500 0.720200 0.963600
0 10.128200 -17.601200 27.683901 0.967700 0.252100 0.000700 0.720700 0.975400

0 10.085000 -17.442101 30.441401 0.964800 0.262900 0.009500 0.720200 0.963600
0 9.931000 -16.851000 30.261200 0.966700 0.255700 0.012600 0.717300 0.964400
0 9.744400 -16.333900 32.023602 0.948500 0.316500 -0.014700 0.714800 0.956900

0 9.744400 -16.333900 32.023602 0.948500 0.316500 -0.014700 0.714800 0.956900
0 9.965000 -17.001499 32.244999 0.951100 0.308300 -0.018000 0.717800 0.955900
0 10.085000 -17.442101 30.441401 0.964800 0.262900 0.009500 0.720200 0.963600

0 9.784200 -16.335800 33.580200 0.941400 0.326800 -0.083800 0.714800 0.950000
0 9.965000 -17.001499 32.244999 0.951100 0.308300 -0.018000 0.717800 0.955900
0 9.744400 -16.333900 32.023602 0.948500 0.316500 -0.014700 0.714800 0.956900

0 9.744400 -16.333900 32.023602 0.948500 0.316500 -0.014700 0.714800 0.956900
0 9.523100 -15.745400 33.107498 0.943200 0.306400 -0.128300 0.711900 0.952200
0 9.784200 -16.335800 33.580200 0.941400 0.326800 -0.083800 0.714800 0.950000

0 8.901500 -12.947400 33.618500 0.971500 0.236600 -0.011400 0.698700 0.950000
0 9.784200 -16.335800 33.580200 0.941400 0.326800 -0.083800 0.714800 0.950000
0 9.523100 -15.745400 33.107498 0.943200 0.306400 -0.128300 0.711900 0.952200

0 9.523100 -15.745400 33.107498 0.943200 0.306400 -0.128300 0.711900 0.952200
0 8.901500 -12.947400 33.174599 0.972100 0.234400 0.000000 0.698700 0.951900
0 8.901500 -12.947400 33.618500 0.971500 0.236600 -0.011400 0.698700 0.950000

0 7.000000 -5.648700 33.618500 0.967700 0.252100 0.000100 0.651900 0.950000
0 8.901500 -12.947400 33.618500 0.971500 0.236600 -0.011400 0.698700 0.950000
0 8.901500 -12.947400 33.174599 0.972100 0.234400 0.000000 0.698700 0.951900

0 8.901500 -12.947400 33.174599 0.972100 0.234400 0.000000 0.698700 0.951900
0 5.039800 1.875600 33.174599 0.967700 0.252100 0.000000 0.627900 0.952000
0 7.000000 -5.648700 33.618500 0.967700 0.252100 0.000100 0.651900 0.950000

0 5.039800 1.875600 33.174599 0.967700 0.252100 0.000000 0.627900 0.952000
0 3.079600 9.399900 33.618500 0.967700 0.252100 0.000000 0.604500 0.950100
0 7.000000 -5.648700 33.618500 0.967700 0.252100 0.000100 0.651900 0.950000

0 3.079600 9.399900 33.618500 0.967700 0.252100 0.000000 0.604500 0.950100
0 5.039800 1.875600 33.174599 0.967700 0.252100 0.000000 0.627900 0.952000
0 1.178300 16.698200 33.174599 0.962900 0.269700 0.000000 0.557600 0.952000

0 1.178300 16.698200 33.174599 0.962900 0.269700 0.000000 0.557600 0.952000
0 1.178300 16.698200 33.618500 0.963500 0.267400 -0.011500 0.557600 0.950100
0 3.079600 9.399900 33.618500 0.967700 0.252100 0.000000 0.604500 0.950100

0 1.178300 16.698200 33.618500 0.963500 0.267400 -0.011500 0.557600 0.950100
0 1.178300 16.698200 33.174599 0.962900 0.269700 0.000000 0.557600 0.952000
0 0.355400 19.445000 33.107498 0.972000 0.179300 -0.152100 0.544400 0.952300

0 0.355400 19.445000 33.107498 0.972000 0.179300 -0.152100 0.544400 0.952300
0 0.322600 19.982800 33.501701 0.981800 0.160800 -0.100900 0.541000 0.950100
0 1.178300 16.698200 33.618500 0.963500 0.267400 -0.011500 0.557600 0.950100

0 0.322600 19.982800 33.501701 0.981800 0.160800 -0.100900 0.541000 0.950100
0 0.355400 19.445000 33.107498 0.972000 0.179300 -0.152100 0.544400 0.952300
0 0.261600 20.066000 32.023602 0.982400 0.185800 -0.018600 0.541500 0.956900

0 0.261600 20.066000 32.023602 0.982400 0.185800 -0.018600 0.541500 0.956900
0 0.128600 20.755800 32.244999 0.980500 0.195600 -0.020300 0.538600 0.955900
0 0.322600 19.982800 33.501701 0.981800 0.160800 -0.100900 0.541000 0.950100

0 0.018300 21.198900 30.441401 0.970400 0.241300 0.009500 0.536100 0.963600
0 0.128600 20.755800 32.244999 0.980500 0.195600 -0.020300 0.538600 0.955900
0 0.261600 20.066000 32.023602 0.982400 0.185800 -0.018600 0.541500 0.956900

0 0.261600 20.066000 32.023602 0.982400 0.185800 -0.018600 0.541500 0.956900
0 0.172300 20.607800 30.261200 0.968600 0.248500 0.012600 0.539100 0.964400
0 0.018300 21.198900 30.441401 0.970400 0.241300 0.009500 0.536100 0.963600

0 -0.021500 21.358900 27.683901 0.967700 0.252000 0.000700 0.535600 0.975400
0 0.018300 21.198900 30.441401 0.970400 0.241300 0.009500 0.536100 0.963600
0 0.172300 20.607800 30.261200 0.968600 0.248500 0.012600 0.539100 0.964400

0 0.172300 20.607800 30.261200 0.968600 0.248500 0.012600 0.539100 0.964400
0 0.121600 20.809401 27.679600 0.967700 0.252000 0.000700 0.538100 0.975400
0 -0.021500 21.358900 27.683901 0.967700 0.252000 0.000700 0.535600 0.975400

0 -13.650300 17.310400 27.679600 -0.001900 0.007300 -1.000000 0.212600 0.993300
0 -31.308300 13.409800 27.683901 -0.001900 0.007300 -1.000000 0.298100 0.993300
0 -13.793500 17.859800 27.683901 -0.001900 0.007300 -1.000000 0.212900 0.994700

0 4.316800 17.495001 33.174599 -0.002800 0.011000 0.999900 0.822300 0.536100
0 1.178300 16.698200 33.174599 -0.003000 0.011500 0.999900 0.822300 0.549800
0 5.039800 1.875600 33.174599 0.000000 0.000000 1.000000 0.762700 0.549800

0 5.039800 1.875600 33.174599 0.000000 0.000000 1.000000 0.762700 0.549800
0 8.178200 2.673000 33.174599 0.000000 0.000000 1.000000 0.762700 0.536100
0 4.316800 17.495001 33.174599 -0.002800 0.011000 0.999900 0.822300 0.536100

0 8.178200 2.673000 33.174599 0.000000 0.000000 1.000000 0.762700 0.536100
0 5.039800 1.875600 33.174599 0.000000 0.000000 1.000000 0.762700 0.549800
0 8.901500 -12.947400 33.174599 0.002800 -0.011400 0.999900 0.703100 0.549800

0 8.901500 -12.947400 33.174599 0.002800 -0.011400 0.999900 0.703100 0.549800
0 12.039700 -12.149400 33.174599 0.002800 -0.011100 0.999900 0.703600 0.536100
0 8.178200 2.673000 33.174599 0.000000 0.000000 1.000000 0.762700 0.536100

0 12.601600 -14.962100 33.108200 0.126800 -0.498900 0.857300 0.692400 0.536100
0 12.039700 -12.149400 33.174599 0.002800 -0.011100 0.999900 0.703600 0.536100
0 8.901500 -12.947400 33.174599 0.002800 -0.011400 0.999900 0.703100 0.549800

0 8.901500 -12.947400 33.174599 0.002800 -0.011400 0.999900 0.703100 0.549800
0 9.523100 -15.745400 33.107498 0.124700 -0.490900 0.862300 0.692400 0.549800
0 12.601600 -14.962100 33.108200 0.126800 -0.498900 0.857300 0.692400 0.536100

0 12.601600 -14.962100 33.108200 0.126800 -0.498900 0.857300 0.692400 0.536100
0 9.523100 -15.745400 33.107498 0.124700 -0.490900 0.862300 0.692400 0.549800
0 9.744400 -16.333900 32.023602 0.225400 -0.886900 0.403200 0.687500 0.549800

0 9.744400 -16.333900 32.023602 0.225400 -0.886900 0.403200 0.687500 0.549800
0 12.857400 -15.543500 32.022301 0.226100 -0.889800 0.396400 0.687500 0.536100
0 12.601600 -14.962100 33.108200 0.126800 -0.498900 0.857300 0.692400 0.536100

0 12.857400 -15.543500 32.022301 0.226100 -0.889800 0.396400 0.687500 0.536100
0 9.744400 -16.333900 32.023602 0.225400 -0.886900 0.403200 0.687500 0.549800
0 9.931000 -16.851000 30.261200 0.241700 -0.951400 0.190600 0.679200 0.549800

0 9.931000 -16.851000 30.261200 0.241700 -0.951400 0.190600 0.679200 0.549800
0 13.069300 -16.053600 30.261499 0.241900 -0.951900 0.188000 0.679200 0.536100
0 12.857400 -15.543500 32.022301 0.226100 -0.889800 0.396400 0.687500 0.536100

0 13.123500 -16.254400 27.679600 0.245600 -0.966600 -0.073200 0.667500 0.536100
0 13.069300 -16.053600 30.261499 0.241900 -0.951900 0.188000 0.679200 0.536100
0 9.931000 -16.851000 30.261200 0.241700 -0.951400 0.190600 0.679200 0.549800

0 9.931000 -16.851000 30.261200 0.241700 -0.951400 0.190600 0.679200 0.549800
0 9.985100 -17.051800 27.679600 0.245500 -0.966700 -0.072600 0.667500 0.549800
0 13.123500 -16.254400 27.679600 0.245600 -0.966600 -0.073200 0.667500 0.536100

0 13.135100 -16.108200 27.058001 0.240300 -0.945900 -0.218100 0.664600 0.536100
0 13.123500 -16.254400 27.679600 0.245600 -0.966600 -0.073200 0.667500 0.536100
0 9.985100 -17.051800 27.679600 0.245500 -0.966700 -0.072600 0.667500 0.549800

0 9.985100 -17.051800 27.679600 0.245500 -0.966700 -0.072600 0.667500 0.549800
0 9.917500 -16.925301 27.059099 0.240100 -0.945700 -0.219000 0.664600 0.549800
0 13.135100 -16.108200 27.058001 0.240300 -0.945900 -0.218100 0.664600 0.536100

0 3.237400 21.475100 27.059999 -0.241600 0.950900 -0.193300 0.860400 0.536100
0 0.120000 20.683201 27.060699 -0.241600 0.950900 -0.193300 0.860400 0.549800
0 0.121600 20.809401 27.679600 -0.245800 0.967500 -0.059300 0.857900 0.549800

0 0.121600 20.809401 27.679600 -0.245800 0.967500 -0.059300 0.857900 0.549800
0 3.260000 21.606800 27.679600 -0.245900 0.967800 -0.053200 0.857900 0.536100
0 3.237400 21.475100 27.059999 -0.241600 0.950900 -0.193300 0.860400 0.536100

0 3.260000 21.606800 27.679600 -0.245900 0.967800 -0.053200 0.857900 0.536100
0 0.121600 20.809401 27.679600 -0.245800 0.967500 -0.059300 0.857900 0.549800
0 0.172300 20.607800 30.261200 -0.241800 0.951500 0.190400 0.846700 0.549800

0 0.172300 20.607800 30.261200 -0.241800 0.951500 0.190400 0.846700 0.549800
0 3.310700 21.405100 30.261499 -0.241800 0.951900 0.188100 0.846700 0.536100
0 3.260000 21.606800 27.679600 -0.245900 0.967800 -0.053200 0.857900 0.536100

0 3.374400 20.857401 32.022301 -0.226000 0.889700 0.396700 0.838400 0.536100
0 3.310700 21.405100 30.261499 -0.241800 0.951900 0.188100 0.846700 0.536100
0 0.172300 20.607800 30.261200 -0.241800 0.951500 0.190400 0.846700 0.549800

0 0.172300 20.607800 30.261200 -0.241800 0.951500 0.190400 0.846700 0.549800
0 0.261600 20.066000 32.023602 -0.225300 0.887100 0.402900 0.838400 0.549800
0 3.374400 20.857401 32.022301 -0.226000 0.889700 0.396700 0.838400 0.536100

0 3.434400 20.226200 33.108200 -0.126100 0.496300 0.858900 0.833500 0.536100
0 3.374400 20.857401 32.022301 -0.226000 0.889700 0.396700 0.838400 0.536100
0 0.261600 20.066000 32.023602 -0.225300 0.887100 0.402900 0.838400 0.549800

0 0.261600 20.066000 32.023602 -0.225300 0.887100 0.402900 0.838400 0.549800
0 0.355400 19.445000 33.107498 -0.125400 0.493600 0.860600 0.833500 0.549800
0 3.434400 20.226200 33.108200 -0.126100 0.496300 0.858900 0.833500 0.536100

0 3.434400 20.226200 33.108200 -0.126100 0.496300 0.858900 0.833500 0.536100
0 0.355400 19.445000 33.107498 -0.125400 0.493600 0.860600 0.833500 0.549800
0 1.178300 16.698200 33.174599 -0.003000 0.011500 0.999900 0.822300 0.549800

0 1.178300 16.698200 33.174599 -0.003000 0.011500 0.999900 0.822300 0.549800
0 4.316800 17.495001 33.174599 -0.002800 0.011000 0.999900 0.822300 0.536100
0 3.434400 20.226200 33.108200 -0.126100 0.496300 0.858900 0.833500 0.536100

0 39.500000 -9.368300 30.682301 0.721200 -0.647000 0.247300 0.958500 0.771500
0 40.869202 -6.431200 30.681999 0.950200 -0.076900 0.301900 0.944300 0.785500
0 40.028400 -6.518500 32.245899 0.782400 -0.023000 0.622400 0.939000 0.776600

0 40.028400 -6.518500 32.245899 0.782400 -0.023000 0.622400 0.939000 0.776600
0 38.873402 -9.020400 32.357800 0.660700 -0.547900 0.513100 0.950200 0.764300
0 39.500000 -9.368300 30.682301 0.721200 -0.647000 0.247300 0.958500 0.771500

0 38.873402 -9.020400 32.357800 0.660700 -0.547900 0.513100 0.950200 0.764300
0 40.028400 -6.518500 32.245899 0.782400 -0.023000 0.622400 0.939000 0.776600
0 38.011799 -6.791800 33.978600 0.294300 0.127000 0.947200 0.933100 0.760600

0 38.011799 -6.791800 33.978600 0.294300 0.127000 0.947200 0.933100 0.760600
0 37.744900 -8.317400 33.978298 0.435100 -0.263200 0.861000 0.940400 0.755600
0 38.873402 -9.020400 32.357800 0.660700 -0.547900 0.513100 0.950200 0.764300

0 38.873402 -9.020400 32.357800 0.660700 -0.547900 0.513100 0.950200 0.764300
0 36.864399 -10.328500 32.436001 0.368200 -0.834500 0.409900 0.955600 0.750700
0 37.061798 -10.820000 30.682600 0.359900 -0.914100 0.186900 0.964800 0.755600

0 36.864399 -10.328500 32.436001 0.368200 -0.834500 0.409900 0.955600 0.750700
0 38.873402 -9.020400 32.357800 0.660700 -0.547900 0.513100 0.950200 0.764300
0 37.744900 -8.317400 33.978298 0.435100 -0.263200 0.861000 0.940400 0.755600

0 37.744900 -8.317400 33.978298 0.435100 -0.263200 0.861000 0.940400 0.755600
0 36.344002 -9.571400 33.978298 0.206300 -0.465000 0.860900 0.946300 0.745600
0 36.864399 -10.328500 32.436001 0.368200 -0.834500 0.409900 0.955600 0.750700

0 38.011799 -6.791800 33.978600 0.294300 0.127000 0.947200 0.933100 0.760600
0 36.344002 -9.571400 33.978298 0.206300 -0.465000 0.860900 0.946300 0.745600
0 37.744900 -8.317400 33.978298 0.435100 -0.263200 0.861000 0.940400 0.755600

0 37.596001 -5.584600 33.618500 0.271500 0.177300 0.946000 0.929700 0.764300
0 36.344002 -9.571400 33.978298 0.206300 -0.465000 0.860900 0.946300 0.745600
0 38.011799 -6.791800 33.978600 0.294300 0.127000 0.947200 0.933100 0.760600

0 37.596001 -5.584600 33.618500 0.271500 0.177300 0.946000 0.929700 0.764300
0 38.011799 -6.791800 33.978600 0.294300 0.127000 0.947200 0.933100 0.760600
0 40.028400 -6.518500 32.245899 0.782400 -0.023000 0.622400 0.939000 0.776600

0 40.028400 -6.518500 32.245899 0.782400 -0.023000 0.622400 0.939000 0.776600
0 39.608501 -4.697200 31.965000 0.723900 0.220400 0.653800 0.929700 0.777300
0 37.596001 -5.584600 33.618500 0.271500 0.177300 0.946000 0.929700 0.764300

0 39.608501 -4.697200 31.965000 0.723900 0.220400 0.653800 0.929700 0.777300
0 40.028400 -6.518500 32.245899 0.782400 -0.023000 0.622400 0.939000 0.776600
0 40.869202 -6.431200 30.681999 0.950200 -0.076900 0.301900 0.944300 0.785500

0 40.869202 -6.431200 30.681999 0.950200 -0.076900 0.301900 0.944300 0.785500
0 40.347801 -4.120700 30.480000 0.921000 0.237200 0.309000 0.930200 0.786300
0 39.608501 -4.697200 31.965000 0.723900 0.220400 0.653800 0.929700 0.777300

0 35.849499 9.703100 31.970400 0.727500 0.189500 0.659400 0.862300 0.775500
0 39.608501 -4.697200 31.965000 0.723900 0.220400 0.653800 0.929700 0.777300
0 40.347801 -4.120700 30.480000 0.921000 0.237200 0.309000 0.930200 0.786300

0 33.752102 9.170500 33.618500 0.309400 0.080600 0.947500 0.862300 0.762300
0 37.596001 -5.584600 33.618500 0.271500 0.177300 0.946000 0.929700 0.764300
0 39.608501 -4.697200 31.965000 0.723900 0.220400 0.653800 0.929700 0.777300

0 37.061798 -10.820000 30.682600 0.359900 -0.914100 0.186900 0.964800 0.755600
0 36.817101 -11.115500 27.683901 0.331400 -0.941100 0.066400 0.977500 0.762700
0 39.867100 -9.461900 27.683901 0.739700 -0.665600 0.099600 0.970200 0.782000

0 33.033699 23.954700 30.480000 0.919700 0.242300 0.309000 0.794400 0.786100
0 32.104500 24.107201 31.965000 0.739200 0.160900 0.653900 0.794900 0.776500
0 35.849499 9.703100 31.970400 0.727500 0.189500 0.659400 0.862300 0.775500

0 35.849499 9.703100 31.970400 0.727500 0.189500 0.659400 0.862300 0.775500
0 36.694698 9.917600 30.445499 0.919700 0.239600 0.311000 0.862300 0.784500
0 33.033699 23.954700 30.480000 0.919700 0.242300 0.309000 0.794400 0.786100

0 40.347801 -4.120700 30.480000 0.921000 0.237200 0.309000 0.930200 0.786300
0 36.694698 9.917600 30.445499 0.919700 0.239600 0.311000 0.862300 0.784500
0 35.849499 9.703100 31.970400 0.727500 0.189500 0.659400 0.862300 0.775500

0 36.694698 9.917600 30.445499 0.919700 0.239600 0.311000 0.862300 0.784500
0 40.347801 -4.120700 30.480000 0.921000 0.237200 0.309000 0.930200 0.786300
0 40.463299 -3.298900 27.683901 0.963100 0.244900 0.111700 0.932100 0.799400

0 41.240501 -6.465400 27.683901 0.988000 -0.095500 0.121300 0.956100 0.796100
0 40.463299 -3.298900 27.683901 0.963100 0.244900 0.111700 0.932100 0.799400
0 40.347801 -4.120700 30.480000 0.921000 0.237200 0.309000 0.930200 0.786300

0 40.347801 -4.120700 30.480000 0.921000 0.237200 0.309000 0.930200 0.786300
0 40.869202 -6.431200 30.681999 0.950200 -0.076900 0.301900 0.944300 0.785500
0 41.240501 -6.465400 27.683901 0.988000 -0.095500 0.121300 0.956100 0.796100

0 39.867100 -9.461900 27.683901 0.739700 -0.665600 0.099600 0.970200 0.782000
0 41.240501 -6.465400 27.683901 0.988000 -0.095500 0.121300 0.956100 0.796100
0 40.869202 -6.431200 30.681999 0.950200 -0.076900 0.301900 0.944300 0.785500

0 40.869202 -6.431200 30.681999 0.950200 -0.076900 0.301900 0.944300 0.785500
0 39.500000 -9.368300 30.682301 0.721200 -0.647000 0.247300 0.958500 0.771500
0 39.867100 -9.461900 27.683901 0.739700 -0.665600 0.099600 0.970200 0.782000

0 39.867100 -9.461900 27.683901 0.739700 -0.665600 0.099600 0.970200 0.782000
0 39.500000 -9.368300 30.682301 0.721200 -0.647000 0.247300 0.958500 0.771500
0 37.061798 -10.820000 30.682600 0.359900 -0.914100 0.186900 0.964800 0.755600

0 37.061798 -10.820000 30.682600 0.359900 -0.914100 0.186900 0.964800 0.755600
0 39.500000 -9.368300 30.682301 0.721200 -0.647000 0.247300 0.958500 0.771500
0 38.873402 -9.020400 32.357800 0.660700 -0.547900 0.513100 0.950200 0.764300

0 30.002600 28.403500 27.683901 0.328400 0.939300 0.099000 0.756300 0.777800
0 26.523199 28.398199 27.683901 -0.158400 0.985100 0.066400 0.747600 0.759000
0 26.881800 28.256001 30.682600 -0.120700 0.975000 0.186600 0.760300 0.751800

0 26.881800 28.256001 30.682600 -0.120700 0.975000 0.186600 0.760300 0.751800
0 29.726700 28.146601 30.682301 0.321200 0.914500 0.246100 0.767600 0.767200
0 30.002600 28.403500 27.683901 0.328400 0.939300 0.099000 0.756300 0.777800

0 30.002600 28.403500 27.683901 0.328400 0.939300 0.099000 0.756300 0.777800
0 29.726700 28.146601 30.682301 0.321200 0.914500 0.246100 0.767600 0.767200
0 32.361301 26.226700 30.681999 0.793500 0.528700 0.301200 0.782700 0.781300

0 32.361301 26.226700 30.681999 0.793500 0.528700 0.301200 0.782700 0.781300
0 32.669701 26.433701 27.683901 0.817400 0.563300 0.120800 0.772000 0.792000
0 30.002600 28.403500 27.683901 0.328400 0.939300 0.099000 0.756300 0.777800

0 32.669701 26.433701 27.683901 0.817400 0.563300 0.120800 0.772000 0.792000
0 32.361301 26.226700 30.681999 0.793500 0.528700 0.301200 0.782700 0.781300
0 33.033699 23.954700 30.480000 0.919700 0.242300 0.309000 0.794400 0.786100

0 33.033699 23.954700 30.480000 0.919700 0.242300 0.309000 0.794400 0.786100
0 33.536400 23.289900 27.683901 0.960200 0.256200 0.111700 0.793000 0.798300
0 32.669701 26.433701 27.683901 0.817400 0.563300 0.120800 0.772000 0.792000

0 33.536400 23.289900 27.683901 0.960200 0.256200 0.111700 0.793000 0.798300
0 33.033699 23.954700 30.480000 0.919700 0.242300 0.309000 0.794400 0.786100
0 36.694698 9.917600 30.445499 0.919700 0.239600 0.311000 0.862300 0.784500

0 36.694698 9.917600 30.445499 0.919700 0.239600 0.311000 0.862300 0.784500
0 37.000099 9.994700 27.683901 0.961500 0.250500 0.113300 0.862300 0.797100
0 33.536400 23.289900 27.683901 0.960200 0.256200 0.111700 0.793000 0.798300

0 40.463299 -3.298900 27.683901 0.963100 0.244900 0.111700 0.932100 0.799400
0 37.000099 9.994700 27.683901 0.961500 0.250500 0.113300 0.862300 0.797100
0 36.694698 9.917600 30.445499 0.919700 0.239600 0.311000 0.862300 0.784500

0 24.816500 22.631599 33.618500 -0.009500 -0.016900 0.999800 0.792500 0.732200
0 23.903799 26.134701 33.618500 -0.184600 0.508700 0.840900 0.773400 0.730200
0 3.421700 20.930799 33.618500 -0.132400 0.521200 0.843100 0.772500 0.624500

0 3.421700 20.930799 33.618500 -0.132400 0.521200 0.843100 0.772500 0.624500
0 23.903799 26.134701 33.618500 -0.184600 0.508700 0.840900 0.773400 0.730200
0 23.046400 26.612801 32.174000 -0.256900 0.901400 0.348600 0.763700 0.728300

0 26.949200 27.731501 32.436001 -0.075600 0.909300 0.409100 0.769000 0.746800
0 23.046400 26.612801 32.174000 -0.256900 0.901400 0.348600 0.763700 0.728300
0 23.903799 26.134701 33.618500 -0.184600 0.508700 0.840900 0.773400 0.730200

0 23.046400 26.612801 32.174000 -0.256900 0.901400 0.348600 0.763700 0.728300
0 26.949200 27.731501 32.436001 -0.075600 0.909300 0.409100 0.769000 0.746800
0 26.881800 28.256001 30.682600 -0.120700 0.975000 0.186600 0.760300 0.751800

0 26.881800 28.256001 30.682600 -0.120700 0.975000 0.186600 0.760300 0.751800
0 26.949200 27.731501 32.436001 -0.075600 0.909300 0.409100 0.769000 0.746800
0 29.348000 27.543301 32.357800 0.316100 0.799300 0.511100 0.775900 0.760000

0 29.348000 27.543301 32.357800 0.316100 0.799300 0.511100 0.775900 0.760000
0 29.726700 28.146601 30.682301 0.321200 0.914500 0.246100 0.767600 0.767200
0 26.881800 28.256001 30.682600 -0.120700 0.975000 0.186600 0.760300 0.751800

0 29.726700 28.146601 30.682301 0.321200 0.914500 0.246100 0.767600 0.767200
0 29.348000 27.543301 32.357800 0.316100 0.799300 0.511100 0.775900 0.760000
0 31.582100 25.902500 32.245899 0.673100 0.400500 0.621700 0.788100 0.772200

0 31.582100 25.902500 32.245899 0.673100 0.400500 0.621700 0.788100 0.772200
0 32.361301 26.226700 30.681999 0.793500 0.528700 0.301200 0.782700 0.781300
0 29.726700 28.146601 30.682301 0.321200 0.914500 0.246100 0.767600 0.767200

0 32.361301 26.226700 30.681999 0.793500 0.528700 0.301200 0.782700 0.781300
0 31.582100 25.902500 32.245899 0.673100 0.400500 0.621700 0.788100 0.772200
0 32.104500 24.107201 31.965000 0.739200 0.160900 0.653900 0.794900 0.776500

0 32.104500 24.107201 31.965000 0.739200 0.160900 0.653900 0.794900 0.776500
0 33.033699 23.954700 30.480000 0.919700 0.242300 0.309000 0.794400 0.786100
0 32.361301 26.226700 30.681999 0.793500 0.528700 0.301200 0.782700 0.781300

0 39.608501 -4.697200 31.965000 0.723900 0.220400 0.653800 0.929700 0.777300
0 35.849499 9.703100 31.970400 0.727500 0.189500 0.659400 0.862300 0.775500
0 33.752102 9.170500 33.618500 0.309400 0.080600 0.947500 0.862300 0.762300

0 33.752102 9.170500 33.618500 0.309400 0.080600 0.947500 0.862300 0.762300
0 35.849499 9.703100 31.970400 0.727500 0.189500 0.659400 0.862300 0.775500
0 32.104500 24.107201 31.965000 0.739200 0.160900 0.653900 0.794900 0.776500

0 32.104500 24.107201 31.965000 0.739200 0.160900 0.653900 0.794900 0.776500
0 29.908199 23.925301 33.618500 0.374800 0.010700 0.927000 0.794900 0.760000
0 33.752102 9.170500 33.618500 0.309400 0.080600 0.947500 0.862300 0.762300

0 29.908199 23.925301 33.618500 0.374800 0.010700 0.927000 0.794900 0.760000
0 32.104500 24.107201 31.965000 0.739200 0.160900 0.653900 0.794900 0.776500
0 31.582100 25.902500 32.245899 0.673100 0.400500 0.621700 0.788100 0.772200

0 31.582100 25.902500 32.245899 0.673100 0.400500 0.621700 0.788100 0.772200
0 29.682400 25.180799 33.978600 0.579500 0.243700 0.777700 0.793000 0.756700
0 29.908199 23.925301 33.618500 0.374800 0.010700 0.927000 0.794900 0.760000

0 29.682400 25.180799 33.978600 0.579500 0.243700 0.777700 0.793000 0.756700
0 31.582100 25.902500 32.245899 0.673100 0.400500 0.621700 0.788100 0.772200
0 29.348000 27.543301 32.357800 0.316100 0.799300 0.511100 0.775900 0.760000

0 29.348000 27.543301 32.357800 0.316100 0.799300 0.511100 0.775900 0.760000
0 28.703100 26.389700 33.978298 0.254400 0.441100 0.860700 0.785200 0.751600
0 29.682400 25.180799 33.978600 0.579500 0.243700 0.777700 0.793000 0.756700

0 28.703100 26.389700 33.978298 0.254400 0.441100 0.860700 0.785200 0.751600
0 29.348000 27.543301 32.357800 0.316100 0.799300 0.511100 0.775900 0.760000
0 26.949200 27.731501 32.436001 -0.075600 0.909300 0.409100 0.769000 0.746800

0 26.949200 27.731501 32.436001 -0.075600 0.909300 0.409100 0.769000 0.746800
0 26.863300 26.820400 33.978298 -0.033200 0.539600 0.841300 0.778300 0.741700
0 28.703100 26.389700 33.978298 0.254400 0.441100 0.860700 0.785200 0.751600

0 23.903799 26.134701 33.618500 -0.184600 0.508700 0.840900 0.773400 0.730200
0 26.863300 26.820400 33.978298 -0.033200 0.539600 0.841300 0.778300 0.741700
0 26.949200 27.731501 32.436001 -0.075600 0.909300 0.409100 0.769000 0.746800

0 29.682400 25.180799 33.978600 0.579500 0.243700 0.777700 0.793000 0.756700
0 28.703100 26.389700 33.978298 0.254400 0.441100 0.860700 0.785200 0.751600
0 26.863300 26.820400 33.978298 -0.033200 0.539600 0.841300 0.778300 0.741700

0 26.863300 26.820400 33.978298 -0.033200 0.539600 0.841300 0.778300 0.741700
0 23.903799 26.134701 33.618500 -0.184600 0.508700 0.840900 0.773400 0.730200
0 24.816500 22.631599 33.618500 -0.009500 -0.016900 0.999800 0.792500 0.732200

0 26.863300 26.820400 33.978298 -0.033200 0.539600 0.841300 0.778300 0.741700
0 24.816500 22.631599 33.618500 -0.009500 -0.016900 0.999800 0.792500 0.732200
0 29.908199 23.925301 33.618500 0.374800 0.010700 0.927000 0.794900 0.760000

0 29.908199 23.925301 33.618500 0.374800 0.010700 0.927000 0.794900 0.760000
0 24.816500 22.631599 33.618500 -0.009500 -0.016900 0.999800 0.792500 0.732200
0 28.660299 7.876800 33.618500 0.000000 0.000000 1.000000 0.862300 0.735100

0 28.660299 7.876800 33.618500 0.000000 0.000000 1.000000 0.862300 0.735100
0 33.752102 9.170500 33.618500 0.309400 0.080600 0.947500 0.862300 0.762300
0 29.908199 23.925301 33.618500 0.374800 0.010700 0.927000 0.794900 0.760000

0 33.752102 9.170500 33.618500 0.309400 0.080600 0.947500 0.862300 0.762300
0 28.660299 7.876800 33.618500 0.000000 0.000000 1.000000 0.862300 0.735100
0 32.504299 -6.878200 33.618500 -0.016200 0.010100 0.999800 0.933600 0.734100

0 32.504299 -6.878200 33.618500 -0.016200 0.010100 0.999800 0.933600 0.734100
0 37.596001 -5.584600 33.618500 0.271500 0.177300 0.946000 0.929700 0.764300
0 33.752102 9.170500 33.618500 0.309400 0.080600 0.947500 0.862300 0.762300

0 36.344002 -9.571400 33.978298 0.206300 -0.465000 0.860900 0.946300 0.745600
0 37.596001 -5.584600 33.618500 0.271500 0.177300 0.946000 0.929700 0.764300
0 32.504299 -6.878200 33.618500 -0.016200 0.010100 0.999800 0.933600 0.734100

0 32.504299 -6.878200 33.618500 -0.016200 0.010100 0.999800 0.933600 0.734100
0 33.416901 -10.381400 33.618500 0.080500 -0.535500 0.840700 0.951200 0.731700
0 36.344002 -9.571400 33.978298 0.206300 -0.465000 0.860900 0.946300 0.745600

0 36.864399 -10.328500 32.436001 0.368200 -0.834500 0.409900 0.955600 0.750700
0 36.344002 -9.571400 33.978298 0.206300 -0.465000 0.860900 0.946300 0.745600
0 33.416901 -10.381400 33.618500 0.080500 -0.535500 0.840700 0.951200 0.731700

0 37.061798 -10.820000 30.682600 0.359900 -0.914100 0.186900 0.964800 0.755600
0 36.864399 -10.328500 32.436001 0.368200 -0.834500 0.409900 0.955600 0.750700
0 32.899502 -11.208700 32.174000 0.204500 -0.914700 0.348500 0.960400 0.729700

0 33.416901 -10.381400 33.618500 0.080500 -0.535500 0.840700 0.951200 0.731700
0 32.899502 -11.208700 32.174000 0.204500 -0.914700 0.348500 0.960400 0.729700
0 36.864399 -10.328500 32.436001 0.368200 -0.834500 0.409900 0.955600 0.750700

0 32.899502 -11.208700 32.174000 0.204500 -0.914700 0.348500 0.960400 0.729700
0 33.416901 -10.381400 33.618500 0.080500 -0.535500 0.840700 0.951200 0.731700
0 12.934800 -15.585300 33.618500 0.131700 -0.518300 0.845000 0.952100 0.625700

0 12.934800 -15.585300 33.618500 0.131700 -0.518300 0.845000 0.952100 0.625700
0 33.416901 -10.381400 33.618500 0.080500 -0.535500 0.840700 0.951200 0.731700
0 32.504299 -6.878200 33.618500 -0.016200 0.010100 0.999800 0.933600 0.734100

0 32.504299 -6.878200 33.618500 -0.016200 0.010100 0.999800 0.933600 0.734100
0 12.039700 -12.149400 33.618500 0.000000 0.000000 1.000000 0.934100 0.626000
0 12.934800 -15.585300 33.618500 0.131700 -0.518300 0.845000 0.952100 0.625700

0 12.039700 -12.149400 33.618500 0.000000 0.000000 1.000000 0.934100 0.626000
0 32.504299 -6.878200 33.618500 -0.016200 0.010100 0.999800 0.933600 0.734100
0 28.660299 7.876800 33.618500 0.000000 0.000000 1.000000 0.862300 0.735100

0 28.660299 7.876800 33.618500 0.000000 0.000000 1.000000 0.862300 0.735100
0 8.178200 2.673000 33.618500 0.000000 0.000000 1.000000 0.861800 0.625200
0 12.039700 -12.149400 33.618500 0.000000 0.000000 1.000000 0.934100 0.626000

0 8.178200 2.673000 33.618500 0.000000 0.000000 1.000000 0.861800 0.625200
0 28.660299 7.876800 33.618500 0.000000 0.000000 1.000000 0.862300 0.735100
0 24.816500 22.631599 33.618500 -0.009500 -0.016900 0.999800 0.792500 0.732200

0 24.816500 22.631599 33.618500 -0.009500 -0.016900 0.999800 0.792500 0.732200
0 4.316800 17.495001 33.618500 0.000000 0.000000 1.000000 0.790500 0.624800
0 8.178200 2.673000 33.618500 0.000000 0.000000 1.000000 0.861800 0.625200

0 3.421700 20.930799 33.618500 -0.132400 0.521200 0.843100 0.772500 0.624500
0 4.316800 17.495001 33.618500 0.000000 0.000000 1.000000 0.790500 0.624800
0 24.816500 22.631599 33.618500 -0.009500 -0.016900 0.999800 0.792500 0.732200

0 12.934800 -15.585300 33.618500 0.131700 -0.518300 0.845000 0.952100 0.625700
0 13.103300 -16.204201 32.244999 0.231400 -0.912900 0.336400 0.959500 0.625700
0 32.899502 -11.208700 32.174000 0.204500 -0.914700 0.348500 0.960400 0.729700

0 32.200802 -11.816600 30.546700 0.218500 -0.961500 0.166300 0.969200 0.727500
0 32.899502 -11.208700 32.174000 0.204500 -0.914700 0.348500 0.960400 0.729700
0 13.103300 -16.204201 32.244999 0.231400 -0.912900 0.336400 0.959500 0.625700

0 32.899502 -11.208700 32.174000 0.204500 -0.914700 0.348500 0.960400 0.729700
0 32.200802 -11.816600 30.546700 0.218500 -0.961500 0.166300 0.969200 0.727500
0 37.061798 -10.820000 30.682600 0.359900 -0.914100 0.186900 0.964800 0.755600

0 36.817101 -11.115500 27.683901 0.331400 -0.941100 0.066400 0.977500 0.762700
0 37.061798 -10.820000 30.682600 0.359900 -0.914100 0.186900 0.964800 0.755600
0 32.200802 -11.816600 30.546700 0.218500 -0.961500 0.166300 0.969200 0.727500

0 32.200802 -11.816600 30.546700 0.218500 -0.961500 0.166300 0.969200 0.727500
0 30.781401 -12.353900 27.683901 0.230100 -0.970800 0.068100 0.982400 0.723900
0 36.817101 -11.115500 27.683901 0.331400 -0.941100 0.066400 0.977500 0.762700

0 30.781401 -12.353900 27.683901 0.230100 -0.970800 0.068100 0.982400 0.723900
0 32.200802 -11.816600 30.546700 0.218500 -0.961500 0.166300 0.969200 0.727500
0 13.223300 -16.644800 30.441401 0.242900 -0.957900 0.153100 0.968800 0.625700

0 13.223300 -16.644800 30.441401 0.242900 -0.957900 0.153100 0.968800 0.625700
0 13.266600 -16.803900 27.683901 0.245800 -0.967500 0.059700 0.982400 0.625700
0 30.781401 -12.353900 27.683901 0.230100 -0.970800 0.068100 0.982400 0.723900

0 13.103300 -16.204201 32.244999 0.231400 -0.912900 0.336400 0.959500 0.625700
0 13.223300 -16.644800 30.441401 0.242900 -0.957900 0.153100 0.968800 0.625700
0 32.200802 -11.816600 30.546700 0.218500 -0.961500 0.166300 0.969200 0.727500

0 20.631599 26.606199 27.683901 -0.261200 0.962900 0.068100 0.740200 0.722900
0 3.116800 22.156200 27.683901 -0.245800 0.967500 0.059700 0.741700 0.624500
0 3.156700 21.996300 30.441401 -0.243800 0.957700 0.152900 0.755400 0.624500

0 3.156700 21.996300 30.441401 -0.243800 0.957700 0.152900 0.755400 0.624500
0 22.137300 26.812201 30.546700 -0.266900 0.949200 0.166400 0.754400 0.726300
0 20.631599 26.606199 27.683901 -0.261200 0.962900 0.068100 0.740200 0.722900

0 26.523199 28.398199 27.683901 -0.158400 0.985100 0.066400 0.747600 0.759000
0 20.631599 26.606199 27.683901 -0.261200 0.962900 0.068100 0.740200 0.722900
0 22.137300 26.812201 30.546700 -0.266900 0.949200 0.166400 0.754400 0.726300

0 22.137300 26.812201 30.546700 -0.266900 0.949200 0.166400 0.754400 0.726300
0 26.881800 28.256001 30.682600 -0.120700 0.975000 0.186600 0.760300 0.751800
0 26.523199 28.398199 27.683901 -0.158400 0.985100 0.066400 0.747600 0.759000

0 26.881800 28.256001 30.682600 -0.120700 0.975000 0.186600 0.760300 0.751800
0 22.137300 26.812201 30.546700 -0.266900 0.949200 0.166400 0.754400 0.726300
0 23.046400 26.612801 32.174000 -0.256900 0.901400 0.348600 0.763700 0.728300

0 3.266900 21.553200 32.244999 -0.232400 0.912700 0.336100 0.764600 0.624500
0 23.046400 26.612801 32.174000 -0.256900 0.901400 0.348600 0.763700 0.728300
0 22.137300 26.812201 30.546700 -0.266900 0.949200 0.166400 0.754400 0.726300

0 23.046400 26.612801 32.174000 -0.256900 0.901400 0.348600 0.763700 0.728300
0 3.266900 21.553200 32.244999 -0.232400 0.912700 0.336100 0.764600 0.624500
0 3.421700 20.930799 33.618500 -0.132400 0.521200 0.843100 0.772500 0.624500

0 22.137300 26.812201 30.546700 -0.266900 0.949200 0.166400 0.754400 0.726300
0 3.156700 21.996300 30.441401 -0.243800 0.957700 0.152900 0.755400 0.624500
0 3.266900 21.553200 32.244999 -0.232400 0.912700 0.336100 0.764600 0.624500

0 -38.107399 -2.085100 9.224500 0.903600 -0.396800 -0.161400 0.294700 0.537400
0 -38.170399 -2.233000 9.235400 0.903400 -0.396800 -0.162400 0.293900 0.537600
0 -38.367401 -2.233000 8.901100 0.584400 -0.392900 -0.710000 0.291500 0.533400

0 -38.367401 -2.233000 8.901100 0.584400 -0.392900 -0.710000 0.291500 0.533400
0 -38.326302 -2.085100 8.853100 0.586600 -0.392900 -0.708200 0.292000 0.532700
0 -38.107399 -2.085100 9.224500 0.903600 -0.396800 -0.161400 0.294700 0.537400

0 -38.326302 -2.085100 8.853100 0.586600 -0.392900 -0.708200 0.292000 0.532700
0 -38.367401 -2.233000 8.901100 0.584400 -0.392900 -0.710000 0.291500 0.533400
0 -38.737598 -2.233000 8.769100 0.000000 -0.390300 -0.920700 0.286900 0.531700

0 -38.737598 -2.233000 8.769100 0.000000 -0.390300 -0.920700 0.286900 0.531700
0 -38.737598 -2.085100 8.706400 0.000000 -0.390300 -0.920700 0.286900 0.531000
0 -38.326302 -2.085100 8.853100 0.586600 -0.392900 -0.708200 0.292000 0.532700

0 -38.737598 -2.085100 8.706400 0.000000 -0.390300 -0.920700 0.286900 0.531000
0 -38.737598 -2.233000 8.769100 0.000000 -0.390300 -0.920700 0.286900 0.531700
0 -39.107800 -2.233000 8.901100 -0.584300 -0.393200 -0.710000 0.282500 0.533400

0 -39.107800 -2.233000 8.901100 -0.584300 -0.393200 -0.710000 0.282500 0.533400
0 -39.148998 -2.085100 8.853100 -0.586600 -0.393200 -0.708000 0.282000 0.532700
0 -38.737598 -2.085100 8.706400 0.000000 -0.390300 -0.920700 0.286900 0.531000

0 -39.148998 -2.085100 8.853100 -0.586600 -0.393200 -0.708000 0.282000 0.532700
0 -39.107800 -2.233000 8.901100 -0.584300 -0.393200 -0.710000 0.282500 0.533400
0 -39.304798 -2.233000 9.235400 -0.903400 -0.396800 -0.162300 0.280000 0.537600

0 -39.304798 -2.233000 9.235400 -0.903400 -0.396800 -0.162300 0.280000 0.537600
0 -39.367802 -2.085100 9.224500 -0.903600 -0.396800 -0.161400 0.279300 0.537400
0 -39.148998 -2.085100 8.853100 -0.586600 -0.393200 -0.708000 0.282000 0.532700

0 -39.367802 -2.085100 9.224500 -0.903600 -0.396800 -0.161400 0.279300 0.537400
0 -39.304798 -2.233000 9.235400 -0.903400 -0.396800 -0.162300 0.280000 0.537600
0 -39.236401 -2.233000 9.615500 -0.791600 -0.395400 0.465800 0.280800 0.542200

0 -39.236401 -2.233000 9.615500 -0.791600 -0.395400 0.465800 0.280800 0.542200
0 -39.291801 -2.085100 9.646900 -0.792800 -0.395500 0.463700 0.280300 0.542700
0 -39.367802 -2.085100 9.224500 -0.903600 -0.396800 -0.161400 0.279300 0.537400

0 -39.291801 -2.085100 9.646900 -0.792800 -0.395500 0.463700 0.280300 0.542700
0 -39.236401 -2.233000 9.615500 -0.791600 -0.395400 0.465800 0.280800 0.542200
0 -38.934601 -2.233000 9.863600 -0.309500 -0.391500 0.866600 0.284700 0.545400

0 -38.934601 -2.233000 9.863600 -0.309500 -0.391500 0.866600 0.284700 0.545400
0 -38.956501 -2.085100 9.922600 -0.311100 -0.391500 0.866000 0.284200 0.546100
0 -39.291801 -2.085100 9.646900 -0.792800 -0.395500 0.463700 0.280300 0.542700

0 -38.956501 -2.085100 9.922600 -0.311100 -0.391500 0.866000 0.284200 0.546100
0 -38.934601 -2.233000 9.863600 -0.309500 -0.391500 0.866600 0.284700 0.545400
0 -38.540600 -2.233000 9.863600 0.309400 -0.391500 0.866600 0.289300 0.545400

0 -38.540600 -2.233000 9.863600 0.309400 -0.391500 0.866600 0.289300 0.545400
0 -38.518700 -2.085100 9.922600 0.311100 -0.391500 0.866000 0.289800 0.546100
0 -38.956501 -2.085100 9.922600 -0.311100 -0.391500 0.866000 0.284200 0.546100

0 -38.518700 -2.085100 9.922600 0.311100 -0.391500 0.866000 0.289800 0.546100
0 -38.540600 -2.233000 9.863600 0.309400 -0.391500 0.866600 0.289300 0.545400
0 -38.238800 -2.233000 9.615500 0.791600 -0.395400 0.465800 0.293000 0.542200

0 -38.238800 -2.233000 9.615500 0.791600 -0.395400 0.465800 0.293000 0.542200
0 -38.183399 -2.085100 9.646900 0.792900 -0.395400 0.463700 0.293700 0.542700
0 -38.518700 -2.085100 9.922600 0.311100 -0.391500 0.866000 0.289800 0.546100

0 -38.183399 -2.085100 9.646900 0.792900 -0.395400 0.463700 0.293700 0.542700
0 -38.238800 -2.233000 9.615500 0.791600 -0.395400 0.465800 0.293000 0.542200
0 -38.170399 -2.233000 9.235400 0.903400 -0.396800 -0.162400 0.293900 0.537600

0 -38.170399 -2.233000 9.235400 0.903400 -0.396800 -0.162400 0.293900 0.537600
0 -38.107399 -2.085100 9.224500 0.903600 -0.396800 -0.161400 0.294700 0.537400
0 -38.183399 -2.085100 9.646900 0.792900 -0.395400 0.463700 0.293700 0.542700

0 -39.367802 1.830900 9.224500 -0.984300 0.000000 -0.176300 0.013300 0.523400
0 -39.367802 -2.085100 9.224500 -0.984300 0.000000 -0.176300 0.044000 0.523400
0 -39.291801 -2.085100 9.646900 -0.862600 0.000000 0.505800 0.044000 0.525900

0 -39.291801 -2.085100 9.646900 -0.862600 0.000000 0.505800 0.044000 0.525900
0 -39.291801 1.830900 9.646900 -0.862600 0.000000 0.505800 0.013300 0.525900
0 -39.367802 1.830900 9.224500 -0.984300 0.000000 -0.176300 0.013300 0.523400

0 -39.291801 1.830900 9.646900 -0.862600 0.000000 0.505800 0.013300 0.525900
0 -39.291801 -2.085100 9.646900 -0.862600 0.000000 0.505800 0.044000 0.525900
0 -38.956501 -2.085100 9.922600 -0.337300 0.000000 0.941400 0.044000 0.528300

0 -38.956501 -2.085100 9.922600 -0.337300 0.000000 0.941400 0.044000 0.528300
0 -38.956501 1.830900 9.922600 -0.337300 0.000000 0.941400 0.013300 0.528300
0 -39.291801 1.830900 9.646900 -0.862600 0.000000 0.505800 0.013300 0.525900

0 -38.956501 1.830900 9.922600 -0.337300 0.000000 0.941400 0.013300 0.528300
0 -38.956501 -2.085100 9.922600 -0.337300 0.000000 0.941400 0.044000 0.528300
0 -38.518700 -2.085100 9.922600 0.337300 0.000000 0.941400 0.044000 0.530500

0 -38.518700 -2.085100 9.922600 0.337300 0.000000 0.941400 0.044000 0.530500
0 -38.518700 1.830900 9.922600 0.337300 0.000000 0.941400 0.013300 0.530500
0 -38.956501 1.830900 9.922600 -0.337300 0.000000 0.941400 0.013300 0.528300

0 -38.518700 1.830900 9.922600 0.337300 0.000000 0.941400 0.013300 0.530500
0 -38.518700 -2.085100 9.922600 0.337300 0.000000 0.941400 0.044000 0.530500
0 -38.183399 -2.085100 9.646900 0.635100 0.000000 0.772400 0.044000 0.533000

0 -38.183399 -2.085100 9.646900 0.635100 0.000000 0.772400 0.044000 0.533000
0 -38.183399 1.830900 9.646900 0.635100 0.000000 0.772400 0.013300 0.533000
0 -38.518700 1.830900 9.922600 0.337300 0.000000 0.941400 0.013300 0.530500

0 -38.183399 1.830900 9.646900 0.984200 0.000000 0.177100 0.013300 0.511200
0 -38.183399 -2.085100 9.646900 0.984200 0.000000 0.177100 0.044000 0.511200
0 -38.107399 -2.085100 9.224500 0.984300 0.000000 -0.176400 0.044000 0.513700

0 -38.107399 -2.085100 9.224500 0.984300 0.000000 -0.176400 0.044000 0.513700
0 -38.107399 1.830900 9.224500 0.984300 0.000000 -0.176400 0.013300 0.513700
0 -38.183399 1.830900 9.646900 0.984200 0.000000 0.177100 0.013300 0.511200

0 -38.107399 1.830900 9.224500 0.984300 0.000000 -0.176400 0.013300 0.513700
0 -38.107399 -2.085100 9.224500 0.984300 0.000000 -0.176400 0.044000 0.513700
0 -38.326302 -2.085100 8.853100 0.636900 0.000000 -0.771000 0.044000 0.516100

0 -38.326302 -2.085100 8.853100 0.636900 0.000000 -0.771000 0.044000 0.516100
0 -38.326302 1.830900 8.853100 0.636900 0.000000 -0.771000 0.013300 0.516100
0 -38.107399 1.830900 9.224500 0.984300 0.000000 -0.176400 0.013300 0.513700

0 -38.326302 1.830900 8.853100 0.636900 0.000000 -0.771000 0.013300 0.516100
0 -38.326302 -2.085100 8.853100 0.636900 0.000000 -0.771000 0.044000 0.516100
0 -38.737598 -2.085100 8.706400 0.000000 0.000000 -1.000000 0.044000 0.518600

0 -38.737598 -2.085100 8.706400 0.000000 0.000000 -1.000000 0.044000 0.518600
0 -38.737598 1.830900 8.706400 0.000000 0.000000 -1.000000 0.013300 0.518600
0 -38.326302 1.830900 8.853100 0.636900 0.000000 -0.771000 0.013300 0.516100

0 -38.737598 1.830900 8.706400 0.000000 0.000000 -1.000000 0.013300 0.518600
0 -38.737598 -2.085100 8.706400 0.000000 0.000000 -1.000000 0.044000 0.518600
0 -39.148998 -2.085100 8.853100 -0.636900 0.000000 -0.770900 0.044000 0.521000

0 -39.148998 -2.085100 8.853100 -0.636900 0.000000 -0.770900 0.044000 0.521000
0 -39.148998 1.830900 8.853100 -0.636900 0.000000 -0.770900 0.013300 0.521000
0 -38.737598 1.830900 8.706400 0.000000 0.000000 -1.000000 0.013300 0.518600

0 -39.148998 1.830900 8.853100 -0.636900 0.000000 -0.770900 0.013300 0.521000
0 -39.148998 -2.085100 8.853100 -0.636900 0.000000 -0.770900 0.044000 0.521000
0 -39.367802 -2.085100 9.224500 -0.984300 0.000000 -0.176300 0.044000 0.523400

0 -39.367802 -2.085100 9.224500 -0.984300 0.000000 -0.176300 0.044000 0.523400
0 -39.367802 1.830900 9.224500 -0.984300 0.000000 -0.176300 0.013300 0.523400
0 -39.148998 1.830900 8.853100 -0.636900 0.000000 -0.770900 0.013300 0.521000

0 -38.934601 -2.233000 9.863600 0.000000 -1.000000 0.000000 0.284700 0.545400
0 -39.236401 -2.233000 9.615500 0.000000 -1.000000 0.000000 0.280800 0.542200
0 -39.304798 -2.233000 9.235400 0.000000 -1.000000 0.000000 0.280000 0.537600

0 -39.304798 -2.233000 9.235400 0.000000 -1.000000 0.000000 0.280000 0.537600
0 -39.107800 -2.233000 8.901100 0.000000 -1.000000 0.000000 0.282500 0.533400
0 -38.934601 -2.233000 9.863600 0.000000 -1.000000 0.000000 0.284700 0.545400

0 -39.107800 -2.233000 8.901100 0.000000 -1.000000 0.000000 0.282500 0.533400
0 -38.737598 -2.233000 8.769100 0.000000 -1.000000 0.000000 0.286900 0.531700
0 -38.367401 -2.233000 8.901100 0.000000 -1.000000 0.000000 0.291500 0.533400

0 -38.367401 -2.233000 8.901100 0.000000 -1.000000 0.000000 0.291500 0.533400
0 -38.238800 -2.233000 9.615500 0.000000 -1.000000 0.000000 0.293000 0.542200
0 -39.107800 -2.233000 8.901100 0.000000 -1.000000 0.000000 0.282500 0.533400

0 -38.934601 -2.233000 9.863600 0.000000 -1.000000 0.000000 0.284700 0.545400
0 -39.107800 -2.233000 8.901100 0.000000 -1.000000 0.000000 0.282500 0.533400
0 -38.238800 -2.233000 9.615500 0.000000 -1.000000 0.000000 0.293000 0.542200

0 -38.238800 -2.233000 9.615500 0.000000 -1.000000 0.000000 0.293000 0.542200
0 -38.540600 -2.233000 9.863600 0.000000 -1.000000 0.000000 0.289300 0.545400
0 -38.934601 -2.233000 9.863600 0.000000 -1.000000 0.000000 0.284700 0.545400

0 -38.367401 -2.233000 8.901100 0.000000 -1.000000 0.000000 0.291500 0.533400
0 -38.170399 -2.233000 9.235400 0.000000 -1.000000 0.000000 0.293900 0.537600
0 -38.238800 -2.233000 9.615500 0.000000 -1.000000 0.000000 0.293000 0.542200

0 13.123500 -16.254400 27.679600 0.001900 -0.007300 -1.000000 0.212200 0.975800
0 30.781401 -12.353900 27.683901 0.001900 -0.007300 -1.000000 0.295400 0.975600
0 13.266600 -16.803900 27.683901 0.001900 -0.007300 -1.000000 0.211900 0.975600

0 -38.737598 1.974900 8.769100 0.000000 1.000000 0.000000 0.260700 0.555900
0 -39.107800 1.974900 8.901100 0.000000 1.000000 0.000000 0.265400 0.557400
0 -39.304798 1.974900 9.235400 0.000000 1.000000 0.000000 0.267600 0.561500

0 -39.304798 1.974900 9.235400 0.000000 1.000000 0.000000 0.267600 0.561500
0 -39.236401 1.974900 9.615500 0.000000 1.000000 0.000000 0.266800 0.566400
0 -38.737598 1.974900 8.769100 0.000000 1.000000 0.000000 0.260700 0.555900

0 -39.236401 1.974900 9.615500 0.000000 1.000000 0.000000 0.266800 0.566400
0 -38.934601 1.974900 9.863600 0.000000 1.000000 0.000000 0.263200 0.569300
0 -38.540600 1.974900 9.863600 0.000000 1.000000 0.000000 0.258300 0.569300

0 -38.540600 1.974900 9.863600 0.000000 1.000000 0.000000 0.258300 0.569300
0 -38.170399 1.974900 9.235400 0.000000 1.000000 0.000000 0.253900 0.561500
0 -39.236401 1.974900 9.615500 0.000000 1.000000 0.000000 0.266800 0.566400

0 -38.737598 1.974900 8.769100 0.000000 1.000000 0.000000 0.260700 0.555900
0 -39.236401 1.974900 9.615500 0.000000 1.000000 0.000000 0.266800 0.566400
0 -38.170399 1.974900 9.235400 0.000000 1.000000 0.000000 0.253900 0.561500

0 -38.170399 1.974900 9.235400 0.000000 1.000000 0.000000 0.253900 0.561500
0 -38.367401 1.974900 8.901100 0.000000 1.000000 0.000000 0.256300 0.557400
0 -38.737598 1.974900 8.769100 0.000000 1.000000 0.000000 0.260700 0.555900

0 -38.540600 1.974900 9.863600 0.000000 1.000000 0.000000 0.258300 0.569300
0 -38.238800 1.974900 9.615500 0.000000 1.000000 0.000000 0.254600 0.566400
0 -38.170399 1.974900 9.235400 0.000000 1.000000 0.000000 0.253900 0.561500

0 -27.049999 -27.342300 27.683901 0.057900 -0.570500 -0.819200 0.020400 0.975600
0 -30.529499 -27.347601 27.683901 0.000800 -0.552700 -0.833300 0.005600 0.975900
0 -29.365999 -26.176201 26.908100 0.001800 -0.551500 -0.834200 0.005600 0.972400

0 -29.365999 -26.176201 26.908100 0.001800 -0.551500 -0.834200 0.005600 0.972400
0 -26.332100 -26.173901 26.923700 0.127500 -0.602000 -0.788300 0.023200 0.972300
0 -27.049999 -27.342300 27.683901 0.057900 -0.570500 -0.819200 0.020400 0.975600

0 -21.158501 -25.550301 27.683901 0.193500 -0.728400 -0.657300 0.041800 0.976000
0 -27.049999 -27.342300 27.683901 0.057900 -0.570500 -0.819200 0.020400 0.975600
0 -26.332100 -26.173901 26.923700 0.127500 -0.602000 -0.788300 0.023200 0.972300

0 -26.332100 -26.173901 26.923700 0.127500 -0.602000 -0.788300 0.023200 0.972300
0 -20.709900 -24.799801 26.965200 0.204300 -0.741200 -0.639400 0.048800 0.972500
0 -21.158501 -25.550301 27.683901 0.193500 -0.728400 -0.657300 0.041800 0.976000

0 -3.786900 -20.550800 27.679600 0.246100 -0.940900 -0.232600 0.131000 0.975800
0 -21.158501 -25.550301 27.683901 0.193500 -0.728400 -0.657300 0.041800 0.976000
0 -20.709900 -24.799801 26.965200 0.204300 -0.741200 -0.639400 0.048800 0.972500

0 -20.709900 -24.799801 26.965200 0.204300 -0.741200 -0.639400 0.048800 0.972500
0 -3.762400 -20.400700 27.058300 0.246300 -0.944300 -0.218400 0.131200 0.972900
0 -3.786900 -20.550800 27.679600 0.246100 -0.940900 -0.232600 0.131000 0.975800

0 -30.435101 -22.869301 33.618500 0.174800 0.300400 0.937700 0.936000 0.845800
0 -30.209299 -24.124800 33.978600 0.174800 0.300400 0.937700 0.938500 0.849700
0 -27.390200 -25.764500 33.978298 0.174800 0.300400 0.937700 0.952600 0.864900

0 -38.107399 1.830900 9.224500 0.899700 0.405800 -0.160700 0.253200 0.561500
0 -38.326302 1.830900 8.853100 0.584100 0.401800 -0.705200 0.255900 0.556900
0 -38.367401 1.974900 8.901100 0.581900 0.401800 -0.707100 0.256300 0.557400

0 -38.737598 1.974900 8.769100 0.000000 0.399200 -0.916900 0.260700 0.555900
0 -38.367401 1.974900 8.901100 0.581900 0.401800 -0.707100 0.256300 0.557400
0 -38.326302 1.830900 8.853100 0.584100 0.401800 -0.705200 0.255900 0.556900

0 -38.326302 1.830900 8.853100 0.584100 0.401800 -0.705200 0.255900 0.556900
0 -38.737598 1.830900 8.706400 0.000000 0.399200 -0.916900 0.260700 0.554900
0 -38.737598 1.974900 8.769100 0.000000 0.399200 -0.916900 0.260700 0.555900

0 -39.107800 1.974900 8.901100 -0.581800 0.402100 -0.707000 0.265400 0.557400
0 -38.737598 1.974900 8.769100 0.000000 0.399200 -0.916900 0.260700 0.555900
0 -38.737598 1.830900 8.706400 0.000000 0.399200 -0.916900 0.260700 0.554900

0 -38.737598 1.830900 8.706400 0.000000 0.399200 -0.916900 0.260700 0.554900
0 -39.148998 1.830900 8.853100 -0.584100 0.402100 -0.705000 0.265900 0.556900
0 -39.107800 1.974900 8.901100 -0.581800 0.402100 -0.707000 0.265400 0.557400

0 -39.304798 1.974900 9.235400 -0.899500 0.405800 -0.161600 0.267600 0.561500
0 -39.107800 1.974900 8.901100 -0.581800 0.402100 -0.707000 0.265400 0.557400
0 -39.148998 1.830900 8.853100 -0.584100 0.402100 -0.705000 0.265900 0.556900

0 -39.148998 1.830900 8.853100 -0.584100 0.402100 -0.705000 0.265900 0.556900
0 -39.367802 1.830900 9.224500 -0.899700 0.405800 -0.160700 0.268600 0.561500
0 -39.304798 1.974900 9.235400 -0.899500 0.405800 -0.161600 0.267600 0.561500

0 -39.236401 1.974900 9.615500 -0.788200 0.404400 0.463800 0.266800 0.566400
0 -39.304798 1.974900 9.235400 -0.899500 0.405800 -0.161600 0.267600 0.561500
0 -39.367802 1.830900 9.224500 -0.899700 0.405800 -0.160700 0.268600 0.561500

0 -39.367802 1.830900 9.224500 -0.899700 0.405800 -0.160700 0.268600 0.561500
0 -39.291801 1.830900 9.646900 -0.789500 0.404400 0.461700 0.267600 0.566700
0 -39.236401 1.974900 9.615500 -0.788200 0.404400 0.463800 0.266800 0.566400

0 -38.934601 1.974900 9.863600 -0.308100 0.400400 0.863000 0.263200 0.569300
0 -39.236401 1.974900 9.615500 -0.788200 0.404400 0.463800 0.266800 0.566400
0 -39.291801 1.830900 9.646900 -0.789500 0.404400 0.461700 0.267600 0.566700

0 -39.291801 1.830900 9.646900 -0.789500 0.404400 0.461700 0.267600 0.566700
0 -38.956501 1.830900 9.922600 -0.309900 0.400400 0.862300 0.263400 0.570300
0 -38.934601 1.974900 9.863600 -0.308100 0.400400 0.863000 0.263200 0.569300

0 -38.540600 1.974900 9.863600 0.308100 0.400400 0.863000 0.258300 0.569300
0 -38.934601 1.974900 9.863600 -0.308100 0.400400 0.863000 0.263200 0.569300
0 -38.956501 1.830900 9.922600 -0.309900 0.400400 0.862300 0.263400 0.570300

0 -38.956501 1.830900 9.922600 -0.309900 0.400400 0.862300 0.263400 0.570300
0 -38.518700 1.830900 9.922600 0.309800 0.400400 0.862400 0.258100 0.570300
0 -38.540600 1.974900 9.863600 0.308100 0.400400 0.863000 0.258300 0.569300

0 -38.238800 1.974900 9.615500 0.788200 0.404400 0.463800 0.254600 0.566400
0 -38.540600 1.974900 9.863600 0.308100 0.400400 0.863000 0.258300 0.569300
0 -38.518700 1.830900 9.922600 0.309800 0.400400 0.862400 0.258100 0.570300

0 -38.518700 1.830900 9.922600 0.309800 0.400400 0.862400 0.258100 0.570300
0 -38.183399 1.830900 9.646900 0.789500 0.404400 0.461700 0.253900 0.566700
0 -38.238800 1.974900 9.615500 0.788200 0.404400 0.463800 0.254600 0.566400

0 -38.170399 1.974900 9.235400 0.899500 0.405800 -0.161700 0.253900 0.561500
0 -38.238800 1.974900 9.615500 0.788200 0.404400 0.463800 0.254600 0.566400
0 -38.183399 1.830900 9.646900 0.789500 0.404400 0.461700 0.253900 0.566700

0 -38.183399 1.830900 9.646900 0.789500 0.404400 0.461700 0.253900 0.566700
0 -38.107399 1.830900 9.224500 0.899700 0.405800 -0.160700 0.253200 0.561500
0 -38.170399 1.974900 9.235400 0.899500 0.405800 -0.161700 0.253900 0.561500

0 -38.367401 1.974900 8.901100 0.581900 0.401800 -0.707100 0.256300 0.557400
0 -38.170399 1.974900 9.235400 0.899500 0.405800 -0.161700 0.253900 0.561500
0 -38.107399 1.830900 9.224500 0.899700 0.405800 -0.160700 0.253200 0.561500

0 -40.990200 4.354900 27.683901 -0.497100 -0.105400 -0.861300 0.366900 0.993300
0 -41.767399 7.521400 27.683901 -0.447300 0.025700 -0.894000 0.347900 0.993300
0 -40.213299 7.768100 26.913500 -0.447200 0.087300 -0.890200 0.349900 0.990600

0 -40.213299 7.768100 26.913500 -0.447200 0.087300 -0.890200 0.349900 0.990600
0 -41.767399 7.521400 27.683901 -0.447300 0.025700 -0.894000 0.347900 0.993300
0 -40.394001 10.517800 27.683901 -0.361100 0.316000 -0.877400 0.338400 0.993300

0 -40.394001 10.517800 27.683901 -0.361100 0.316000 -0.877400 0.338400 0.993300
0 -38.809299 10.067300 26.908800 -0.308500 0.397300 -0.864300 0.338600 0.990500
0 -40.213299 7.768100 26.913500 -0.447200 0.087300 -0.890200 0.349900 0.990600

0 -38.809299 10.067300 26.908800 -0.308500 0.397300 -0.864300 0.338600 0.990500
0 -40.394001 10.517800 27.683901 -0.361100 0.316000 -0.877400 0.338400 0.993300
0 -37.344002 12.171400 27.683901 -0.224700 0.534500 -0.814800 0.323000 0.993300

0 -37.344002 12.171400 27.683901 -0.224700 0.534500 -0.814800 0.323000 0.993300
0 -36.151299 11.511400 26.924801 -0.177100 0.598100 -0.781600 0.320600 0.990600
0 -38.809299 10.067300 26.908800 -0.308500 0.397300 -0.864300 0.338600 0.990500

0 -36.151299 11.511400 26.924801 -0.177100 0.598100 -0.781600 0.320600 0.990600
0 -37.344002 12.171400 27.683901 -0.224700 0.534500 -0.814800 0.323000 0.993300
0 -31.308300 13.409800 27.683901 -0.180200 0.742400 -0.645200 0.298100 0.993300

0 -31.308300 13.409800 27.683901 -0.180200 0.742400 -0.645200 0.298100 0.993300
0 -30.555300 12.986300 26.966900 -0.176500 0.759100 -0.626600 0.294200 0.990700
0 -36.151299 11.511400 26.924801 -0.177100 0.598100 -0.781600 0.320600 0.990600

0 -30.555300 12.986300 26.966900 -0.176500 0.759100 -0.626600 0.294200 0.990700
0 -31.308300 13.409800 27.683901 -0.180200 0.742400 -0.645200 0.298100 0.993300
0 -13.650300 17.310400 27.679600 -0.234200 0.949900 -0.207000 0.212600 0.993300

0 -13.650300 17.310400 27.679600 -0.234200 0.949900 -0.207000 0.212600 0.993300
0 -13.560100 17.207300 27.059799 -0.235500 0.952600 -0.192700 0.212500 0.991100
0 -30.555300 12.986300 26.966900 -0.176500 0.759100 -0.626600 0.294200 0.990700

0 -31.719900 -24.832701 26.913300 -0.348600 -0.292500 -0.890500 0.514200 0.990600
0 -29.365999 -26.176201 26.908100 -0.218200 -0.378900 -0.899400 0.524900 0.990500
0 -30.529499 -27.347601 27.683901 -0.245200 -0.388300 -0.888300 0.524900 0.993300

0 -30.529499 -27.347601 27.683901 -0.245200 -0.388300 -0.888300 0.524900 0.993300
0 -33.196602 -25.377701 27.683901 -0.378100 -0.239900 -0.894200 0.516100 0.993300
0 -31.719900 -24.832701 26.913300 -0.348600 -0.292500 -0.890500 0.514200 0.990600

0 -31.719900 -24.832701 26.913300 -0.348600 -0.292500 -0.890500 0.514200 0.990600
0 -33.196602 -25.377701 27.683901 -0.378100 -0.239900 -0.894200 0.516100 0.993300
0 -34.063301 -22.233999 27.683901 -0.485300 -0.150500 -0.861300 0.494600 0.994700

0 -34.063301 -22.233999 27.683901 -0.485300 -0.150500 -0.861300 0.494600 0.994700
0 -32.972000 -21.602501 26.933001 -0.499500 -0.151300 -0.853000 0.496600 0.990900
0 -31.719900 -24.832701 26.913300 -0.348600 -0.292500 -0.890500 0.514200 0.990600

0 -32.972000 -21.602501 26.933001 -0.499500 -0.151300 -0.853000 0.496600 0.990900
0 -34.063301 -22.233999 27.683901 -0.485300 -0.150500 -0.861300 0.494600 0.994700
0 -37.526501 -8.940400 27.683901 -0.508700 -0.132500 -0.850700 0.432400 0.993300

0 -37.526501 -8.940400 27.683901 -0.508700 -0.132500 -0.850700 0.432400 0.993300
0 -32.872002 -21.233700 26.815701 -0.508800 -0.132600 -0.850600 0.495600 0.990200
0 -32.972000 -21.602501 26.933001 -0.499500 -0.151300 -0.853000 0.496600 0.990900

0 -37.526501 -8.940400 27.683901 -0.508700 -0.132500 -0.850700 0.432400 0.993300
0 -39.464001 4.070200 26.815701 -0.508700 -0.132500 -0.850700 0.368400 0.990200
0 -32.872002 -21.233700 26.815701 -0.508800 -0.132600 -0.850600 0.495600 0.990200

0 -39.464001 4.070200 26.815701 -0.508700 -0.132500 -0.850700 0.368400 0.990200
0 -37.526501 -8.940400 27.683901 -0.508700 -0.132500 -0.850700 0.432400 0.993300
0 -40.990200 4.354900 27.683901 -0.497100 -0.105400 -0.861300 0.366900 0.993300

0 -40.990200 4.354900 27.683901 -0.497100 -0.105400 -0.861300 0.366900 0.993300
0 -39.731800 4.341700 26.933500 -0.509800 -0.111700 -0.853000 0.366900 0.990600
0 -39.464001 4.070200 26.815701 -0.508700 -0.132500 -0.850700 0.368400 0.990200

0 -40.213299 7.768100 26.913500 -0.447200 0.087300 -0.890200 0.349900 0.990600
0 -39.731800 4.341700 26.933500 -0.509800 -0.111700 -0.853000 0.366900 0.990600
0 -40.990200 4.354900 27.683901 -0.497100 -0.105400 -0.861300 0.366900 0.993300

0 38.102200 -2.085100 9.224500 -0.903600 -0.396800 -0.161400 0.255900 0.542000
0 38.321098 -2.085100 8.853100 -0.586600 -0.392900 -0.708200 0.258500 0.537400
0 38.362202 -2.233000 8.901100 -0.584400 -0.392900 -0.710000 0.259000 0.538100

0 38.732399 -2.233000 8.769100 -0.000000 -0.390300 -0.920700 0.263400 0.536400
0 38.362202 -2.233000 8.901100 -0.584400 -0.392900 -0.710000 0.259000 0.538100
0 38.321098 -2.085100 8.853100 -0.586600 -0.392900 -0.708200 0.258500 0.537400

0 38.321098 -2.085100 8.853100 -0.586600 -0.392900 -0.708200 0.258500 0.537400
0 38.732399 -2.085100 8.706400 -0.000000 -0.390300 -0.920700 0.263400 0.535600
0 38.732399 -2.233000 8.769100 -0.000000 -0.390300 -0.920700 0.263400 0.536400

0 39.102600 -2.233000 8.901100 0.584300 -0.393200 -0.710000 0.268100 0.538100
0 38.732399 -2.233000 8.769100 -0.000000 -0.390300 -0.920700 0.263400 0.536400
0 38.732399 -2.085100 8.706400 -0.000000 -0.390300 -0.920700 0.263400 0.535600

0 38.732399 -2.085100 8.706400 -0.000000 -0.390300 -0.920700 0.263400 0.535600
0 39.143799 -2.085100 8.853100 0.586600 -0.393200 -0.708000 0.268600 0.537400
0 39.102600 -2.233000 8.901100 0.584300 -0.393200 -0.710000 0.268100 0.538100

0 39.299599 -2.233000 9.235400 0.903200 -0.397300 -0.162400 0.270300 0.542200
0 39.102600 -2.233000 8.901100 0.584300 -0.393200 -0.710000 0.268100 0.538100
0 39.143799 -2.085100 8.853100 0.586600 -0.393200 -0.708000 0.268600 0.537400

0 39.143799 -2.085100 8.853100 0.586600 -0.393200 -0.708000 0.268600 0.537400
0 39.362701 -2.085100 9.224500 0.903400 -0.397300 -0.161400 0.271200 0.542000
0 39.299599 -2.233000 9.235400 0.903200 -0.397300 -0.162400 0.270300 0.542200

0 39.231201 -2.233000 9.615500 0.791600 -0.395500 0.465900 0.269500 0.546900
0 39.299599 -2.233000 9.235400 0.903200 -0.397300 -0.162400 0.270300 0.542200
0 39.362701 -2.085100 9.224500 0.903400 -0.397300 -0.161400 0.271200 0.542000

0 39.362701 -2.085100 9.224500 0.903400 -0.397300 -0.161400 0.271200 0.542000
0 39.286598 -2.085100 9.646900 0.792800 -0.395400 0.463800 0.270300 0.547400
0 39.231201 -2.233000 9.615500 0.791600 -0.395500 0.465900 0.269500 0.546900

0 38.929401 -2.233000 9.863600 0.309500 -0.391500 0.866600 0.265900 0.550000
0 39.231201 -2.233000 9.615500 0.791600 -0.395500 0.465900 0.269500 0.546900
0 39.286598 -2.085100 9.646900 0.792800 -0.395400 0.463800 0.270300 0.547400

0 39.286598 -2.085100 9.646900 0.792800 -0.395400 0.463800 0.270300 0.547400
0 38.951302 -2.085100 9.922600 0.311100 -0.391500 0.866000 0.266100 0.550800
0 38.929401 -2.233000 9.863600 0.309500 -0.391500 0.866600 0.265900 0.550000

0 38.535400 -2.233000 9.863600 -0.309400 -0.391500 0.866600 0.261000 0.550000
0 38.929401 -2.233000 9.863600 0.309500 -0.391500 0.866600 0.265900 0.550000
0 38.951302 -2.085100 9.922600 0.311100 -0.391500 0.866000 0.266100 0.550800

0 38.951302 -2.085100 9.922600 0.311100 -0.391500 0.866000 0.266100 0.550800
0 38.513500 -2.085100 9.922600 -0.311100 -0.391500 0.866000 0.260700 0.550800
0 38.535400 -2.233000 9.863600 -0.309400 -0.391500 0.866600 0.261000 0.550000

0 38.233601 -2.233000 9.615500 -0.791600 -0.395400 0.465800 0.257300 0.546900
0 38.535400 -2.233000 9.863600 -0.309400 -0.391500 0.866600 0.261000 0.550000
0 38.513500 -2.085100 9.922600 -0.311100 -0.391500 0.866000 0.260700 0.550800

0 38.513500 -2.085100 9.922600 -0.311100 -0.391500 0.866000 0.260700 0.550800
0 38.178200 -2.085100 9.646900 -0.792900 -0.395400 0.463700 0.256600 0.547400
0 38.233601 -2.233000 9.615500 -0.791600 -0.395400 0.465800 0.257300 0.546900

0 38.165199 -2.233000 9.235400 -0.903400 -0.396800 -0.162400 0.256600 0.542200
0 38.233601 -2.233000 9.615500 -0.791600 -0.395400 0.465800 0.257300 0.546900
0 38.178200 -2.085100 9.646900 -0.792900 -0.395400 0.463700 0.256600 0.547400

0 38.178200 -2.085100 9.646900 -0.792900 -0.395400 0.463700 0.256600 0.547400
0 38.102200 -2.085100 9.224500 -0.903600 -0.396800 -0.161400 0.255900 0.542000
0 38.165199 -2.233000 9.235400 -0.903400 -0.396800 -0.162400 0.256600 0.542200

0 38.362202 -2.233000 8.901100 -0.584400 -0.392900 -0.710000 0.259000 0.538100
0 38.165199 -2.233000 9.235400 -0.903400 -0.396800 -0.162400 0.256600 0.542200
0 38.102200 -2.085100 9.224500 -0.903600 -0.396800 -0.161400 0.255900 0.542000

0 26.523199 28.398199 27.683901 -0.058500 0.578100 -0.813800 0.017400 0.993300
0 30.002600 28.403500 27.683901 -0.000900 0.560200 -0.828400 0.006300 0.993300
0 28.843000 27.256201 26.909201 -0.001800 0.558900 -0.829200 0.006300 0.990500

0 28.843000 27.256201 26.909201 -0.001800 0.558900 -0.829200 0.006300 0.990500
0 25.808901 27.254200 26.925301 -0.129400 0.610100 -0.781700 0.023100 0.990400
0 26.523199 28.398199 27.683901 -0.058500 0.578100 -0.813800 0.017400 0.993300

0 20.631599 26.606199 27.683901 -0.196200 0.738400 -0.645200 0.048100 0.994700
0 26.523199 28.398199 27.683901 -0.058500 0.578100 -0.813800 0.017400 0.993300
0 25.808901 27.254200 26.925301 -0.129400 0.610100 -0.781700 0.023100 0.990400

0 25.808901 27.254200 26.925301 -0.129400 0.610100 -0.781700 0.023100 0.990400
0 20.186600 25.878901 26.967501 -0.207100 0.751100 -0.626800 0.050500 0.991000
0 20.631599 26.606199 27.683901 -0.196200 0.738400 -0.645200 0.048100 0.994700

0 3.260000 21.606800 27.679600 -0.247600 0.946500 -0.207200 0.131500 0.993300
0 20.631599 26.606199 27.683901 -0.196200 0.738400 -0.645200 0.048100 0.994700
0 20.186600 25.878901 26.967501 -0.207100 0.751100 -0.626800 0.050500 0.991000

0 20.186600 25.878901 26.967501 -0.207100 0.751100 -0.626800 0.050500 0.991000
0 3.237400 21.475100 27.059999 -0.247700 0.949500 -0.192800 0.131800 0.991100
0 3.260000 21.606800 27.679600 -0.247600 0.946500 -0.207200 0.131500 0.993300

0 29.908199 23.925301 33.618500 -0.174800 -0.300400 0.937700 0.794900 0.760000
0 29.682400 25.180799 33.978600 -0.174800 -0.300400 0.937700 0.793000 0.756700
0 26.863300 26.820400 33.978298 -0.174800 -0.300400 0.937700 0.778300 0.741700

0 39.362701 1.830900 9.224500 0.984300 0.000000 -0.176200 0.042800 0.560800
0 39.286598 1.830900 9.646900 0.984200 0.000000 0.177300 0.042800 0.563200
0 39.286598 -2.085100 9.646900 0.984200 0.000000 0.177300 0.012100 0.563200

0 39.286598 -2.085100 9.646900 0.984200 0.000000 0.177300 0.012100 0.563200
0 39.362701 -2.085100 9.224500 0.984300 0.000000 -0.176200 0.012100 0.560800
0 39.362701 1.830900 9.224500 0.984300 0.000000 -0.176200 0.042800 0.560800

0 39.143799 1.830900 8.853100 0.636800 0.000000 -0.771000 0.042800 0.558300
0 39.362701 1.830900 9.224500 0.984300 0.000000 -0.176200 0.042800 0.560800
0 39.362701 -2.085100 9.224500 0.984300 0.000000 -0.176200 0.012100 0.560800

0 39.362701 -2.085100 9.224500 0.984300 0.000000 -0.176200 0.012100 0.560800
0 39.143799 -2.085100 8.853100 0.636800 0.000000 -0.771000 0.012100 0.558300
0 39.143799 1.830900 8.853100 0.636800 0.000000 -0.771000 0.042800 0.558300

0 38.732399 1.830900 8.706400 -0.000000 0.000000 -1.000000 0.042800 0.555900
0 39.143799 1.830900 8.853100 0.636800 0.000000 -0.771000 0.042800 0.558300
0 39.143799 -2.085100 8.853100 0.636800 0.000000 -0.771000 0.012100 0.558300

0 39.143799 -2.085100 8.853100 0.636800 0.000000 -0.771000 0.012100 0.558300
0 38.732399 -2.085100 8.706400 -0.000000 0.000000 -1.000000 0.012100 0.555900
0 38.732399 1.830900 8.706400 -0.000000 0.000000 -1.000000 0.042800 0.555900

0 38.321098 1.830900 8.853100 -0.636900 0.000000 -0.771000 0.042800 0.553200
0 38.732399 1.830900 8.706400 -0.000000 0.000000 -1.000000 0.042800 0.555900
0 38.732399 -2.085100 8.706400 -0.000000 0.000000 -1.000000 0.012100 0.555900

0 38.732399 -2.085100 8.706400 -0.000000 0.000000 -1.000000 0.012100 0.555900
0 38.321098 -2.085100 8.853100 -0.636900 0.000000 -0.771000 0.012100 0.553200
0 38.321098 1.830900 8.853100 -0.636900 0.000000 -0.771000 0.042800 0.553200

0 38.102200 1.830900 9.224500 -0.984300 0.000000 -0.176400 0.042800 0.551000
0 38.321098 1.830900 8.853100 -0.636900 0.000000 -0.771000 0.042800 0.553200
0 38.321098 -2.085100 8.853100 -0.636900 0.000000 -0.771000 0.012100 0.553200

0 38.321098 -2.085100 8.853100 -0.636900 0.000000 -0.771000 0.012100 0.553200
0 38.102200 -2.085100 9.224500 -0.984300 0.000000 -0.176400 0.012100 0.551000
0 38.102200 1.830900 9.224500 -0.984300 0.000000 -0.176400 0.042800 0.551000

0 38.178200 1.830900 9.646900 -0.862600 0.000000 0.505800 0.042800 0.548300
0 38.102200 1.830900 9.224500 -0.984300 0.000000 -0.176400 0.042800 0.551000
0 38.102200 -2.085100 9.224500 -0.984300 0.000000 -0.176400 0.012100 0.551000

0 38.102200 -2.085100 9.224500 -0.984300 0.000000 -0.176400 0.012100 0.551000
0 38.178200 -2.085100 9.646900 -0.862600 0.000000 0.505800 0.012100 0.548300
0 38.178200 1.830900 9.646900 -0.862600 0.000000 0.505800 0.042800 0.548300

0 38.513500 1.830900 9.922600 -0.337300 0.000000 0.941400 0.042800 0.546100
0 38.178200 1.830900 9.646900 -0.862600 0.000000 0.505800 0.042800 0.548300
0 38.178200 -2.085100 9.646900 -0.862600 0.000000 0.505800 0.012100 0.548300

0 38.178200 -2.085100 9.646900 -0.862600 0.000000 0.505800 0.012100 0.548300
0 38.513500 -2.085100 9.922600 -0.337300 0.000000 0.941400 0.012100 0.546100
0 38.513500 1.830900 9.922600 -0.337300 0.000000 0.941400 0.042800 0.546100

0 38.951302 1.830900 9.922600 0.337300 0.000000 0.941400 0.042800 0.543700
0 38.513500 1.830900 9.922600 -0.337300 0.000000 0.941400 0.042800 0.546100
0 38.513500 -2.085100 9.922600 -0.337300 0.000000 0.941400 0.012100 0.546100

0 38.513500 -2.085100 9.922600 -0.337300 0.000000 0.941400 0.012100 0.546100
0 38.951302 -2.085100 9.922600 0.337300 0.000000 0.941400 0.012100 0.543700
0 38.951302 1.830900 9.922600 0.337300 0.000000 0.941400 0.042800 0.543700

0 39.286598 1.830900 9.646900 0.635100 0.000000 0.772400 0.042800 0.541500
0 38.951302 1.830900 9.922600 0.337300 0.000000 0.941400 0.042800 0.543700
0 38.951302 -2.085100 9.922600 0.337300 0.000000 0.941400 0.012100 0.543700

0 38.951302 -2.085100 9.922600 0.337300 0.000000 0.941400 0.012100 0.543700
0 39.286598 -2.085100 9.646900 0.635100 0.000000 0.772400 0.012100 0.541500
0 39.286598 1.830900 9.646900 0.635100 0.000000 0.772400 0.042800 0.541500

0 38.362202 -2.233000 8.901100 0.000000 -1.000000 0.000000 0.259000 0.538100
0 38.732399 -2.233000 8.769100 0.000000 -1.000000 0.000000 0.263400 0.536400
0 39.102600 -2.233000 8.901100 0.000000 -1.000000 0.000000 0.268100 0.538100

0 38.233601 -2.233000 9.615500 0.000000 -1.000000 0.000000 0.257300 0.546900
0 38.165199 -2.233000 9.235400 0.000000 -1.000000 0.000000 0.256600 0.542200
0 38.362202 -2.233000 8.901100 0.000000 -1.000000 0.000000 0.259000 0.538100

0 38.362202 -2.233000 8.901100 0.000000 -1.000000 0.000000 0.259000 0.538100
0 39.102600 -2.233000 8.901100 0.000000 -1.000000 0.000000 0.268100 0.538100
0 38.233601 -2.233000 9.615500 0.000000 -1.000000 0.000000 0.257300 0.546900

0 38.233601 -2.233000 9.615500 0.000000 -1.000000 0.000000 0.257300 0.546900
0 39.102600 -2.233000 8.901100 0.000000 -1.000000 0.000000 0.268100 0.538100
0 38.929401 -2.233000 9.863600 0.000000 -1.000000 0.000000 0.265900 0.550000

0 38.929401 -2.233000 9.863600 0.000000 -1.000000 0.000000 0.265900 0.550000
0 39.102600 -2.233000 8.901100 0.000000 -1.000000 0.000000 0.268100 0.538100
0 39.299599 -2.233000 9.235400 0.000000 -1.000000 0.000000 0.270300 0.542200

0 39.299599 -2.233000 9.235400 0.000000 -1.000000 0.000000 0.270300 0.542200
0 39.231201 -2.233000 9.615500 0.000000 -1.000000 0.000000 0.269500 0.546900
0 38.929401 -2.233000 9.863600 0.000000 -1.000000 0.000000 0.265900 0.550000

0 38.929401 -2.233000 9.863600 0.000000 -1.000000 0.000000 0.265900 0.550000
0 38.535400 -2.233000 9.863600 0.000000 -1.000000 0.000000 0.261000 0.550000
0 38.233601 -2.233000 9.615500 0.000000 -1.000000 0.000000 0.257300 0.546900

0 38.102200 1.830900 9.224500 -0.899700 0.405800 -0.160700 0.301800 0.558600
0 38.165199 1.974900 9.235400 -0.899500 0.405800 -0.161700 0.301000 0.558800
0 38.362202 1.974900 8.901100 -0.581900 0.401800 -0.707100 0.298600 0.554400

0 38.362202 1.974900 8.901100 -0.581900 0.401800 -0.707100 0.298600 0.554400
0 38.321098 1.830900 8.853100 -0.584100 0.401800 -0.705200 0.299100 0.554000
0 38.102200 1.830900 9.224500 -0.899700 0.405800 -0.160700 0.301800 0.558600

0 38.321098 1.830900 8.853100 -0.584100 0.401800 -0.705200 0.299100 0.554000
0 38.362202 1.974900 8.901100 -0.581900 0.401800 -0.707100 0.298600 0.554400
0 38.732399 1.974900 8.769100 -0.000000 0.399200 -0.916900 0.294200 0.553000

0 38.732399 1.974900 8.769100 -0.000000 0.399200 -0.916900 0.294200 0.553000
0 38.732399 1.830900 8.706400 -0.000000 0.399200 -0.916900 0.294200 0.552000
0 38.321098 1.830900 8.853100 -0.584100 0.401800 -0.705200 0.299100 0.554000

0 38.732399 1.830900 8.706400 -0.000000 0.399200 -0.916900 0.294200 0.552000
0 38.732399 1.974900 8.769100 -0.000000 0.399200 -0.916900 0.294200 0.553000
0 39.102600 1.974900 8.901100 0.581800 0.402100 -0.707000 0.289600 0.554400

0 39.102600 1.974900 8.901100 0.581800 0.402100 -0.707000 0.289600 0.554400
0 39.143799 1.830900 8.853100 0.584100 0.402200 -0.705000 0.289100 0.554000
0 38.732399 1.830900 8.706400 -0.000000 0.399200 -0.916900 0.294200 0.552000

0 39.143799 1.830900 8.853100 0.584100 0.402200 -0.705000 0.289100 0.554000
0 39.102600 1.974900 8.901100 0.581800 0.402100 -0.707000 0.289600 0.554400
0 39.299599 1.974900 9.235400 0.899300 0.406300 -0.161700 0.287100 0.558800

0 39.299599 1.974900 9.235400 0.899300 0.406300 -0.161700 0.287100 0.558800
0 39.362701 1.830900 9.224500 0.899500 0.406300 -0.160700 0.286400 0.558600
0 39.143799 1.830900 8.853100 0.584100 0.402200 -0.705000 0.289100 0.554000

0 39.362701 1.830900 9.224500 0.899500 0.406300 -0.160700 0.286400 0.558600
0 39.299599 1.974900 9.235400 0.899300 0.406300 -0.161700 0.287100 0.558800
0 39.231201 1.974900 9.615500 0.788200 0.404400 0.463900 0.288100 0.563500

0 39.231201 1.974900 9.615500 0.788200 0.404400 0.463900 0.288100 0.563500
0 39.286598 1.830900 9.646900 0.789400 0.404400 0.461800 0.287400 0.563700
0 39.362701 1.830900 9.224500 0.899500 0.406300 -0.160700 0.286400 0.558600

0 39.286598 1.830900 9.646900 0.789400 0.404400 0.461800 0.287400 0.563700
0 39.231201 1.974900 9.615500 0.788200 0.404400 0.463900 0.288100 0.563500
0 38.929401 1.974900 9.863600 0.308100 0.400400 0.863000 0.291700 0.566700

0 38.929401 1.974900 9.863600 0.308100 0.400400 0.863000 0.291700 0.566700
0 38.951302 1.830900 9.922600 0.309900 0.400400 0.862300 0.291500 0.567400
0 39.286598 1.830900 9.646900 0.789400 0.404400 0.461800 0.287400 0.563700

0 38.951302 1.830900 9.922600 0.309900 0.400400 0.862300 0.291500 0.567400
0 38.929401 1.974900 9.863600 0.308100 0.400400 0.863000 0.291700 0.566700
0 38.535400 1.974900 9.863600 -0.308100 0.400400 0.863000 0.296600 0.566700

0 38.535400 1.974900 9.863600 -0.308100 0.400400 0.863000 0.296600 0.566700
0 38.513500 1.830900 9.922600 -0.309800 0.400400 0.862400 0.296900 0.567400
0 38.951302 1.830900 9.922600 0.309900 0.400400 0.862300 0.291500 0.567400

0 38.513500 1.830900 9.922600 -0.309800 0.400400 0.862400 0.296900 0.567400
0 38.535400 1.974900 9.863600 -0.308100 0.400400 0.863000 0.296600 0.566700
0 38.233601 1.974900 9.615500 -0.788200 0.404400 0.463800 0.300300 0.563500

0 38.233601 1.974900 9.615500 -0.788200 0.404400 0.463800 0.300300 0.563500
0 38.178200 1.830900 9.646900 -0.789500 0.404400 0.461700 0.300800 0.563700
0 38.513500 1.830900 9.922600 -0.309800 0.400400 0.862400 0.296900 0.567400

0 38.178200 1.830900 9.646900 -0.789500 0.404400 0.461700 0.300800 0.563700
0 38.233601 1.974900 9.615500 -0.788200 0.404400 0.463800 0.300300 0.563500
0 38.165199 1.974900 9.235400 -0.899500 0.405800 -0.161700 0.301000 0.558800

0 38.165199 1.974900 9.235400 -0.899500 0.405800 -0.161700 0.301000 0.558800
0 38.102200 1.830900 9.224500 -0.899700 0.405800 -0.160700 0.301800 0.558600
0 38.178200 1.830900 9.646900 -0.789500 0.404400 0.461700 0.300800 0.563700

0 -37.596199 -4.255000 16.763599 0.965400 0.037200 -0.257900 0.205700 0.561300
0 -37.596199 -3.283200 16.763599 0.938500 0.000000 -0.345200 0.202400 0.561300
0 -37.677799 -3.283200 17.217300 0.762800 0.000000 0.646700 0.202400 0.562700

0 -37.677799 -3.283200 17.217300 0.762800 0.000000 0.646700 0.202400 0.562700
0 -37.677799 -4.315500 17.217300 0.721000 -0.211100 0.659900 0.205900 0.562700
0 -37.596199 -4.255000 16.763599 0.965400 0.037200 -0.257900 0.205700 0.561300

0 -37.677799 -4.315500 17.217300 0.721000 -0.211100 0.659900 0.205900 0.562700
0 -37.677799 -3.283200 17.217300 0.762800 0.000000 0.646700 0.202400 0.562700
0 -38.119701 -3.283200 17.374800 0.335700 0.000000 0.942000 0.202400 0.563200

0 -38.119701 -3.283200 17.374800 0.335700 0.000000 0.942000 0.202400 0.563200
0 -38.119701 -4.331700 17.374800 0.332300 -0.265500 0.905000 0.205900 0.563200
0 -37.677799 -4.315500 17.217300 0.721000 -0.211100 0.659900 0.205900 0.562700

0 -37.677799 -4.315500 17.217300 0.721000 -0.211100 0.659900 0.205900 0.562700
0 -38.119701 -4.331700 17.374800 0.332300 -0.265500 0.905000 0.205900 0.563200
0 -38.155399 -4.960800 16.974899 0.285900 -0.779800 0.556900 0.208300 0.562000

0 -37.956402 -4.210700 16.467501 0.627300 0.190900 -0.755000 0.205600 0.560300
0 -37.956402 -3.283200 16.467501 0.635000 0.000000 -0.772500 0.202400 0.560300
0 -37.596199 -3.283200 16.763599 0.938500 0.000000 -0.345200 0.202400 0.561300

0 -37.596199 -3.283200 16.763599 0.938500 0.000000 -0.345200 0.202400 0.561300
0 -37.596199 -4.255000 16.763599 0.965400 0.037200 -0.257900 0.205700 0.561300
0 -37.956402 -4.210700 16.467501 0.627300 0.190900 -0.755000 0.205600 0.560300

0 -37.956402 -4.210700 16.467501 0.627300 0.190900 -0.755000 0.205600 0.560300
0 -37.596199 -4.255000 16.763599 0.965400 0.037200 -0.257900 0.205700 0.561300
0 -37.613201 -4.573000 16.572701 0.978300 0.101900 -0.180400 0.206800 0.560500

0 -37.613201 -4.573000 16.572701 0.978300 0.101900 -0.180400 0.206800 0.560500
0 -37.596199 -4.255000 16.763599 0.965400 0.037200 -0.257900 0.205700 0.561300
0 -37.677799 -4.315500 17.217300 0.721000 -0.211100 0.659900 0.205900 0.562700

0 -37.677799 -4.315500 17.217300 0.721000 -0.211100 0.659900 0.205900 0.562700
0 -37.709599 -4.878800 16.861601 0.674000 -0.621900 0.398600 0.207900 0.561500
0 -37.613201 -4.573000 16.572701 0.978300 0.101900 -0.180400 0.206800 0.560500

0 -38.155399 -4.960800 16.974899 0.285900 -0.779800 0.556900 0.208300 0.562000
0 -37.709599 -4.878800 16.861601 0.674000 -0.621900 0.398600 0.207900 0.561500
0 -37.677799 -4.315500 17.217300 0.721000 -0.211100 0.659900 0.205900 0.562700

0 -37.709599 -4.878800 16.861601 0.674000 -0.621900 0.398600 0.207900 0.561500
0 -38.155399 -4.960800 16.974899 0.285900 -0.779800 0.556900 0.208300 0.562000
0 -38.226501 -5.177900 16.178600 0.226800 -0.973700 -0.021800 0.209000 0.559300

0 -38.226501 -5.177900 16.178600 0.226800 -0.973700 -0.021800 0.209000 0.559300
0 -37.773300 -5.071300 16.148399 0.641900 -0.764800 -0.056100 0.208600 0.559100
0 -37.709599 -4.878800 16.861601 0.674000 -0.621900 0.398600 0.207900 0.561500

0 -37.773300 -5.071300 16.148399 0.641900 -0.764800 -0.056100 0.208600 0.559100
0 -38.226501 -5.177900 16.178600 0.226800 -0.973700 -0.021800 0.209000 0.559300
0 -38.775101 -3.538600 10.034600 0.195400 -0.881400 -0.430000 0.203200 0.538100

0 -38.775101 -3.538600 10.034600 0.195400 -0.881400 -0.430000 0.203200 0.538100
0 -38.318298 -3.442300 10.045300 0.629300 -0.681600 -0.373300 0.202900 0.538100
0 -37.773300 -5.071300 16.148399 0.641900 -0.764800 -0.056100 0.208600 0.559100

0 -37.613201 -4.573000 16.572701 0.978300 0.101900 -0.180400 0.206800 0.560500
0 -37.962700 -4.349200 16.397200 0.640400 0.588500 -0.493600 0.206100 0.559800
0 -37.956402 -4.210700 16.467501 0.627300 0.190900 -0.755000 0.205600 0.560300

0 -37.962700 -4.349200 16.397200 0.640400 0.588500 -0.493600 0.206100 0.559800
0 -37.613201 -4.573000 16.572701 0.978300 0.101900 -0.180400 0.206800 0.560500
0 -37.649200 -4.673500 16.169800 0.978200 0.192300 -0.078100 0.207300 0.559300

0 -37.649200 -4.673500 16.169800 0.978200 0.192300 -0.078100 0.207300 0.559300
0 -37.978298 -4.382300 16.221399 0.659400 0.751100 -0.033600 0.206200 0.559300
0 -37.962700 -4.349200 16.397200 0.640400 0.588500 -0.493600 0.206100 0.559800

0 -37.978298 -4.382300 16.221399 0.659400 0.751100 -0.033600 0.206200 0.559300
0 -37.649200 -4.673500 16.169800 0.978200 0.192300 -0.078100 0.207300 0.559300
0 -38.180599 -3.082800 10.219600 0.913200 0.399600 0.079600 0.201700 0.538600

0 -38.180599 -3.082800 10.219600 0.913200 0.399600 0.079600 0.201700 0.538600
0 -38.499699 -2.819700 10.383100 0.688600 0.682100 0.246300 0.200700 0.539300
0 -37.978298 -4.382300 16.221399 0.659400 0.751100 -0.033600 0.206200 0.559300

0 -38.538300 -2.528200 9.950800 0.732200 0.465600 0.497000 0.199600 0.537800
0 -38.499699 -2.819700 10.383100 0.688600 0.682100 0.246300 0.200700 0.539300
0 -38.180599 -3.082800 10.219600 0.913200 0.399600 0.079600 0.201700 0.538600

0 -38.180599 -3.082800 10.219600 0.913200 0.399600 0.079600 0.201700 0.538600
0 -38.230598 -2.697000 9.659600 0.993400 0.101800 0.052400 0.200200 0.536600
0 -38.538300 -2.528200 9.950800 0.732200 0.465600 0.497000 0.199600 0.537800

0 -38.230598 -2.697000 9.659600 0.993400 0.101800 0.052400 0.200200 0.536600
0 -38.180599 -3.082800 10.219600 0.913200 0.399600 0.079600 0.201700 0.538600
0 -38.318298 -3.442300 10.045300 0.629300 -0.681600 -0.373300 0.202900 0.538100

0 -38.318298 -3.442300 10.045300 0.629300 -0.681600 -0.373300 0.202900 0.538100
0 -38.180599 -3.082800 10.219600 0.945200 -0.284300 -0.160400 0.201700 0.538600
0 -37.649200 -4.673500 16.169800 0.978200 0.192300 -0.078100 0.207300 0.559300

0 -37.649200 -4.673500 16.169800 0.978200 0.192300 -0.078100 0.207300 0.559300
0 -37.773300 -5.071300 16.148399 0.641900 -0.764800 -0.056100 0.208600 0.559100
0 -38.318298 -3.442300 10.045300 0.629300 -0.681600 -0.373300 0.202900 0.538100

0 -37.773300 -5.071300 16.148399 0.641900 -0.764800 -0.056100 0.208600 0.559100
0 -37.649200 -4.673500 16.169800 0.978200 0.192300 -0.078100 0.207300 0.559300
0 -37.613201 -4.573000 16.572701 0.978300 0.101900 -0.180400 0.206800 0.560500

0 -37.613201 -4.573000 16.572701 0.978300 0.101900 -0.180400 0.206800 0.560500
0 -37.709599 -4.878800 16.861601 0.674000 -0.621900 0.398600 0.207900 0.561500
0 -37.773300 -5.071300 16.148399 0.641900 -0.764800 -0.056100 0.208600 0.559100

0 -38.383801 -2.927600 9.311000 0.600200 -0.474600 -0.643800 0.201000 0.535400
0 -38.318298 -3.442300 10.045300 0.629300 -0.681600 -0.373300 0.202900 0.538100
0 -38.775101 -3.538600 10.034600 0.195400 -0.881400 -0.430000 0.203200 0.538100

0 -38.318298 -3.442300 10.045300 0.629300 -0.681600 -0.373300 0.202900 0.538100
0 -38.383801 -2.927600 9.311000 0.600200 -0.474600 -0.643800 0.201000 0.535400
0 -38.230598 -2.697000 9.659600 0.993400 0.101800 0.052400 0.200200 0.536600

0 -38.230598 -2.697000 9.659600 0.993400 0.101800 0.052400 0.200200 0.536600
0 -38.383801 -2.927600 9.311000 0.600200 -0.474600 -0.643800 0.201000 0.535400
0 -38.412701 -2.147100 8.987800 0.578200 -0.293100 -0.761400 0.198400 0.534400

0 -38.412701 -2.147100 8.987800 0.578200 -0.293100 -0.761400 0.198400 0.534400
0 -38.251900 -2.105600 9.420700 0.994800 0.065300 0.078500 0.198100 0.535900
0 -38.230598 -2.697000 9.659600 0.993400 0.101800 0.052400 0.200200 0.536600

0 -38.538300 -2.528200 9.950800 0.732200 0.465600 0.497000 0.199600 0.537800
0 -38.230598 -2.697000 9.659600 0.993400 0.101800 0.052400 0.200200 0.536600
0 -38.251900 -2.105600 9.420700 0.994800 0.065300 0.078500 0.198100 0.535900

0 -38.251900 -2.105600 9.420700 0.994800 0.065300 0.078500 0.198100 0.535900
0 -38.554100 -2.075200 9.773600 0.743400 0.266000 0.613700 0.198000 0.537100
0 -38.538300 -2.528200 9.950800 0.732200 0.465600 0.497000 0.199600 0.537800

0 -38.775101 -3.538600 10.034600 0.195400 -0.881400 -0.430000 0.203200 0.538100
0 -38.844898 -2.989400 9.253600 0.177700 -0.604100 -0.776800 0.201300 0.535400
0 -38.383801 -2.927600 9.311000 0.600200 -0.474600 -0.643800 0.201000 0.535400

0 -38.383801 -2.927600 9.311000 0.600200 -0.474600 -0.643800 0.201000 0.535400
0 -38.844898 -2.989400 9.253600 0.177700 -0.604100 -0.776800 0.201300 0.535400
0 -38.875801 -2.158200 8.907800 0.165700 -0.372500 -0.913100 0.198400 0.534200

0 -38.875801 -2.158200 8.907800 0.165700 -0.372500 -0.913100 0.198400 0.534200
0 -38.412701 -2.147100 8.987800 0.578200 -0.293100 -0.761400 0.198400 0.534400
0 -38.383801 -2.927600 9.311000 0.600200 -0.474600 -0.643800 0.201000 0.535400

0 -38.408401 4.297600 16.510599 -0.796200 -0.518800 -0.311400 0.191300 0.559800
0 -38.398201 4.093300 16.625099 -0.799700 -0.170700 -0.575600 0.190700 0.560300
0 -38.479900 4.153900 17.078699 -0.907800 0.106600 0.405700 0.190800 0.562000

0 -38.479900 4.153900 17.078699 -0.907800 0.106600 0.405700 0.190800 0.562000
0 -38.504799 4.603400 16.799500 -0.903300 0.312400 0.294200 0.192400 0.561000
0 -38.408401 4.297600 16.510599 -0.796200 -0.518800 -0.311400 0.191300 0.559800

0 -38.408401 4.297600 16.510599 -0.796200 -0.518800 -0.311400 0.191300 0.559800
0 -38.504799 4.603400 16.799500 -0.903300 0.312400 0.294200 0.192400 0.561000
0 -38.555599 4.753100 16.230301 -0.932000 0.351200 0.089800 0.193000 0.558800

0 -38.119701 3.149600 17.374800 -0.635000 0.000000 0.772500 0.187300 0.563000
0 -38.119701 4.198200 17.374800 -0.636000 0.187700 0.748600 0.190900 0.563000
0 -38.479900 4.153900 17.078699 -0.907800 0.106600 0.405700 0.190800 0.562000

0 -38.504799 4.603400 16.799500 -0.903300 0.312400 0.294200 0.192400 0.561000
0 -38.479900 4.153900 17.078699 -0.907800 0.106600 0.405700 0.190800 0.562000
0 -38.119701 4.198200 17.374800 -0.636000 0.187700 0.748600 0.190900 0.563000

0 -38.119701 4.198200 17.374800 -0.636000 0.187700 0.748600 0.190900 0.563000
0 -38.155399 4.827200 16.975000 -0.630900 0.589600 0.504300 0.193100 0.561500
0 -38.504799 4.603400 16.799500 -0.903300 0.312400 0.294200 0.192400 0.561000

0 -38.504799 4.603400 16.799500 -0.903300 0.312400 0.294200 0.192400 0.561000
0 -38.155399 4.827200 16.975000 -0.630900 0.589600 0.504300 0.193100 0.561500
0 -38.226501 5.044400 16.178600 -0.655700 0.753100 0.053300 0.194000 0.558800

0 -38.226501 5.044400 16.178600 -0.655700 0.753100 0.053300 0.194000 0.558800
0 -38.555599 4.753100 16.230301 -0.932000 0.351200 0.089800 0.193000 0.558800
0 -38.504799 4.603400 16.799500 -0.903300 0.312400 0.294200 0.192400 0.561000

0 -38.555599 4.753100 16.230301 -0.932000 0.351200 0.089800 0.193000 0.558800
0 -38.226501 5.044400 16.178600 -0.655700 0.753100 0.053300 0.194000 0.558800
0 -38.775101 3.405100 10.034600 -0.688900 0.678100 -0.256100 0.188100 0.537600

0 -38.775101 3.405100 10.034600 -0.688900 0.678100 -0.256100 0.188100 0.537600
0 -39.094299 3.141900 10.198200 -0.953900 0.295900 -0.050300 0.187300 0.538100
0 -38.555599 4.753100 16.230301 -0.932000 0.351200 0.089800 0.193000 0.558800

0 -38.431599 4.355300 16.251699 -0.717700 -0.691800 0.079800 0.191500 0.559100
0 -38.555599 4.753100 16.230301 -0.932000 0.351200 0.089800 0.193000 0.558800
0 -39.094299 3.141900 10.198200 -0.953900 0.295900 -0.050300 0.187300 0.538100

0 -38.555599 4.753100 16.230301 -0.932000 0.351200 0.089800 0.193000 0.558800
0 -38.431599 4.355300 16.251699 -0.717700 -0.691800 0.079800 0.191500 0.559100
0 -38.408401 4.297600 16.510599 -0.796200 -0.518800 -0.311400 0.191300 0.559800

0 -37.962700 4.215600 16.397200 -0.292100 -0.777100 -0.557500 0.191000 0.559600
0 -38.408401 4.297600 16.510599 -0.796200 -0.518800 -0.311400 0.191300 0.559800
0 -38.431599 4.355300 16.251699 -0.717700 -0.691800 0.079800 0.191500 0.559100

0 -38.408401 4.297600 16.510599 -0.796200 -0.518800 -0.311400 0.191300 0.559800
0 -37.962700 4.215600 16.397200 -0.292100 -0.777100 -0.557500 0.191000 0.559600
0 -37.956402 4.077100 16.467501 -0.327200 -0.236200 -0.915000 0.190600 0.559800

0 -37.956402 4.077100 16.467501 -0.327200 -0.236200 -0.915000 0.190600 0.559800
0 -38.398201 4.093300 16.625099 -0.799700 -0.170700 -0.575600 0.190700 0.560300
0 -38.408401 4.297600 16.510599 -0.796200 -0.518800 -0.311400 0.191300 0.559800

0 -38.398201 3.149600 16.625099 -0.762800 0.000000 -0.646600 0.187300 0.560300
0 -38.398201 4.093300 16.625099 -0.799700 -0.170700 -0.575600 0.190700 0.560300
0 -37.956402 4.077100 16.467501 -0.327200 -0.236200 -0.915000 0.190600 0.559800

0 -38.398201 4.093300 16.625099 -0.799700 -0.170700 -0.575600 0.190700 0.560300
0 -38.398201 3.149600 16.625099 -0.762800 0.000000 -0.646600 0.187300 0.560300
0 -38.479900 3.149600 17.078699 -0.938600 0.000000 0.345000 0.187300 0.562000

0 -38.479900 3.149600 17.078699 -0.938600 0.000000 0.345000 0.187300 0.562000
0 -38.479900 4.153900 17.078699 -0.907800 0.106600 0.405700 0.190800 0.562000
0 -38.398201 4.093300 16.625099 -0.799700 -0.170700 -0.575600 0.190700 0.560300

0 -38.479900 4.153900 17.078699 -0.907800 0.106600 0.405700 0.190800 0.562000
0 -38.479900 3.149600 17.078699 -0.938600 0.000000 0.345000 0.187300 0.562000
0 -38.119701 3.149600 17.374800 -0.635000 0.000000 0.772500 0.187300 0.563000

0 -37.956402 4.077100 16.467501 -0.327200 -0.236200 -0.915000 0.190600 0.559800
0 -37.956402 3.149600 16.467501 -0.336000 0.000000 -0.941900 0.187300 0.559800
0 -38.398201 3.149600 16.625099 -0.762800 0.000000 -0.646600 0.187300 0.560300

0 -38.431599 4.355300 16.251699 -0.717700 -0.691800 0.079800 0.191500 0.559100
0 -37.978401 4.248700 16.221399 -0.225200 -0.972800 0.054900 0.191200 0.558800
0 -37.962700 4.215600 16.397200 -0.292100 -0.777100 -0.557500 0.191000 0.559600

0 -37.978401 4.248700 16.221399 -0.225200 -0.972800 0.054900 0.191200 0.558800
0 -38.431599 4.355300 16.251699 -0.717700 -0.691800 0.079800 0.191500 0.559100
0 -38.956600 2.782500 10.372400 -0.685100 -0.637600 0.352300 0.185900 0.538800

0 -39.094299 3.141900 10.198200 -0.953900 0.295900 -0.050300 0.187300 0.538100
0 -38.956600 2.782500 10.372400 -0.685100 -0.637600 0.352300 0.185900 0.538800
0 -38.431599 4.355300 16.251699 -0.717700 -0.691800 0.079800 0.191500 0.559100

0 -38.999298 2.456500 9.893400 -0.698000 -0.418200 0.581200 0.184800 0.537100
0 -38.956600 2.782500 10.372400 -0.685100 -0.637600 0.352300 0.185900 0.538800
0 -39.094299 3.141900 10.198200 -0.953900 0.295900 -0.050300 0.187300 0.538100

0 -39.094299 3.141900 10.198200 -0.953900 0.295900 -0.050300 0.187300 0.538100
0 -39.152599 2.687000 9.544800 -0.956600 0.227300 -0.182500 0.185700 0.535900
0 -38.999298 2.456500 9.893400 -0.698000 -0.418200 0.581200 0.184800 0.537100

0 -38.956600 2.782500 10.372400 -0.685100 -0.637600 0.352300 0.185900 0.538800
0 -38.499699 2.686200 10.383100 -0.196600 -0.886200 0.419500 0.185700 0.538800
0 -37.978401 4.248700 16.221399 -0.225200 -0.972800 0.054900 0.191200 0.558800

0 -38.538300 2.394700 9.950800 -0.180300 -0.611100 0.770700 0.184700 0.537400
0 -38.499699 2.686200 10.383100 -0.196600 -0.886200 0.419500 0.185700 0.538800
0 -38.956600 2.782500 10.372400 -0.685100 -0.637600 0.352300 0.185900 0.538800

0 -38.956600 2.782500 10.372400 -0.685100 -0.637600 0.352300 0.185900 0.538800
0 -38.999298 2.456500 9.893400 -0.698000 -0.418200 0.581200 0.184800 0.537100
0 -38.538300 2.394700 9.950800 -0.180300 -0.611100 0.770700 0.184700 0.537400

0 -38.538300 2.394700 9.950800 -0.180300 -0.611100 0.770700 0.184700 0.537400
0 -38.999298 2.456500 9.893400 -0.698000 -0.418200 0.581200 0.184800 0.537100
0 -39.017200 1.952800 9.693600 -0.680500 -0.248000 0.689500 0.183000 0.536400

0 -39.178001 1.994300 9.260700 -0.959000 0.137700 -0.247600 0.183200 0.534900
0 -39.017200 1.952800 9.693600 -0.680500 -0.248000 0.689500 0.183000 0.536400
0 -38.999298 2.456500 9.893400 -0.698000 -0.418200 0.581200 0.184800 0.537100

0 -38.999298 2.456500 9.893400 -0.698000 -0.418200 0.581200 0.184800 0.537100
0 -39.152599 2.687000 9.544800 -0.956600 0.227300 -0.182500 0.185700 0.535900
0 -39.178001 1.994300 9.260700 -0.959000 0.137700 -0.247600 0.183200 0.534900

0 -38.875801 2.024700 8.907800 -0.739600 0.279600 -0.612100 0.183300 0.533700
0 -39.178001 1.994300 9.260700 -0.959000 0.137700 -0.247600 0.183200 0.534900
0 -39.152599 2.687000 9.544800 -0.956600 0.227300 -0.182500 0.185700 0.535900

0 -39.152599 2.687000 9.544800 -0.956600 0.227300 -0.182500 0.185700 0.535900
0 -38.844898 2.855800 9.253600 -0.731400 0.451700 -0.510900 0.186300 0.534900
0 -38.875801 2.024700 8.907800 -0.739600 0.279600 -0.612100 0.183300 0.533700

0 -38.775101 3.405100 10.034600 -0.688900 0.678100 -0.256100 0.188100 0.537600
0 -38.844898 2.855800 9.253600 -0.731400 0.451700 -0.510900 0.186300 0.534900
0 -39.152599 2.687000 9.544800 -0.956600 0.227300 -0.182500 0.185700 0.535900

0 -39.152599 2.687000 9.544800 -0.956600 0.227300 -0.182500 0.185700 0.535900
0 -39.094299 3.141900 10.198200 -0.953900 0.295900 -0.050300 0.187300 0.538100
0 -38.775101 3.405100 10.034600 -0.688900 0.678100 -0.256100 0.188100 0.537600

0 -39.017200 1.952800 9.693600 -0.680500 -0.248000 0.689500 0.183000 0.536400
0 -38.554100 1.941700 9.773600 -0.167400 -0.354100 0.920100 0.183000 0.536600
0 -38.538300 2.394700 9.950800 -0.180300 -0.611100 0.770700 0.184700 0.537400

0 38.535400 1.974900 9.863600 0.000000 1.000000 0.000000 0.296600 0.566700
0 38.929401 1.974900 9.863600 0.000000 1.000000 0.000000 0.291700 0.566700
0 39.231201 1.974900 9.615500 0.000000 1.000000 0.000000 0.288100 0.563500

0 38.165199 1.974900 9.235400 0.000000 1.000000 0.000000 0.301000 0.558800
0 38.233601 1.974900 9.615500 0.000000 1.000000 0.000000 0.300300 0.563500
0 38.535400 1.974900 9.863600 0.000000 1.000000 0.000000 0.296600 0.566700

0 38.535400 1.974900 9.863600 0.000000 1.000000 0.000000 0.296600 0.566700
0 39.231201 1.974900 9.615500 0.000000 1.000000 0.000000 0.288100 0.563500
0 38.165199 1.974900 9.235400 0.000000 1.000000 0.000000 0.301000 0.558800

0 38.165199 1.974900 9.235400 0.000000 1.000000 0.000000 0.301000 0.558800
0 39.231201 1.974900 9.615500 0.000000 1.000000 0.000000 0.288100 0.563500
0 38.732399 1.974900 8.769100 0.000000 1.000000 0.000000 0.294200 0.553000

0 38.732399 1.974900 8.769100 0.000000 1.000000 0.000000 0.294200 0.553000
0 39.231201 1.974900 9.615500 0.000000 1.000000 0.000000 0.288100 0.563500
0 39.299599 1.974900 9.235400 0.000000 1.000000 0.000000 0.287100 0.558800

0 39.299599 1.974900 9.235400 0.000000 1.000000 0.000000 0.287100 0.558800
0 39.102600 1.974900 8.901100 0.000000 1.000000 0.000000 0.289600 0.554400
0 38.732399 1.974900 8.769100 0.000000 1.000000 0.000000 0.294200 0.553000

0 38.732399 1.974900 8.769100 0.000000 1.000000 0.000000 0.294200 0.553000
0 38.362202 1.974900 8.901100 0.000000 1.000000 0.000000 0.298600 0.554400
0 38.165199 1.974900 9.235400 0.000000 1.000000 0.000000 0.301000 0.558800

0 -37.773300 4.937800 16.148399 0.641900 0.764700 -0.056100 0.185200 0.558800
0 -37.649200 4.539900 16.169800 0.978200 -0.192400 -0.078100 0.183700 0.558800
0 -38.180599 2.949300 10.219600 0.980300 -0.197400 0.004800 0.178100 0.538300

0 -37.613201 4.439500 16.572701 0.977900 -0.105600 -0.180700 0.183500 0.560300
0 -37.649200 4.539900 16.169800 0.978200 -0.192400 -0.078100 0.183700 0.558800
0 -37.773300 4.937800 16.148399 0.641900 0.764700 -0.056100 0.185200 0.558800

0 -37.773300 4.937800 16.148399 0.641900 0.764700 -0.056100 0.185200 0.558800
0 -37.709599 4.745300 16.861601 0.674300 0.622100 0.397900 0.184400 0.561300
0 -37.613201 4.439500 16.572701 0.977900 -0.105600 -0.180700 0.183500 0.560300

0 -37.613201 4.439500 16.572701 0.977900 -0.105600 -0.180700 0.183500 0.560300
0 -37.709599 4.745300 16.861601 0.674300 0.622100 0.397900 0.184400 0.561300
0 -37.677799 4.182000 17.217300 0.721300 0.210400 0.659800 0.182500 0.562500

0 -38.499699 2.686200 10.383100 0.688500 -0.682200 0.246200 0.177200 0.538800
0 -38.180599 2.949300 10.219600 0.980300 -0.197400 0.004800 0.178100 0.538300
0 -37.649200 4.539900 16.169800 0.978200 -0.192400 -0.078100 0.183700 0.558800

0 -37.649200 4.539900 16.169800 0.978200 -0.192400 -0.078100 0.183700 0.558800
0 -37.978401 4.248700 16.221399 0.659200 -0.751200 -0.033600 0.182700 0.558800
0 -38.499699 2.686200 10.383100 0.688500 -0.682200 0.246200 0.177200 0.538800

0 -37.962700 4.215600 16.397200 0.650100 -0.590900 -0.477700 0.182600 0.559600
0 -37.978401 4.248700 16.221399 0.659200 -0.751200 -0.033600 0.182700 0.558800
0 -37.649200 4.539900 16.169800 0.978200 -0.192400 -0.078100 0.183700 0.558800

0 -37.649200 4.539900 16.169800 0.978200 -0.192400 -0.078100 0.183700 0.558800
0 -37.613201 4.439500 16.572701 0.977900 -0.105600 -0.180700 0.183500 0.560300
0 -37.962700 4.215600 16.397200 0.650100 -0.590900 -0.477700 0.182600 0.559600

0 -37.962700 4.215600 16.397200 0.650100 -0.590900 -0.477700 0.182600 0.559600
0 -37.613201 4.439500 16.572701 0.977900 -0.105600 -0.180700 0.183500 0.560300
0 -37.596199 4.121400 16.763599 0.964700 -0.035800 -0.261000 0.182300 0.560800

0 -37.677799 4.182000 17.217300 0.721300 0.210400 0.659800 0.182500 0.562500
0 -37.596199 4.121400 16.763599 0.964700 -0.035800 -0.261000 0.182300 0.560800
0 -37.613201 4.439500 16.572701 0.977900 -0.105600 -0.180700 0.183500 0.560300

0 -37.596199 4.121400 16.763599 0.964700 -0.035800 -0.261000 0.182300 0.560800
0 -37.677799 4.182000 17.217300 0.721300 0.210400 0.659800 0.182500 0.562500
0 -37.677799 3.149600 17.217300 0.762800 0.000000 0.646700 0.178800 0.562500

0 -38.119701 3.149600 17.374800 0.335700 0.000000 0.942000 0.178800 0.563000
0 -37.677799 3.149600 17.217300 0.762800 0.000000 0.646700 0.178800 0.562500
0 -37.677799 4.182000 17.217300 0.721300 0.210400 0.659800 0.182500 0.562500

0 -37.677799 4.182000 17.217300 0.721300 0.210400 0.659800 0.182500 0.562500
0 -38.119701 4.198200 17.374800 0.331600 0.264800 0.905500 0.182500 0.563000
0 -38.119701 3.149600 17.374800 0.335700 0.000000 0.942000 0.178800 0.563000

0 -38.119701 4.198200 17.374800 0.331600 0.264800 0.905500 0.182500 0.563000
0 -37.677799 4.182000 17.217300 0.721300 0.210400 0.659800 0.182500 0.562500
0 -37.709599 4.745300 16.861601 0.674300 0.622100 0.397900 0.184400 0.561300

0 -37.677799 3.149600 17.217300 0.762800 0.000000 0.646700 0.178800 0.562500
0 -37.596199 3.149600 16.763599 0.938500 0.000000 -0.345200 0.178800 0.560800
0 -37.596199 4.121400 16.763599 0.964700 -0.035800 -0.261000 0.182300 0.560800

0 -37.956402 4.077100 16.467501 0.638000 -0.174800 -0.749900 0.182100 0.559800
0 -37.596199 4.121400 16.763599 0.964700 -0.035800 -0.261000 0.182300 0.560800
0 -37.596199 3.149600 16.763599 0.938500 0.000000 -0.345200 0.178800 0.560800

0 -37.596199 4.121400 16.763599 0.964700 -0.035800 -0.261000 0.182300 0.560800
0 -37.956402 4.077100 16.467501 0.638000 -0.174800 -0.749900 0.182100 0.559800
0 -37.962700 4.215600 16.397200 0.650100 -0.590900 -0.477700 0.182600 0.559600

0 -37.596199 3.149600 16.763599 0.938500 0.000000 -0.345200 0.178800 0.560800
0 -37.956402 3.149600 16.467501 0.635000 0.000000 -0.772500 0.178800 0.559800
0 -37.956402 4.077100 16.467501 0.638000 -0.174800 -0.749900 0.182100 0.559800

0 -38.180599 2.949300 10.219600 0.980300 -0.197400 0.004800 0.178100 0.538300
0 -38.499699 2.686200 10.383100 0.688500 -0.682200 0.246200 0.177200 0.538800
0 -38.538300 2.394700 9.950800 0.731100 -0.464300 0.500000 0.176300 0.537400

0 -37.709599 4.745300 16.861601 0.674300 0.622100 0.397900 0.184400 0.561300
0 -38.155399 4.827200 16.975000 0.284900 0.780400 0.556500 0.184700 0.561500
0 -38.119701 4.198200 17.374800 0.331600 0.264800 0.905500 0.182500 0.563000

0 -38.226501 5.044400 16.178600 0.226800 0.973700 -0.021800 0.185500 0.558800
0 -38.155399 4.827200 16.975000 0.284900 0.780400 0.556500 0.184700 0.561500
0 -37.709599 4.745300 16.861601 0.674300 0.622100 0.397900 0.184400 0.561300

0 -37.709599 4.745300 16.861601 0.674300 0.622100 0.397900 0.184400 0.561300
0 -37.773300 4.937800 16.148399 0.641900 0.764700 -0.056100 0.185200 0.558800
0 -38.226501 5.044400 16.178600 0.226800 0.973700 -0.021800 0.185500 0.558800

0 -38.226501 5.044400 16.178600 0.226800 0.973700 -0.021800 0.185500 0.558800
0 -37.773300 4.937800 16.148399 0.641900 0.764700 -0.056100 0.185200 0.558800
0 -38.318298 3.308700 10.045300 0.629400 0.681600 -0.373200 0.179400 0.537600

0 -38.180599 2.949300 10.219600 0.980300 -0.197400 0.004800 0.178100 0.538300
0 -38.318298 3.308700 10.045300 0.629400 0.681600 -0.373200 0.179400 0.537600
0 -37.773300 4.937800 16.148399 0.641900 0.764700 -0.056100 0.185200 0.558800

0 -38.318298 3.308700 10.045300 0.629400 0.681600 -0.373200 0.179400 0.537600
0 -38.180599 2.949300 10.219600 0.980300 -0.197400 0.004800 0.178100 0.538300
0 -38.230598 2.563500 9.659600 0.993600 -0.100800 0.051500 0.176900 0.536400

0 -38.538300 2.394700 9.950800 0.731100 -0.464300 0.500000 0.176300 0.537400
0 -38.230598 2.563500 9.659600 0.993600 -0.100800 0.051500 0.176900 0.536400
0 -38.180599 2.949300 10.219600 0.980300 -0.197400 0.004800 0.178100 0.538300

0 -38.230598 2.563500 9.659600 0.993600 -0.100800 0.051500 0.176900 0.536400
0 -38.538300 2.394700 9.950800 0.731100 -0.464300 0.500000 0.176300 0.537400
0 -38.554100 1.941700 9.773600 0.739600 -0.271900 0.615700 0.174700 0.536600

0 -38.554100 1.941700 9.773600 0.739600 -0.271900 0.615700 0.174700 0.536600
0 -38.251900 1.972100 9.420700 0.995000 -0.065300 0.075900 0.174700 0.535400
0 -38.230598 2.563500 9.659600 0.993600 -0.100800 0.051500 0.176900 0.536400

0 -38.383801 2.794000 9.311000 0.600300 0.474100 -0.644100 0.177600 0.535200
0 -38.230598 2.563500 9.659600 0.993600 -0.100800 0.051500 0.176900 0.536400
0 -38.251900 1.972100 9.420700 0.995000 -0.065300 0.075900 0.174700 0.535400

0 -38.251900 1.972100 9.420700 0.995000 -0.065300 0.075900 0.174700 0.535400
0 -38.412701 2.013600 8.987800 0.578100 0.294500 -0.761000 0.174800 0.533900
0 -38.383801 2.794000 9.311000 0.600300 0.474100 -0.644100 0.177600 0.535200

0 -38.844898 2.855800 9.253600 0.178100 0.603600 -0.777100 0.177900 0.534900
0 -38.383801 2.794000 9.311000 0.600300 0.474100 -0.644100 0.177600 0.535200
0 -38.412701 2.013600 8.987800 0.578100 0.294500 -0.761000 0.174800 0.533900

0 -38.412701 2.013600 8.987800 0.578100 0.294500 -0.761000 0.174800 0.533900
0 -38.875801 2.024700 8.907800 0.166600 0.373500 -0.912600 0.174900 0.533700
0 -38.844898 2.855800 9.253600 0.178100 0.603600 -0.777100 0.177900 0.534900

0 -38.383801 2.794000 9.311000 0.600300 0.474100 -0.644100 0.177600 0.535200
0 -38.844898 2.855800 9.253600 0.178100 0.603600 -0.777100 0.177900 0.534900
0 -38.775101 3.405100 10.034600 0.195600 0.881400 -0.430000 0.179700 0.537600

0 -38.775101 3.405100 10.034600 0.195600 0.881400 -0.430000 0.179700 0.537600
0 -38.318298 3.308700 10.045300 0.629400 0.681600 -0.373200 0.179400 0.537600
0 -38.383801 2.794000 9.311000 0.600300 0.474100 -0.644100 0.177600 0.535200

0 -38.230598 2.563500 9.659600 0.993600 -0.100800 0.051500 0.176900 0.536400
0 -38.383801 2.794000 9.311000 0.600300 0.474100 -0.644100 0.177600 0.535200
0 -38.318298 3.308700 10.045300 0.629400 0.681600 -0.373200 0.179400 0.537600

0 -38.318298 3.308700 10.045300 0.629400 0.681600 -0.373200 0.179400 0.537600
0 -38.775101 3.405100 10.034600 0.195600 0.881400 -0.430000 0.179700 0.537600
0 -38.226501 5.044400 16.178600 0.226800 0.973700 -0.021800 0.185500 0.558800

0 38.426399 -4.488900 16.251699 0.717600 0.691800 0.079600 0.223900 0.559300
0 37.973202 -4.382300 16.221399 0.225100 0.972800 0.054900 0.223400 0.559300
0 37.957500 -4.349200 16.397200 0.298700 0.779500 -0.550600 0.223400 0.559800

0 37.957500 -4.349200 16.397200 0.298700 0.779500 -0.550600 0.223400 0.559800
0 38.403301 -4.431100 16.510599 0.794400 0.521400 -0.311500 0.223600 0.560300
0 38.426399 -4.488900 16.251699 0.717600 0.691800 0.079600 0.223900 0.559300

0 38.393002 -4.226900 16.625000 0.798100 0.169500 -0.578200 0.222900 0.560500
0 38.403301 -4.431100 16.510599 0.794400 0.521400 -0.311500 0.223600 0.560300
0 37.957500 -4.349200 16.397200 0.298700 0.779500 -0.550600 0.223400 0.559800

0 38.403301 -4.431100 16.510599 0.794400 0.521400 -0.311500 0.223600 0.560300
0 38.393002 -4.226900 16.625000 0.798100 0.169500 -0.578200 0.222900 0.560500
0 38.474701 -4.287400 17.078699 0.907800 -0.106600 0.405700 0.223100 0.562300

0 38.474701 -3.283200 17.078699 0.938600 0.000000 0.345100 0.219500 0.562300
0 38.474701 -4.287400 17.078699 0.907800 -0.106600 0.405700 0.223100 0.562300
0 38.393002 -4.226900 16.625000 0.798100 0.169500 -0.578200 0.222900 0.560500

0 38.474701 -4.287400 17.078699 0.907800 -0.106600 0.405700 0.223100 0.562300
0 38.474701 -3.283200 17.078699 0.938600 0.000000 0.345100 0.219500 0.562300
0 38.114498 -3.283200 17.374800 0.635000 0.000000 0.772500 0.219500 0.563200

0 37.957500 -4.349200 16.397200 0.298700 0.779500 -0.550600 0.223400 0.559800
0 37.951199 -4.210700 16.467501 0.334300 0.229700 -0.914100 0.222800 0.560100
0 38.393002 -4.226900 16.625000 0.798100 0.169500 -0.578200 0.222900 0.560500

0 38.393002 -3.283200 16.625000 0.762700 0.000000 -0.646700 0.219500 0.560500
0 38.393002 -4.226900 16.625000 0.798100 0.169500 -0.578200 0.222900 0.560500
0 37.951199 -4.210700 16.467501 0.334300 0.229700 -0.914100 0.222800 0.560100

0 38.393002 -4.226900 16.625000 0.798100 0.169500 -0.578200 0.222900 0.560500
0 38.393002 -3.283200 16.625000 0.762700 0.000000 -0.646700 0.219500 0.560500
0 38.474701 -3.283200 17.078699 0.938600 0.000000 0.345100 0.219500 0.562300

0 37.951199 -4.210700 16.467501 0.334300 0.229700 -0.914100 0.222800 0.560100
0 37.951199 -3.283200 16.467501 0.335800 0.000000 -0.941900 0.219500 0.560100
0 38.393002 -3.283200 16.625000 0.762700 0.000000 -0.646700 0.219500 0.560500

0 38.114498 -3.283200 17.374800 0.635000 0.000000 0.772500 0.219500 0.563200
0 38.114498 -4.331700 17.374800 0.635900 -0.187700 0.748600 0.223300 0.563200
0 38.474701 -4.287400 17.078699 0.907800 -0.106600 0.405700 0.223100 0.562300

0 38.499599 -4.736900 16.799500 0.903200 -0.312400 0.294200 0.224600 0.561300
0 38.474701 -4.287400 17.078699 0.907800 -0.106600 0.405700 0.223100 0.562300
0 38.114498 -4.331700 17.374800 0.635900 -0.187700 0.748600 0.223300 0.563200

0 38.474701 -4.287400 17.078699 0.907800 -0.106600 0.405700 0.223100 0.562300
0 38.499599 -4.736900 16.799500 0.903200 -0.312400 0.294200 0.224600 0.561300
0 38.403301 -4.431100 16.510599 0.794400 0.521400 -0.311500 0.223600 0.560300

0 38.403301 -4.431100 16.510599 0.794400 0.521400 -0.311500 0.223600 0.560300
0 38.499599 -4.736900 16.799500 0.903200 -0.312400 0.294200 0.224600 0.561300
0 38.550400 -4.886700 16.230301 0.931900 -0.351400 0.089700 0.225200 0.559300

0 38.550400 -4.886700 16.230301 0.931900 -0.351400 0.089700 0.225200 0.559300
0 38.426399 -4.488900 16.251699 0.717600 0.691800 0.079600 0.223900 0.559300
0 38.403301 -4.431100 16.510599 0.794400 0.521400 -0.311500 0.223600 0.560300

0 38.951401 -2.916000 10.372400 0.685100 0.637600 0.352300 0.218300 0.539100
0 38.426399 -4.488900 16.251699 0.717600 0.691800 0.079600 0.223900 0.559300
0 38.550400 -4.886700 16.230301 0.931900 -0.351400 0.089700 0.225200 0.559300

0 38.550400 -4.886700 16.230301 0.931900 -0.351400 0.089700 0.225200 0.559300
0 39.089100 -3.275500 10.198200 0.953900 -0.296000 -0.050300 0.219500 0.538300
0 38.951401 -2.916000 10.372400 0.685100 0.637600 0.352300 0.218300 0.539100

0 38.994202 -2.590000 9.893300 0.698200 0.417000 0.582000 0.217200 0.537400
0 38.951401 -2.916000 10.372400 0.685100 0.637600 0.352300 0.218300 0.539100
0 39.089100 -3.275500 10.198200 0.953900 -0.296000 -0.050300 0.219500 0.538300

0 39.089100 -3.275500 10.198200 0.953900 -0.296000 -0.050300 0.219500 0.538300
0 39.147400 -2.820600 9.544800 0.956300 -0.227300 -0.183600 0.217900 0.536100
0 38.994202 -2.590000 9.893300 0.698200 0.417000 0.582000 0.217200 0.537400

0 39.147400 -2.820600 9.544800 0.956300 -0.227300 -0.183600 0.217900 0.536100
0 39.089100 -3.275500 10.198200 0.953900 -0.296000 -0.050300 0.219500 0.538300
0 38.770000 -3.538600 10.034600 0.688900 -0.678100 -0.256000 0.220500 0.537800

0 38.770000 -3.538600 10.034600 0.688900 -0.678100 -0.256000 0.220500 0.537800
0 38.839699 -2.989400 9.253600 0.732300 -0.450300 -0.510900 0.218500 0.535200
0 39.147400 -2.820600 9.544800 0.956300 -0.227300 -0.183600 0.217900 0.536100

0 38.114498 -4.331700 17.374800 0.635900 -0.187700 0.748600 0.223300 0.563200
0 38.150200 -4.960800 16.974899 0.631000 -0.589600 0.504200 0.225500 0.561800
0 38.499599 -4.736900 16.799500 0.903200 -0.312400 0.294200 0.224600 0.561300

0 38.499599 -4.736900 16.799500 0.903200 -0.312400 0.294200 0.224600 0.561300
0 38.150200 -4.960800 16.974899 0.631000 -0.589600 0.504200 0.225500 0.561800
0 38.221298 -5.177900 16.178600 0.655700 -0.753200 0.053200 0.226200 0.559100

0 38.221298 -5.177900 16.178600 0.655700 -0.753200 0.053200 0.226200 0.559100
0 38.550400 -4.886700 16.230301 0.931900 -0.351400 0.089700 0.225200 0.559300
0 38.499599 -4.736900 16.799500 0.903200 -0.312400 0.294200 0.224600 0.561300

0 39.089100 -3.275500 10.198200 0.953900 -0.296000 -0.050300 0.219500 0.538300
0 38.550400 -4.886700 16.230301 0.931900 -0.351400 0.089700 0.225200 0.559300
0 38.221298 -5.177900 16.178600 0.655700 -0.753200 0.053200 0.226200 0.559100

0 38.221298 -5.177900 16.178600 0.655700 -0.753200 0.053200 0.226200 0.559100
0 38.770000 -3.538600 10.034600 0.688900 -0.678100 -0.256000 0.220500 0.537800
0 39.089100 -3.275500 10.198200 0.953900 -0.296000 -0.050300 0.219500 0.538300

0 38.839699 -2.989400 9.253600 0.732300 -0.450300 -0.510900 0.218500 0.535200
0 38.870602 -2.158200 8.907800 0.740700 -0.281300 -0.610100 0.215700 0.533900
0 39.172798 -2.127800 9.260700 0.958400 -0.139300 -0.249200 0.215600 0.535200

0 39.172798 -2.127800 9.260700 0.958400 -0.139300 -0.249200 0.215600 0.535200
0 39.147400 -2.820600 9.544800 0.956300 -0.227300 -0.183600 0.217900 0.536100
0 38.839699 -2.989400 9.253600 0.732300 -0.450300 -0.510900 0.218500 0.535200

0 39.147400 -2.820600 9.544800 0.956300 -0.227300 -0.183600 0.217900 0.536100
0 39.172798 -2.127800 9.260700 0.958400 -0.139300 -0.249200 0.215600 0.535200
0 39.012001 -2.086300 9.693600 0.680300 0.250500 0.688800 0.215300 0.536600

0 39.012001 -2.086300 9.693600 0.680300 0.250500 0.688800 0.215300 0.536600
0 38.994202 -2.590000 9.893300 0.698200 0.417000 0.582000 0.217200 0.537400
0 39.147400 -2.820600 9.544800 0.956300 -0.227300 -0.183600 0.217900 0.536100

0 38.994202 -2.590000 9.893300 0.698200 0.417000 0.582000 0.217200 0.537400
0 39.012001 -2.086300 9.693600 0.680300 0.250500 0.688800 0.215300 0.536600
0 38.548901 -2.075200 9.773600 0.164900 0.356500 0.919600 0.215300 0.536900

0 38.548901 -2.075200 9.773600 0.164900 0.356500 0.919600 0.215300 0.536900
0 38.533100 -2.528200 9.950700 0.179100 0.610200 0.771700 0.216900 0.537600
0 38.994202 -2.590000 9.893300 0.698200 0.417000 0.582000 0.217200 0.537400

0 38.951401 -2.916000 10.372400 0.685100 0.637600 0.352300 0.218300 0.539100
0 38.994202 -2.590000 9.893300 0.698200 0.417000 0.582000 0.217200 0.537400
0 38.533100 -2.528200 9.950700 0.179100 0.610200 0.771700 0.216900 0.537600

0 38.533100 -2.528200 9.950700 0.179100 0.610200 0.771700 0.216900 0.537600
0 38.494499 -2.819700 10.383100 0.196600 0.886200 0.419500 0.217900 0.539100
0 38.951401 -2.916000 10.372400 0.685100 0.637600 0.352300 0.218300 0.539100

0 38.426399 -4.488900 16.251699 0.717600 0.691800 0.079600 0.223900 0.559300
0 38.951401 -2.916000 10.372400 0.685100 0.637600 0.352300 0.218300 0.539100
0 38.494499 -2.819700 10.383100 0.196600 0.886200 0.419500 0.217900 0.539100

0 38.494499 -2.819700 10.383100 0.196600 0.886200 0.419500 0.217900 0.539100
0 37.973202 -4.382300 16.221399 0.225100 0.972800 0.054900 0.223400 0.559300
0 38.426399 -4.488900 16.251699 0.717600 0.691800 0.079600 0.223900 0.559300

0 37.608002 -4.573000 16.572701 -0.978300 0.101900 -0.180400 0.215600 0.560800
0 37.591000 -4.255000 16.763599 -0.965400 0.037200 -0.257900 0.214500 0.561500
0 37.951199 -4.210700 16.467501 -0.627300 0.190900 -0.755000 0.214400 0.560300

0 37.672600 -4.315500 17.217300 -0.721000 -0.211200 0.659900 0.214600 0.563000
0 37.591000 -4.255000 16.763599 -0.965400 0.037200 -0.257900 0.214500 0.561500
0 37.608002 -4.573000 16.572701 -0.978300 0.101900 -0.180400 0.215600 0.560800

0 37.608002 -4.573000 16.572701 -0.978300 0.101900 -0.180400 0.215600 0.560800
0 37.704399 -4.878800 16.861500 -0.674100 -0.621900 0.398500 0.216700 0.561800
0 37.672600 -4.315500 17.217300 -0.721000 -0.211200 0.659900 0.214600 0.563000

0 37.768101 -5.071300 16.148399 -0.641900 -0.764800 -0.056100 0.217300 0.559300
0 37.704399 -4.878800 16.861500 -0.674100 -0.621900 0.398500 0.216700 0.561800
0 37.608002 -4.573000 16.572701 -0.978300 0.101900 -0.180400 0.215600 0.560800

0 37.608002 -4.573000 16.572701 -0.978300 0.101900 -0.180400 0.215600 0.560800
0 37.644001 -4.673500 16.169800 -0.978200 0.192400 -0.078100 0.215900 0.559300
0 37.768101 -5.071300 16.148399 -0.641900 -0.764800 -0.056100 0.217300 0.559300

0 38.313099 -3.442300 10.045300 -0.629300 -0.681600 -0.373300 0.211700 0.538300
0 37.768101 -5.071300 16.148399 -0.641900 -0.764800 -0.056100 0.217300 0.559300
0 37.644001 -4.673500 16.169800 -0.978200 0.192400 -0.078100 0.215900 0.559300

0 37.644001 -4.673500 16.169800 -0.978200 0.192400 -0.078100 0.215900 0.559300
0 38.175400 -3.082800 10.219600 -0.980300 0.197500 0.004900 0.210300 0.538800
0 38.313099 -3.442300 10.045300 -0.629300 -0.681600 -0.373300 0.211700 0.538300

0 38.313099 -3.442300 10.045300 -0.629300 -0.681600 -0.373300 0.211700 0.538300
0 38.175400 -3.082800 10.219600 -0.980300 0.197500 0.004900 0.210300 0.538800
0 38.225399 -2.697000 9.659600 -0.993400 0.101800 0.052400 0.209000 0.536900

0 38.533100 -2.528200 9.950700 -0.732200 0.465600 0.497100 0.208400 0.537800
0 38.225399 -2.697000 9.659600 -0.993400 0.101800 0.052400 0.209000 0.536900
0 38.175400 -3.082800 10.219600 -0.980300 0.197500 0.004900 0.210300 0.538800

0 38.175400 -3.082800 10.219600 -0.980300 0.197500 0.004900 0.210300 0.538800
0 38.494499 -2.819700 10.383100 -0.688600 0.682100 0.246200 0.209500 0.539300
0 38.533100 -2.528200 9.950700 -0.732200 0.465600 0.497100 0.208400 0.537800

0 38.770000 -3.538600 10.034600 -0.195400 -0.881400 -0.430000 0.211900 0.538100
0 38.221298 -5.177900 16.178600 -0.226800 -0.973700 -0.021800 0.217800 0.559300
0 37.768101 -5.071300 16.148399 -0.641900 -0.764800 -0.056100 0.217300 0.559300

0 37.768101 -5.071300 16.148399 -0.641900 -0.764800 -0.056100 0.217300 0.559300
0 38.313099 -3.442300 10.045300 -0.629300 -0.681600 -0.373300 0.211700 0.538300
0 38.770000 -3.538600 10.034600 -0.195400 -0.881400 -0.430000 0.211900 0.538100

0 38.770000 -3.538600 10.034600 -0.195400 -0.881400 -0.430000 0.211900 0.538100
0 38.313099 -3.442300 10.045300 -0.629300 -0.681600 -0.373300 0.211700 0.538300
0 38.378700 -2.927600 9.311000 -0.600100 -0.474700 -0.643800 0.209700 0.535600

0 38.225399 -2.697000 9.659600 -0.993400 0.101800 0.052400 0.209000 0.536900
0 38.378700 -2.927600 9.311000 -0.600100 -0.474700 -0.643800 0.209700 0.535600
0 38.313099 -3.442300 10.045300 -0.629300 -0.681600 -0.373300 0.211700 0.538300

0 38.407501 -2.147100 8.987800 -0.578200 -0.293200 -0.761400 0.207000 0.534400
0 38.378700 -2.927600 9.311000 -0.600100 -0.474700 -0.643800 0.209700 0.535600
0 38.225399 -2.697000 9.659600 -0.993400 0.101800 0.052400 0.209000 0.536900

0 38.225399 -2.697000 9.659600 -0.993400 0.101800 0.052400 0.209000 0.536900
0 38.246700 -2.105600 9.420700 -0.994800 0.065300 0.078500 0.206900 0.536100
0 38.407501 -2.147100 8.987800 -0.578200 -0.293200 -0.761400 0.207000 0.534400

0 38.246700 -2.105600 9.420700 -0.994800 0.065300 0.078500 0.206900 0.536100
0 38.225399 -2.697000 9.659600 -0.993400 0.101800 0.052400 0.209000 0.536900
0 38.533100 -2.528200 9.950700 -0.732200 0.465600 0.497100 0.208400 0.537800

0 38.533100 -2.528200 9.950700 -0.732200 0.465600 0.497100 0.208400 0.537800
0 38.548901 -2.075200 9.773600 -0.743400 0.265900 0.613700 0.206800 0.537100
0 38.246700 -2.105600 9.420700 -0.994800 0.065300 0.078500 0.206900 0.536100

0 38.378700 -2.927600 9.311000 -0.600100 -0.474700 -0.643800 0.209700 0.535600
0 38.407501 -2.147100 8.987800 -0.578200 -0.293200 -0.761400 0.207000 0.534400
0 38.870602 -2.158200 8.907800 -0.165700 -0.372600 -0.913100 0.207000 0.534200

0 38.870602 -2.158200 8.907800 -0.165700 -0.372600 -0.913100 0.207000 0.534200
0 38.839699 -2.989400 9.253600 -0.177700 -0.604100 -0.776800 0.210100 0.535400
0 38.378700 -2.927600 9.311000 -0.600100 -0.474700 -0.643800 0.209700 0.535600

0 38.378700 -2.927600 9.311000 -0.600100 -0.474700 -0.643800 0.209700 0.535600
0 38.839699 -2.989400 9.253600 -0.177700 -0.604100 -0.776800 0.210100 0.535400
0 38.770000 -3.538600 10.034600 -0.195400 -0.881400 -0.430000 0.211900 0.538100

0 37.973202 -4.382300 16.221399 -0.659300 0.751200 -0.033800 0.215000 0.559600
0 38.494499 -2.819700 10.383100 -0.688600 0.682100 0.246200 0.209500 0.539300
0 38.175400 -3.082800 10.219600 -0.980300 0.197500 0.004900 0.210300 0.538800

0 38.175400 -3.082800 10.219600 -0.980300 0.197500 0.004900 0.210300 0.538800
0 37.644001 -4.673500 16.169800 -0.978200 0.192400 -0.078100 0.215900 0.559300
0 37.973202 -4.382300 16.221399 -0.659300 0.751200 -0.033800 0.215000 0.559600

0 37.957500 -4.349200 16.397200 -0.640300 0.588500 -0.493700 0.214800 0.560100
0 37.973202 -4.382300 16.221399 -0.659300 0.751200 -0.033800 0.215000 0.559600
0 37.644001 -4.673500 16.169800 -0.978200 0.192400 -0.078100 0.215900 0.559300

0 37.644001 -4.673500 16.169800 -0.978200 0.192400 -0.078100 0.215900 0.559300
0 37.608002 -4.573000 16.572701 -0.978300 0.101900 -0.180400 0.215600 0.560800
0 37.957500 -4.349200 16.397200 -0.640300 0.588500 -0.493700 0.214800 0.560100

0 37.951199 -4.210700 16.467501 -0.627300 0.190900 -0.755000 0.214400 0.560300
0 37.957500 -4.349200 16.397200 -0.640300 0.588500 -0.493700 0.214800 0.560100
0 37.608002 -4.573000 16.572701 -0.978300 0.101900 -0.180400 0.215600 0.560800

0 37.591000 -3.283200 16.763599 -0.938500 0.000000 -0.345200 0.211100 0.561500
0 37.951199 -3.283200 16.467501 -0.635000 0.000000 -0.772500 0.211100 0.560300
0 37.951199 -4.210700 16.467501 -0.627300 0.190900 -0.755000 0.214400 0.560300

0 37.951199 -4.210700 16.467501 -0.627300 0.190900 -0.755000 0.214400 0.560300
0 37.591000 -4.255000 16.763599 -0.965400 0.037200 -0.257900 0.214500 0.561500
0 37.591000 -3.283200 16.763599 -0.938500 0.000000 -0.345200 0.211100 0.561500

0 37.672600 -3.283200 17.217300 -0.762800 0.000000 0.646700 0.211100 0.563000
0 37.591000 -3.283200 16.763599 -0.938500 0.000000 -0.345200 0.211100 0.561500
0 37.591000 -4.255000 16.763599 -0.965400 0.037200 -0.257900 0.214500 0.561500

0 37.591000 -4.255000 16.763599 -0.965400 0.037200 -0.257900 0.214500 0.561500
0 37.672600 -4.315500 17.217300 -0.721000 -0.211200 0.659900 0.214600 0.563000
0 37.672600 -3.283200 17.217300 -0.762800 0.000000 0.646700 0.211100 0.563000

0 38.114498 -3.283200 17.374800 -0.335700 0.000000 0.942000 0.211100 0.563500
0 37.672600 -3.283200 17.217300 -0.762800 0.000000 0.646700 0.211100 0.563000
0 37.672600 -4.315500 17.217300 -0.721000 -0.211200 0.659900 0.214600 0.563000

0 37.672600 -4.315500 17.217300 -0.721000 -0.211200 0.659900 0.214600 0.563000
0 38.114498 -4.331700 17.374800 -0.332300 -0.265500 0.905000 0.214700 0.563500
0 38.114498 -3.283200 17.374800 -0.335700 0.000000 0.942000 0.211100 0.563500

0 38.150200 -4.960800 16.974899 -0.286000 -0.779800 0.556900 0.216900 0.562000
0 38.114498 -4.331700 17.374800 -0.332300 -0.265500 0.905000 0.214700 0.563500
0 37.672600 -4.315500 17.217300 -0.721000 -0.211200 0.659900 0.214600 0.563000

0 37.672600 -4.315500 17.217300 -0.721000 -0.211200 0.659900 0.214600 0.563000
0 37.704399 -4.878800 16.861500 -0.674100 -0.621900 0.398500 0.216700 0.561800
0 38.150200 -4.960800 16.974899 -0.286000 -0.779800 0.556900 0.216900 0.562000

0 38.221298 -5.177900 16.178600 -0.226800 -0.973700 -0.021800 0.217800 0.559300
0 38.150200 -4.960800 16.974899 -0.286000 -0.779800 0.556900 0.216900 0.562000
0 37.704399 -4.878800 16.861500 -0.674100 -0.621900 0.398500 0.216700 0.561800

0 37.704399 -4.878800 16.861500 -0.674100 -0.621900 0.398500 0.216700 0.561800
0 37.768101 -5.071300 16.148399 -0.641900 -0.764800 -0.056100 0.217300 0.559300
0 38.221298 -5.177900 16.178600 -0.226800 -0.973700 -0.021800 0.217800 0.559300

0 37.951199 4.077100 16.467501 0.327000 -0.236200 -0.915000 0.231700 0.560300
0 37.957500 4.215600 16.397200 0.292100 -0.777100 -0.557500 0.232300 0.560100
0 38.403301 4.297600 16.510599 0.796200 -0.518700 -0.311400 0.232500 0.560300

0 38.426399 4.355300 16.251699 0.717600 -0.691900 0.079600 0.232800 0.559600
0 38.403301 4.297600 16.510599 0.796200 -0.518700 -0.311400 0.232500 0.560300
0 37.957500 4.215600 16.397200 0.292100 -0.777100 -0.557500 0.232300 0.560100

0 37.957500 4.215600 16.397200 0.292100 -0.777100 -0.557500 0.232300 0.560100
0 37.973202 4.248700 16.221399 0.225200 -0.972800 0.054900 0.232300 0.559300
0 38.426399 4.355300 16.251699 0.717600 -0.691900 0.079600 0.232800 0.559600

0 38.951401 2.782500 10.372400 0.685100 -0.637600 0.352300 0.227200 0.539300
0 38.426399 4.355300 16.251699 0.717600 -0.691900 0.079600 0.232800 0.559600
0 37.973202 4.248700 16.221399 0.225200 -0.972800 0.054900 0.232300 0.559300

0 37.973202 4.248700 16.221399 0.225200 -0.972800 0.054900 0.232300 0.559300
0 38.494499 2.686200 10.383100 0.196600 -0.886200 0.419500 0.226800 0.539300
0 38.951401 2.782500 10.372400 0.685100 -0.637600 0.352300 0.227200 0.539300

0 38.951401 2.782500 10.372400 0.685100 -0.637600 0.352300 0.227200 0.539300
0 38.494499 2.686200 10.383100 0.196600 -0.886200 0.419500 0.226800 0.539300
0 38.533100 2.394700 9.950700 0.180300 -0.611100 0.770800 0.225800 0.537800

0 38.533100 2.394700 9.950700 0.180300 -0.611100 0.770800 0.225800 0.537800
0 38.994202 2.456500 9.893300 0.698100 -0.418100 0.581200 0.226100 0.537600
0 38.951401 2.782500 10.372400 0.685100 -0.637600 0.352300 0.227200 0.539300

0 39.089100 3.141900 10.198200 0.953900 0.295900 -0.050300 0.228400 0.538600
0 38.951401 2.782500 10.372400 0.685100 -0.637600 0.352300 0.227200 0.539300
0 38.994202 2.456500 9.893300 0.698100 -0.418100 0.581200 0.226100 0.537600

0 38.426399 4.355300 16.251699 0.717600 -0.691900 0.079600 0.232800 0.559600
0 38.951401 2.782500 10.372400 0.685100 -0.637600 0.352300 0.227200 0.539300
0 39.089100 3.141900 10.198200 0.953900 0.295900 -0.050300 0.228400 0.538600

0 39.089100 3.141900 10.198200 0.953900 0.295900 -0.050300 0.228400 0.538600
0 38.550400 4.753100 16.230301 0.932000 0.351300 0.089700 0.234100 0.559300
0 38.426399 4.355300 16.251699 0.717600 -0.691900 0.079600 0.232800 0.559600

0 38.403301 4.297600 16.510599 0.796200 -0.518700 -0.311400 0.232500 0.560300
0 38.426399 4.355300 16.251699 0.717600 -0.691900 0.079600 0.232800 0.559600
0 38.550400 4.753100 16.230301 0.932000 0.351300 0.089700 0.234100 0.559300

0 38.550400 4.753100 16.230301 0.932000 0.351300 0.089700 0.234100 0.559300
0 38.499599 4.603400 16.799500 0.903200 0.312400 0.294300 0.233500 0.561500
0 38.403301 4.297600 16.510599 0.796200 -0.518700 -0.311400 0.232500 0.560300

0 38.550400 4.753100 16.230301 0.932000 0.351300 0.089700 0.234100 0.559300
0 39.089100 3.141900 10.198200 0.953900 0.295900 -0.050300 0.228400 0.538600
0 38.770000 3.405100 10.034600 0.689000 0.678000 -0.256100 0.229400 0.538100

0 38.770000 3.405100 10.034600 0.689000 0.678000 -0.256100 0.229400 0.538100
0 39.089100 3.141900 10.198200 0.953900 0.295900 -0.050300 0.228400 0.538600
0 39.147400 2.687000 9.544800 0.956600 0.227300 -0.182500 0.226800 0.536400

0 38.994202 2.456500 9.893300 0.698100 -0.418100 0.581200 0.226100 0.537600
0 39.147400 2.687000 9.544800 0.956600 0.227300 -0.182500 0.226800 0.536400
0 39.089100 3.141900 10.198200 0.953900 0.295900 -0.050300 0.228400 0.538600

0 39.172798 1.994300 9.260700 0.959000 0.137600 -0.247700 0.224400 0.535400
0 39.147400 2.687000 9.544800 0.956600 0.227300 -0.182500 0.226800 0.536400
0 38.994202 2.456500 9.893300 0.698100 -0.418100 0.581200 0.226100 0.537600

0 38.994202 2.456500 9.893300 0.698100 -0.418100 0.581200 0.226100 0.537600
0 39.012001 1.952800 9.693600 0.680500 -0.248000 0.689500 0.224200 0.536900
0 39.172798 1.994300 9.260700 0.959000 0.137600 -0.247700 0.224400 0.535400

0 39.012001 1.952800 9.693600 0.680500 -0.248000 0.689500 0.224200 0.536900
0 38.994202 2.456500 9.893300 0.698100 -0.418100 0.581200 0.226100 0.537600
0 38.533100 2.394700 9.950700 0.180300 -0.611100 0.770800 0.225800 0.537800

0 38.533100 2.394700 9.950700 0.180300 -0.611100 0.770800 0.225800 0.537800
0 38.548901 1.941700 9.773600 0.167400 -0.353900 0.920200 0.224200 0.537100
0 39.012001 1.952800 9.693600 0.680500 -0.248000 0.689500 0.224200 0.536900

0 39.147400 2.687000 9.544800 0.956600 0.227300 -0.182500 0.226800 0.536400
0 39.172798 1.994300 9.260700 0.959000 0.137600 -0.247700 0.224400 0.535400
0 38.870602 2.024700 8.907800 0.739600 0.279600 -0.612100 0.224500 0.534200

0 38.870602 2.024700 8.907800 0.739600 0.279600 -0.612100 0.224500 0.534200
0 38.839699 2.855800 9.253600 0.731400 0.451700 -0.511000 0.227400 0.535400
0 39.147400 2.687000 9.544800 0.956600 0.227300 -0.182500 0.226800 0.536400

0 39.147400 2.687000 9.544800 0.956600 0.227300 -0.182500 0.226800 0.536400
0 38.839699 2.855800 9.253600 0.731400 0.451700 -0.511000 0.227400 0.535400
0 38.770000 3.405100 10.034600 0.689000 0.678000 -0.256100 0.229400 0.538100

0 38.393002 3.149600 16.625000 0.762700 0.000000 -0.646700 0.228400 0.560800
0 37.951199 3.149600 16.467501 0.335800 0.000000 -0.941900 0.228400 0.560300
0 37.951199 4.077100 16.467501 0.327000 -0.236200 -0.915000 0.231700 0.560300

0 37.951199 4.077100 16.467501 0.327000 -0.236200 -0.915000 0.231700 0.560300
0 38.393002 4.093300 16.625000 0.799600 -0.170800 -0.575800 0.231700 0.560800
0 38.393002 3.149600 16.625000 0.762700 0.000000 -0.646700 0.228400 0.560800

0 38.403301 4.297600 16.510599 0.796200 -0.518700 -0.311400 0.232500 0.560300
0 38.393002 4.093300 16.625000 0.799600 -0.170800 -0.575800 0.231700 0.560800
0 37.951199 4.077100 16.467501 0.327000 -0.236200 -0.915000 0.231700 0.560300

0 38.474701 4.153900 17.078699 0.907800 0.106600 0.405700 0.231900 0.562300
0 38.393002 4.093300 16.625000 0.799600 -0.170800 -0.575800 0.231700 0.560800
0 38.403301 4.297600 16.510599 0.796200 -0.518700 -0.311400 0.232500 0.560300

0 38.403301 4.297600 16.510599 0.796200 -0.518700 -0.311400 0.232500 0.560300
0 38.499599 4.603400 16.799500 0.903200 0.312400 0.294300 0.233500 0.561500
0 38.474701 4.153900 17.078699 0.907800 0.106600 0.405700 0.231900 0.562300

0 38.114498 4.198200 17.374800 0.635900 0.187700 0.748600 0.232200 0.563500
0 38.474701 4.153900 17.078699 0.907800 0.106600 0.405700 0.231900 0.562300
0 38.499599 4.603400 16.799500 0.903200 0.312400 0.294300 0.233500 0.561500

0 38.499599 4.603400 16.799500 0.903200 0.312400 0.294300 0.233500 0.561500
0 38.150200 4.827200 16.974899 0.630900 0.589600 0.504300 0.234400 0.562000
0 38.114498 4.198200 17.374800 0.635900 0.187700 0.748600 0.232200 0.563500

0 38.221298 5.044400 16.178600 0.655700 0.753100 0.053300 0.235100 0.559300
0 38.150200 4.827200 16.974899 0.630900 0.589600 0.504300 0.234400 0.562000
0 38.499599 4.603400 16.799500 0.903200 0.312400 0.294300 0.233500 0.561500

0 38.499599 4.603400 16.799500 0.903200 0.312400 0.294300 0.233500 0.561500
0 38.550400 4.753100 16.230301 0.932000 0.351300 0.089700 0.234100 0.559300
0 38.221298 5.044400 16.178600 0.655700 0.753100 0.053300 0.235100 0.559300

0 38.770000 3.405100 10.034600 0.689000 0.678000 -0.256100 0.229400 0.538100
0 38.221298 5.044400 16.178600 0.655700 0.753100 0.053300 0.235100 0.559300
0 38.550400 4.753100 16.230301 0.932000 0.351300 0.089700 0.234100 0.559300

0 38.474701 3.149600 17.078699 0.938600 0.000000 0.345100 0.228400 0.562300
0 38.393002 3.149600 16.625000 0.762700 0.000000 -0.646700 0.228400 0.560800
0 38.393002 4.093300 16.625000 0.799600 -0.170800 -0.575800 0.231700 0.560800

0 38.393002 4.093300 16.625000 0.799600 -0.170800 -0.575800 0.231700 0.560800
0 38.474701 4.153900 17.078699 0.907800 0.106600 0.405700 0.231900 0.562300
0 38.474701 3.149600 17.078699 0.938600 0.000000 0.345100 0.228400 0.562300

0 38.114498 3.149600 17.374800 0.635000 0.000000 0.772500 0.228400 0.563500
0 38.474701 3.149600 17.078699 0.938600 0.000000 0.345100 0.228400 0.562300
0 38.474701 4.153900 17.078699 0.907800 0.106600 0.405700 0.231900 0.562300

0 38.474701 4.153900 17.078699 0.907800 0.106600 0.405700 0.231900 0.562300
0 38.114498 4.198200 17.374800 0.635900 0.187700 0.748600 0.232200 0.563500
0 38.114498 3.149600 17.374800 0.635000 0.000000 0.772500 0.228400 0.563500

0 -39.094299 -3.275500 10.198200 -0.953800 -0.296100 -0.050300 0.194600 0.538600
0 -38.775101 -3.538600 10.034600 -0.688800 -0.678200 -0.256100 0.195400 0.538100
0 -38.226501 -5.177900 16.178600 -0.655700 -0.753200 0.053200 0.201300 0.559300

0 -39.152599 -2.820600 9.544800 -0.956400 -0.227300 -0.183600 0.193000 0.536400
0 -38.844898 -2.989400 9.253600 -0.732300 -0.450400 -0.510900 0.193500 0.535400
0 -38.775101 -3.538600 10.034600 -0.688800 -0.678200 -0.256100 0.195400 0.538100

0 -38.775101 -3.538600 10.034600 -0.688800 -0.678200 -0.256100 0.195400 0.538100
0 -39.094299 -3.275500 10.198200 -0.953800 -0.296100 -0.050300 0.194600 0.538600
0 -39.152599 -2.820600 9.544800 -0.956400 -0.227300 -0.183600 0.193000 0.536400

0 -38.999298 -2.590000 9.893300 -0.698100 0.417000 0.582000 0.192100 0.537600
0 -39.152599 -2.820600 9.544800 -0.956400 -0.227300 -0.183600 0.193000 0.536400
0 -39.094299 -3.275500 10.198200 -0.953800 -0.296100 -0.050300 0.194600 0.538600

0 -39.094299 -3.275500 10.198200 -0.953800 -0.296100 -0.050300 0.194600 0.538600
0 -38.956600 -2.916000 10.372400 -0.685200 0.637600 0.352200 0.193200 0.539100
0 -38.999298 -2.590000 9.893300 -0.698100 0.417000 0.582000 0.192100 0.537600

0 -38.956600 -2.916000 10.372400 -0.685200 0.637600 0.352200 0.193200 0.539100
0 -39.094299 -3.275500 10.198200 -0.953800 -0.296100 -0.050300 0.194600 0.538600
0 -38.555599 -4.886700 16.230301 -0.931900 -0.351400 0.089800 0.200200 0.559300

0 -38.226501 -5.177900 16.178600 -0.655700 -0.753200 0.053200 0.201300 0.559300
0 -38.555599 -4.886700 16.230301 -0.931900 -0.351400 0.089800 0.200200 0.559300
0 -39.094299 -3.275500 10.198200 -0.953800 -0.296100 -0.050300 0.194600 0.538600

0 -38.504799 -4.736900 16.799500 -0.903300 -0.312300 0.294200 0.199600 0.561300
0 -38.555599 -4.886700 16.230301 -0.931900 -0.351400 0.089800 0.200200 0.559300
0 -38.226501 -5.177900 16.178600 -0.655700 -0.753200 0.053200 0.201300 0.559300

0 -38.226501 -5.177900 16.178600 -0.655700 -0.753200 0.053200 0.201300 0.559300
0 -38.155399 -4.960800 16.974899 -0.631000 -0.589600 0.504200 0.200400 0.562000
0 -38.504799 -4.736900 16.799500 -0.903300 -0.312300 0.294200 0.199600 0.561300

0 -38.504799 -4.736900 16.799500 -0.903300 -0.312300 0.294200 0.199600 0.561300
0 -38.155399 -4.960800 16.974899 -0.631000 -0.589600 0.504200 0.200400 0.562000
0 -38.119701 -4.331700 17.374800 -0.635900 -0.187700 0.748600 0.198200 0.563200

0 -39.178001 -2.127800 9.260700 -0.958400 -0.139300 -0.249200 0.190400 0.535400
0 -38.875801 -2.158200 8.907800 -0.740700 -0.281300 -0.610100 0.190700 0.534200
0 -38.844898 -2.989400 9.253600 -0.732300 -0.450400 -0.510900 0.193500 0.535400

0 -38.844898 -2.989400 9.253600 -0.732300 -0.450400 -0.510900 0.193500 0.535400
0 -39.152599 -2.820600 9.544800 -0.956400 -0.227300 -0.183600 0.193000 0.536400
0 -39.178001 -2.127800 9.260700 -0.958400 -0.139300 -0.249200 0.190400 0.535400

0 -39.017200 -2.086300 9.693600 -0.680200 0.250400 0.688900 0.190300 0.536900
0 -39.178001 -2.127800 9.260700 -0.958400 -0.139300 -0.249200 0.190400 0.535400
0 -39.152599 -2.820600 9.544800 -0.956400 -0.227300 -0.183600 0.193000 0.536400

0 -39.152599 -2.820600 9.544800 -0.956400 -0.227300 -0.183600 0.193000 0.536400
0 -38.999298 -2.590000 9.893300 -0.698100 0.417000 0.582000 0.192100 0.537600
0 -39.017200 -2.086300 9.693600 -0.680200 0.250400 0.688900 0.190300 0.536900

0 -38.554100 -2.075200 9.773600 -0.165100 0.356600 0.919600 0.190300 0.537100
0 -39.017200 -2.086300 9.693600 -0.680200 0.250400 0.688900 0.190300 0.536900
0 -38.999298 -2.590000 9.893300 -0.698100 0.417000 0.582000 0.192100 0.537600

0 -38.999298 -2.590000 9.893300 -0.698100 0.417000 0.582000 0.192100 0.537600
0 -38.538300 -2.528200 9.950800 -0.179200 0.610300 0.771700 0.191900 0.537800
0 -38.554100 -2.075200 9.773600 -0.165100 0.356600 0.919600 0.190300 0.537100

0 -38.538300 -2.528200 9.950800 -0.179200 0.610300 0.771700 0.191900 0.537800
0 -38.999298 -2.590000 9.893300 -0.698100 0.417000 0.582000 0.192100 0.537600
0 -38.956600 -2.916000 10.372400 -0.685200 0.637600 0.352200 0.193200 0.539100

0 -38.956600 -2.916000 10.372400 -0.685200 0.637600 0.352200 0.193200 0.539100
0 -38.499699 -2.819700 10.383100 -0.196600 0.886200 0.419500 0.193000 0.539300
0 -38.538300 -2.528200 9.950800 -0.179200 0.610300 0.771700 0.191900 0.537800

0 -38.499699 -2.819700 10.383100 -0.196600 0.886200 0.419500 0.193000 0.539300
0 -38.956600 -2.916000 10.372400 -0.685200 0.637600 0.352200 0.193200 0.539100
0 -38.431599 -4.488900 16.251699 -0.717700 0.691800 0.079700 0.198900 0.559300

0 -38.555599 -4.886700 16.230301 -0.931900 -0.351400 0.089800 0.200200 0.559300
0 -38.431599 -4.488900 16.251699 -0.717700 0.691800 0.079700 0.198900 0.559300
0 -38.956600 -2.916000 10.372400 -0.685200 0.637600 0.352200 0.193200 0.539100

0 -38.408401 -4.431100 16.510599 -0.794300 0.521600 -0.311500 0.198600 0.560300
0 -38.431599 -4.488900 16.251699 -0.717700 0.691800 0.079700 0.198900 0.559300
0 -38.555599 -4.886700 16.230301 -0.931900 -0.351400 0.089800 0.200200 0.559300

0 -38.555599 -4.886700 16.230301 -0.931900 -0.351400 0.089800 0.200200 0.559300
0 -38.504799 -4.736900 16.799500 -0.903300 -0.312300 0.294200 0.199600 0.561300
0 -38.408401 -4.431100 16.510599 -0.794300 0.521600 -0.311500 0.198600 0.560300

0 -38.408401 -4.431100 16.510599 -0.794300 0.521600 -0.311500 0.198600 0.560300
0 -38.504799 -4.736900 16.799500 -0.903300 -0.312300 0.294200 0.199600 0.561300
0 -38.479900 -4.287400 17.078699 -0.907800 -0.106600 0.405700 0.198100 0.562300

0 -38.119701 -4.331700 17.374800 -0.635900 -0.187700 0.748600 0.198200 0.563200
0 -38.479900 -4.287400 17.078699 -0.907800 -0.106600 0.405700 0.198100 0.562300
0 -38.504799 -4.736900 16.799500 -0.903300 -0.312300 0.294200 0.199600 0.561300

0 -38.479900 -4.287400 17.078699 -0.907800 -0.106600 0.405700 0.198100 0.562300
0 -38.119701 -4.331700 17.374800 -0.635900 -0.187700 0.748600 0.198200 0.563200
0 -38.119701 -3.283200 17.374800 -0.635000 0.000000 0.772500 0.194600 0.563200

0 -38.119701 -3.283200 17.374800 -0.635000 0.000000 0.772500 0.194600 0.563200
0 -38.479900 -3.283200 17.078699 -0.938600 0.000000 0.345000 0.194600 0.562300
0 -38.479900 -4.287400 17.078699 -0.907800 -0.106600 0.405700 0.198100 0.562300

0 -38.398201 -4.226900 16.625099 -0.798200 0.169400 -0.578000 0.197900 0.560800
0 -38.479900 -4.287400 17.078699 -0.907800 -0.106600 0.405700 0.198100 0.562300
0 -38.479900 -3.283200 17.078699 -0.938600 0.000000 0.345000 0.194600 0.562300

0 -38.479900 -4.287400 17.078699 -0.907800 -0.106600 0.405700 0.198100 0.562300
0 -38.398201 -4.226900 16.625099 -0.798200 0.169400 -0.578000 0.197900 0.560800
0 -38.408401 -4.431100 16.510599 -0.794300 0.521600 -0.311500 0.198600 0.560300

0 -37.962700 -4.349200 16.397200 -0.298800 0.779600 -0.550500 0.198400 0.559800
0 -38.408401 -4.431100 16.510599 -0.794300 0.521600 -0.311500 0.198600 0.560300
0 -38.398201 -4.226900 16.625099 -0.798200 0.169400 -0.578000 0.197900 0.560800

0 -38.431599 -4.488900 16.251699 -0.717700 0.691800 0.079700 0.198900 0.559300
0 -38.408401 -4.431100 16.510599 -0.794300 0.521600 -0.311500 0.198600 0.560300
0 -37.962700 -4.349200 16.397200 -0.298800 0.779600 -0.550500 0.198400 0.559800

0 -37.962700 -4.349200 16.397200 -0.298800 0.779600 -0.550500 0.198400 0.559800
0 -37.978298 -4.382300 16.221399 -0.225100 0.972800 0.054900 0.198500 0.559300
0 -38.431599 -4.488900 16.251699 -0.717700 0.691800 0.079700 0.198900 0.559300

0 -38.431599 -4.488900 16.251699 -0.717700 0.691800 0.079700 0.198900 0.559300
0 -37.978298 -4.382300 16.221399 -0.225100 0.972800 0.054900 0.198500 0.559300
0 -38.499699 -2.819700 10.383100 -0.196600 0.886200 0.419500 0.193000 0.539300

0 -38.479900 -3.283200 17.078699 -0.938600 0.000000 0.345000 0.194600 0.562300
0 -38.398201 -3.283200 16.625099 -0.762800 0.000000 -0.646600 0.194600 0.560800
0 -38.398201 -4.226900 16.625099 -0.798200 0.169400 -0.578000 0.197900 0.560800

0 -37.956402 -4.210700 16.467501 -0.334500 0.229700 -0.914000 0.197900 0.560300
0 -38.398201 -4.226900 16.625099 -0.798200 0.169400 -0.578000 0.197900 0.560800
0 -38.398201 -3.283200 16.625099 -0.762800 0.000000 -0.646600 0.194600 0.560800

0 -38.398201 -4.226900 16.625099 -0.798200 0.169400 -0.578000 0.197900 0.560800
0 -37.956402 -4.210700 16.467501 -0.334500 0.229700 -0.914000 0.197900 0.560300
0 -37.962700 -4.349200 16.397200 -0.298800 0.779600 -0.550500 0.198400 0.559800

0 -38.398201 -3.283200 16.625099 -0.762800 0.000000 -0.646600 0.194600 0.560800
0 -37.956402 -3.283200 16.467501 -0.336000 0.000000 -0.941900 0.194600 0.560300
0 -37.956402 -4.210700 16.467501 -0.334500 0.229700 -0.914000 0.197900 0.560300

0 38.114498 4.198200 17.374800 -0.331600 0.264800 0.905500 0.239700 0.564500
0 38.150200 4.827200 16.974899 -0.284900 0.780500 0.556500 0.242100 0.563200
0 37.704399 4.745300 16.861500 -0.674300 0.622200 0.397900 0.241700 0.562700

0 37.704399 4.745300 16.861500 -0.674300 0.622200 0.397900 0.241700 0.562700
0 38.150200 4.827200 16.974899 -0.284900 0.780500 0.556500 0.242100 0.563200
0 38.221298 5.044400 16.178600 -0.226800 0.973700 -0.021800 0.242800 0.560300

0 38.221298 5.044400 16.178600 -0.226800 0.973700 -0.021800 0.242800 0.560300
0 37.768101 4.937800 16.148399 -0.641900 0.764700 -0.056100 0.242400 0.560300
0 37.704399 4.745300 16.861500 -0.674300 0.622200 0.397900 0.241700 0.562700

0 38.313099 3.308700 10.045300 -0.629400 0.681600 -0.373200 0.236700 0.539300
0 37.768101 4.937800 16.148399 -0.641900 0.764700 -0.056100 0.242400 0.560300
0 38.221298 5.044400 16.178600 -0.226800 0.973700 -0.021800 0.242800 0.560300

0 38.221298 5.044400 16.178600 -0.226800 0.973700 -0.021800 0.242800 0.560300
0 38.770000 3.405100 10.034600 -0.195600 0.881400 -0.430000 0.237100 0.539300
0 38.313099 3.308700 10.045300 -0.629400 0.681600 -0.373200 0.236700 0.539300

0 38.114498 3.149600 17.374800 -0.335700 0.000000 0.942000 0.236100 0.564500
0 38.114498 4.198200 17.374800 -0.331600 0.264800 0.905500 0.239700 0.564500
0 37.672600 4.182000 17.217300 -0.721300 0.210500 0.659800 0.239700 0.564000

0 37.704399 4.745300 16.861500 -0.674300 0.622200 0.397900 0.241700 0.562700
0 37.672600 4.182000 17.217300 -0.721300 0.210500 0.659800 0.239700 0.564000
0 38.114498 4.198200 17.374800 -0.331600 0.264800 0.905500 0.239700 0.564500

0 37.672600 4.182000 17.217300 -0.721300 0.210500 0.659800 0.239700 0.564000
0 37.704399 4.745300 16.861500 -0.674300 0.622200 0.397900 0.241700 0.562700
0 37.608002 4.439500 16.572701 -0.977900 -0.105600 -0.180700 0.240600 0.561800

0 37.608002 4.439500 16.572701 -0.977900 -0.105600 -0.180700 0.240600 0.561800
0 37.704399 4.745300 16.861500 -0.674300 0.622200 0.397900 0.241700 0.562700
0 37.768101 4.937800 16.148399 -0.641900 0.764700 -0.056100 0.242400 0.560300

0 37.768101 4.937800 16.148399 -0.641900 0.764700 -0.056100 0.242400 0.560300
0 37.644001 4.539900 16.169800 -0.978200 -0.192400 -0.078100 0.241100 0.560300
0 37.608002 4.439500 16.572701 -0.977900 -0.105600 -0.180700 0.240600 0.561800

0 38.175400 2.949300 10.219600 -0.980300 -0.197400 0.004800 0.235500 0.539800
0 37.644001 4.539900 16.169800 -0.978200 -0.192400 -0.078100 0.241100 0.560300
0 37.768101 4.937800 16.148399 -0.641900 0.764700 -0.056100 0.242400 0.560300

0 37.768101 4.937800 16.148399 -0.641900 0.764700 -0.056100 0.242400 0.560300
0 38.313099 3.308700 10.045300 -0.629400 0.681600 -0.373200 0.236700 0.539300
0 38.175400 2.949300 10.219600 -0.980300 -0.197400 0.004800 0.235500 0.539800

0 38.225399 2.563500 9.659600 -0.993600 -0.100700 0.051400 0.234000 0.537800
0 38.175400 2.949300 10.219600 -0.980300 -0.197400 0.004800 0.235500 0.539800
0 38.313099 3.308700 10.045300 -0.629400 0.681600 -0.373200 0.236700 0.539300

0 38.313099 3.308700 10.045300 -0.629400 0.681600 -0.373200 0.236700 0.539300
0 38.378700 2.794000 9.311000 -0.600200 0.474100 -0.644200 0.234900 0.536600
0 38.225399 2.563500 9.659600 -0.993600 -0.100700 0.051400 0.234000 0.537800

0 38.378700 2.794000 9.311000 -0.600200 0.474100 -0.644200 0.234900 0.536600
0 38.313099 3.308700 10.045300 -0.629400 0.681600 -0.373200 0.236700 0.539300
0 38.770000 3.405100 10.034600 -0.195600 0.881400 -0.430000 0.237100 0.539300

0 38.770000 3.405100 10.034600 -0.195600 0.881400 -0.430000 0.237100 0.539300
0 38.839699 2.855800 9.253600 -0.178200 0.603600 -0.777100 0.235000 0.536600
0 38.378700 2.794000 9.311000 -0.600200 0.474100 -0.644200 0.234900 0.536600

0 37.644001 4.539900 16.169800 -0.978200 -0.192400 -0.078100 0.241100 0.560300
0 37.973202 4.248700 16.221399 -0.659200 -0.751200 -0.033600 0.240000 0.560500
0 37.957500 4.215600 16.397200 -0.650100 -0.590900 -0.477700 0.239900 0.561300

0 37.957500 4.215600 16.397200 -0.650100 -0.590900 -0.477700 0.239900 0.561300
0 37.608002 4.439500 16.572701 -0.977900 -0.105600 -0.180700 0.240600 0.561800
0 37.644001 4.539900 16.169800 -0.978200 -0.192400 -0.078100 0.241100 0.560300

0 37.591000 4.121400 16.763599 -0.964700 -0.035800 -0.261000 0.239500 0.562500
0 37.608002 4.439500 16.572701 -0.977900 -0.105600 -0.180700 0.240600 0.561800
0 37.957500 4.215600 16.397200 -0.650100 -0.590900 -0.477700 0.239900 0.561300

0 37.608002 4.439500 16.572701 -0.977900 -0.105600 -0.180700 0.240600 0.561800
0 37.591000 4.121400 16.763599 -0.964700 -0.035800 -0.261000 0.239500 0.562500
0 37.672600 4.182000 17.217300 -0.721300 0.210500 0.659800 0.239700 0.564000

0 37.672600 3.149600 17.217300 -0.762800 0.000000 0.646700 0.236100 0.564000
0 37.672600 4.182000 17.217300 -0.721300 0.210500 0.659800 0.239700 0.564000
0 37.591000 4.121400 16.763599 -0.964700 -0.035800 -0.261000 0.239500 0.562500

0 37.672600 4.182000 17.217300 -0.721300 0.210500 0.659800 0.239700 0.564000
0 37.672600 3.149600 17.217300 -0.762800 0.000000 0.646700 0.236100 0.564000
0 38.114498 3.149600 17.374800 -0.335700 0.000000 0.942000 0.236100 0.564500

0 37.957500 4.215600 16.397200 -0.650100 -0.590900 -0.477700 0.239900 0.561300
0 37.951199 4.077100 16.467501 -0.638000 -0.174800 -0.749900 0.239400 0.561500
0 37.591000 4.121400 16.763599 -0.964700 -0.035800 -0.261000 0.239500 0.562500

0 37.591000 3.149600 16.763599 -0.938500 0.000000 -0.345200 0.236100 0.562500
0 37.591000 4.121400 16.763599 -0.964700 -0.035800 -0.261000 0.239500 0.562500
0 37.951199 4.077100 16.467501 -0.638000 -0.174800 -0.749900 0.239400 0.561500

0 37.591000 4.121400 16.763599 -0.964700 -0.035800 -0.261000 0.239500 0.562500
0 37.591000 3.149600 16.763599 -0.938500 0.000000 -0.345200 0.236100 0.562500
0 37.672600 3.149600 17.217300 -0.762800 0.000000 0.646700 0.236100 0.564000

0 37.951199 4.077100 16.467501 -0.638000 -0.174800 -0.749900 0.239400 0.561500
0 37.951199 3.149600 16.467501 -0.635000 0.000000 -0.772500 0.236100 0.561500
0 37.591000 3.149600 16.763599 -0.938500 0.000000 -0.345200 0.236100 0.562500

0 38.839699 2.855800 9.253600 -0.178200 0.603600 -0.777100 0.235000 0.536600
0 38.870602 2.024700 8.907800 -0.166600 0.373500 -0.912600 0.232200 0.535400
0 38.407501 2.013600 8.987800 -0.578100 0.294600 -0.760900 0.232200 0.535600

0 38.407501 2.013600 8.987800 -0.578100 0.294600 -0.760900 0.232200 0.535600
0 38.378700 2.794000 9.311000 -0.600200 0.474100 -0.644200 0.234900 0.536600
0 38.839699 2.855800 9.253600 -0.178200 0.603600 -0.777100 0.235000 0.536600

0 38.378700 2.794000 9.311000 -0.600200 0.474100 -0.644200 0.234900 0.536600
0 38.407501 2.013600 8.987800 -0.578100 0.294600 -0.760900 0.232200 0.535600
0 38.246700 1.972100 9.420700 -0.995000 -0.065300 0.075900 0.231900 0.537100

0 38.246700 1.972100 9.420700 -0.995000 -0.065300 0.075900 0.231900 0.537100
0 38.225399 2.563500 9.659600 -0.993600 -0.100700 0.051400 0.234000 0.537800
0 38.378700 2.794000 9.311000 -0.600200 0.474100 -0.644200 0.234900 0.536600

0 38.225399 2.563500 9.659600 -0.993600 -0.100700 0.051400 0.234000 0.537800
0 38.246700 1.972100 9.420700 -0.995000 -0.065300 0.075900 0.231900 0.537100
0 38.548901 1.941700 9.773600 -0.739600 -0.271900 0.615700 0.231800 0.538300

0 38.548901 1.941700 9.773600 -0.739600 -0.271900 0.615700 0.231800 0.538300
0 38.533100 2.394700 9.950700 -0.731000 -0.464300 0.500100 0.233400 0.538800
0 38.225399 2.563500 9.659600 -0.993600 -0.100700 0.051400 0.234000 0.537800

0 38.175400 2.949300 10.219600 -0.980300 -0.197400 0.004800 0.235500 0.539800
0 38.225399 2.563500 9.659600 -0.993600 -0.100700 0.051400 0.234000 0.537800
0 38.533100 2.394700 9.950700 -0.731000 -0.464300 0.500100 0.233400 0.538800

0 38.533100 2.394700 9.950700 -0.731000 -0.464300 0.500100 0.233400 0.538800
0 38.494499 2.686200 10.383100 -0.688500 -0.682200 0.246100 0.234500 0.540500
0 38.175400 2.949300 10.219600 -0.980300 -0.197400 0.004800 0.235500 0.539800

0 37.644001 4.539900 16.169800 -0.978200 -0.192400 -0.078100 0.241100 0.560300
0 38.175400 2.949300 10.219600 -0.980300 -0.197400 0.004800 0.235500 0.539800
0 38.494499 2.686200 10.383100 -0.688500 -0.682200 0.246100 0.234500 0.540500

0 38.494499 2.686200 10.383100 -0.688500 -0.682200 0.246100 0.234500 0.540500
0 37.973202 4.248700 16.221399 -0.659200 -0.751200 -0.033600 0.240000 0.560500
0 37.644001 4.539900 16.169800 -0.978200 -0.192400 -0.078100 0.241100 0.560300

0 8.725800 -19.557699 25.900000 0.000000 -0.011800 0.999900 0.212300 0.967300
0 8.725800 -20.125299 25.893299 0.000000 -0.011800 0.999900 0.211900 0.967100
0 25.762600 -20.125299 25.893299 0.000000 -0.011800 0.999900 0.291300 0.967100

0 -37.401199 -4.177200 18.215700 0.000000 -1.000000 0.000000 0.180300 0.581300
0 -38.781700 -4.177200 15.976600 0.000000 -1.000000 0.000000 0.172200 0.568100
0 -37.401699 -4.177200 15.977000 0.000000 -1.000000 0.000000 0.180300 0.568100

0 -39.119999 -4.177200 17.123301 0.000000 -1.000000 0.000000 0.170300 0.574700
0 -38.781700 -4.177200 15.976600 0.000000 -1.000000 0.000000 0.172200 0.568100
0 -37.401199 -4.177200 18.215700 0.000000 -1.000000 0.000000 0.180300 0.581300

0 -37.401199 -4.177200 18.215700 0.000000 -1.000000 0.000000 0.180300 0.581300
0 -38.723099 -4.177200 18.216200 0.000000 -1.000000 0.000000 0.172500 0.581300
0 -39.119999 -4.177200 17.123301 0.000000 -1.000000 0.000000 0.170300 0.574700

0 -8.725800 19.557699 25.900000 0.000000 0.011800 0.999900 0.212800 0.983800
0 -8.725800 20.125299 25.893299 0.000000 0.011800 0.999900 0.212300 0.981900
0 -25.762600 20.125299 25.893299 0.000000 0.011800 0.999900 0.291500 0.983800

0 -37.401699 3.826100 15.977000 0.000000 1.000000 0.000000 0.160400 0.574500
0 -38.781700 3.826100 15.976600 0.000000 1.000000 0.000000 0.168600 0.574500
0 -39.119999 3.826100 17.123301 0.000000 1.000000 0.000000 0.170500 0.581300

0 -39.119999 3.826100 17.123301 0.000000 1.000000 0.000000 0.170500 0.581300
0 -37.401199 3.826100 18.215700 0.000000 1.000000 0.000000 0.160400 0.587600
0 -37.401699 3.826100 15.977000 0.000000 1.000000 0.000000 0.160400 0.574500

0 -37.401199 3.826100 18.215700 0.000000 1.000000 0.000000 0.160400 0.587600
0 -39.119999 3.826100 17.123301 0.000000 1.000000 0.000000 0.170500 0.581300
0 -38.723099 3.826100 18.216200 0.000000 1.000000 0.000000 0.168100 0.587600

0 -8.725800 -19.557699 25.900000 0.000000 -0.011800 0.999900 0.131000 0.967300
0 -25.762600 -20.125299 25.893299 0.000000 -0.011800 0.999900 0.051500 0.967200
0 -8.725800 -20.125299 25.893299 0.000000 -0.011800 0.999900 0.130700 0.967100

0 -38.723099 3.826100 18.216200 0.000400 0.000000 1.000000 0.067400 0.554700
0 -38.723099 -4.177200 18.216200 0.000400 0.000000 1.000000 0.105700 0.554700
0 -37.401199 -4.177200 18.215700 0.000400 0.000000 1.000000 0.105700 0.560800

0 -37.401199 -4.177200 18.215700 0.000400 0.000000 1.000000 0.105700 0.560800
0 -37.401199 3.826100 18.215700 0.000400 0.000000 1.000000 0.067400 0.560800
0 -38.723099 3.826100 18.216200 0.000400 0.000000 1.000000 0.067400 0.554700

0 -39.119999 3.826100 17.123301 -0.999500 0.000000 0.030700 0.067400 0.549600
0 -38.781700 3.826100 15.976600 -0.959100 0.000000 -0.283000 0.067400 0.544200
0 -38.781700 -4.177200 15.976600 -0.959100 0.000000 -0.283000 0.105700 0.544200

0 -38.781700 -4.177200 15.976600 -0.959100 0.000000 -0.283000 0.105700 0.544200
0 -39.119999 -4.177200 17.123301 -0.999500 0.000000 0.030700 0.105700 0.549600
0 -39.119999 3.826100 17.123301 -0.999500 0.000000 0.030700 0.067400 0.549600

0 -38.723099 3.826100 18.216200 -0.939900 0.000000 0.341300 0.067400 0.554700
0 -39.119999 3.826100 17.123301 -0.999500 0.000000 0.030700 0.067400 0.549600
0 -39.119999 -4.177200 17.123301 -0.999500 0.000000 0.030700 0.105700 0.549600

0 -39.119999 -4.177200 17.123301 -0.999500 0.000000 0.030700 0.105700 0.549600
0 -38.723099 -4.177200 18.216200 -0.939900 0.000000 0.341300 0.105700 0.554700
0 -38.723099 3.826100 18.216200 -0.939900 0.000000 0.341300 0.067400 0.554700

0 -37.414200 -3.530100 7.615700 -1.000000 0.000000 0.000000 0.201700 0.721400
0 -37.414200 6.414500 17.902800 -1.000000 0.000000 0.000000 0.243500 0.761600
0 -37.414200 3.530100 7.615700 -1.000000 0.000000 0.000000 0.231300 0.721400

0 -37.414200 -3.530100 7.615700 -1.000000 0.000000 0.000000 0.201700 0.721400
0 -37.414200 -6.414500 17.902800 -1.000000 0.000000 0.000000 0.189500 0.761600
0 -37.414200 -5.449100 19.206900 -1.000000 0.000000 0.000000 0.193500 0.766600

0 -37.414200 -5.449100 19.206900 -1.000000 0.000000 0.000000 0.193500 0.766600
0 -37.414200 6.414500 17.902800 -1.000000 0.000000 0.000000 0.243500 0.761600
0 -37.414200 -3.530100 7.615700 -1.000000 0.000000 0.000000 0.201700 0.721400

0 -37.414200 -5.449100 19.206900 -1.000000 0.000000 0.000000 0.193500 0.766600
0 -37.414200 5.449100 19.206900 -1.000000 0.000000 0.000000 0.239400 0.766600
0 -37.414200 6.414500 17.902800 -1.000000 0.000000 0.000000 0.243500 0.761600

0 30.514500 -17.700600 0.001000 0.000000 0.000000 -1.000000 0.689900 0.650900
0 12.276900 -17.735500 0.001000 0.000000 0.000000 -1.000000 0.727500 0.650900
0 12.276900 17.735500 0.001000 0.000000 0.000000 -1.000000 0.728000 0.792600

0 12.276900 17.735500 0.001000 0.000000 0.000000 -1.000000 0.728000 0.792600
0 30.514500 17.700600 0.001000 0.000000 0.000000 -1.000000 0.690400 0.792600
0 30.514500 -17.700600 0.001000 0.000000 0.000000 -1.000000 0.689900 0.650900

0 30.514500 -17.700600 0.001000 0.000000 0.000000 -1.000000 0.689900 0.650900
0 30.514500 17.700600 0.001000 0.000000 0.000000 -1.000000 0.690400 0.792600
0 35.058102 5.838800 0.001000 0.000000 0.000000 -1.000000 0.644000 0.745600

0 35.058102 5.838800 0.001000 0.000000 0.000000 -1.000000 0.644000 0.745600
0 35.058102 -6.049300 0.001000 0.000000 0.000000 -1.000000 0.644000 0.697500
0 30.514500 -17.700600 0.001000 0.000000 0.000000 -1.000000 0.689900 0.650900

0 30.514500 -17.700600 0.001000 0.000000 0.000000 -1.000000 0.689900 0.650900
0 35.058102 -6.049300 0.001000 0.000000 0.000000 -1.000000 0.644000 0.697500
0 35.058102 -15.214100 0.001000 0.000000 0.000000 -1.000000 0.644000 0.660400

0 35.058102 -15.214100 0.001000 0.000000 0.000000 -1.000000 0.644000 0.660400
0 33.187099 -17.129499 0.001000 0.000000 0.000000 -1.000000 0.650900 0.650900
0 30.514500 -17.700600 0.001000 0.000000 0.000000 -1.000000 0.689900 0.650900

0 35.058102 15.214100 0.001000 0.000000 0.000000 -1.000000 0.644500 0.783400
0 35.058102 5.838800 0.001000 0.000000 0.000000 -1.000000 0.644000 0.745600
0 30.514500 17.700600 0.001000 0.000000 0.000000 -1.000000 0.690400 0.792600

0 30.514500 17.700600 0.001000 0.000000 0.000000 -1.000000 0.690400 0.792600
0 33.187099 17.129499 0.001000 0.000000 0.000000 -1.000000 0.651400 0.792600
0 35.058102 15.214100 0.001000 0.000000 0.000000 -1.000000 0.644500 0.783400

0 -37.401699 3.826100 15.977000 0.000300 0.000000 -1.000000 0.067400 0.537800
0 -37.401699 -4.177200 15.977000 0.000300 0.000000 -1.000000 0.105700 0.537800
0 -38.781700 -4.177200 15.976600 0.000300 0.000000 -1.000000 0.105700 0.544200

0 -38.781700 -4.177200 15.976600 0.000300 0.000000 -1.000000 0.105700 0.544200
0 -38.781700 3.826100 15.976600 0.000300 0.000000 -1.000000 0.067400 0.544200
0 -37.401699 3.826100 15.977000 0.000300 0.000000 -1.000000 0.067400 0.537800

0 38.776501 -4.177200 15.976600 0.000000 -1.000000 0.000000 0.171400 0.600300
0 39.114799 -4.177200 17.123301 0.000000 -1.000000 0.000000 0.169200 0.607700
0 38.717899 -4.177200 18.216200 0.000000 -1.000000 0.000000 0.171800 0.614500

0 37.396500 -4.177200 15.977000 0.000000 -1.000000 0.000000 0.179900 0.600300
0 38.776501 -4.177200 15.976600 0.000000 -1.000000 0.000000 0.171400 0.600300
0 38.717899 -4.177200 18.216200 0.000000 -1.000000 0.000000 0.171800 0.614500

0 38.717899 -4.177200 18.216200 0.000000 -1.000000 0.000000 0.171800 0.614500
0 37.396099 -4.177200 18.215700 0.000000 -1.000000 0.000000 0.179900 0.614500
0 37.396500 -4.177200 15.977000 0.000000 -1.000000 0.000000 0.179900 0.600300

0 -37.257801 16.952000 20.055500 -0.920500 0.389900 -0.024800 0.300300 0.743400
0 -35.564098 18.834000 20.055500 -0.452800 0.891400 -0.018100 0.305700 0.743400
0 -35.240700 18.672100 3.998300 -0.460600 0.847600 -0.263400 0.305700 0.674100

0 -35.240700 18.672100 3.998300 -0.460600 0.847600 -0.263400 0.305700 0.674100
0 -35.564098 18.834000 20.055500 -0.452800 0.891400 -0.018100 0.305700 0.743400
0 -30.646500 19.306900 20.055500 -0.050700 0.998700 -0.011400 0.323500 0.743400

0 -30.646500 19.306900 20.055500 -0.050700 0.998700 -0.011400 0.323500 0.743400
0 -30.696899 19.132999 3.998300 -0.065700 0.983900 -0.166300 0.323200 0.674800
0 -35.240700 18.672100 3.998300 -0.460600 0.847600 -0.263400 0.305700 0.674100

0 -33.467499 17.587000 1.081600 -0.390500 0.799300 -0.456900 0.305700 0.661100
0 -35.240700 18.672100 3.998300 -0.460600 0.847600 -0.263400 0.305700 0.674100
0 -30.696899 19.132999 3.998300 -0.065700 0.983900 -0.166300 0.323200 0.674800

0 -30.696899 19.132999 3.998300 -0.065700 0.983900 -0.166300 0.323200 0.674800
0 -30.656401 18.247900 1.081600 -0.105900 0.923800 -0.367900 0.323500 0.661600
0 -33.467499 17.587000 1.081600 -0.390500 0.799300 -0.456900 0.305700 0.661100

0 -30.656401 18.247900 1.081600 -0.105900 0.923800 -0.367900 0.323500 0.661600
0 -11.618400 18.287100 1.081600 -0.001900 0.925300 -0.379100 0.414600 0.661600
0 -12.276900 17.735500 0.001000 -0.001800 0.891200 -0.453700 0.411400 0.656500

0 -13.776000 19.174101 3.998300 -0.002200 0.979400 -0.202100 0.404300 0.675000
0 -11.618400 18.287100 1.081600 -0.001900 0.925300 -0.379100 0.414600 0.661600
0 -30.656401 18.247900 1.081600 -0.105900 0.923800 -0.367900 0.323500 0.661600

0 -30.656401 18.247900 1.081600 -0.105900 0.923800 -0.367900 0.323500 0.661600
0 -30.696899 19.132999 3.998300 -0.065700 0.983900 -0.166300 0.323200 0.674800
0 -13.776000 19.174101 3.998300 -0.002200 0.979400 -0.202100 0.404300 0.675000

0 -21.965200 19.335501 18.862101 -0.003900 0.999900 -0.011800 0.365000 0.738800
0 -13.776000 19.174101 3.998300 -0.002200 0.979400 -0.202100 0.404300 0.675000
0 -30.696899 19.132999 3.998300 -0.065700 0.983900 -0.166300 0.323200 0.674800

0 -21.965200 19.335501 18.862101 -0.003900 0.999900 -0.011800 0.365000 0.738800
0 -30.696899 19.132999 3.998300 -0.065700 0.983900 -0.166300 0.323200 0.674800
0 -30.646500 19.306900 20.055500 -0.050700 0.998700 -0.011400 0.323500 0.743400

0 -30.646500 19.306900 20.055500 -0.050700 0.998700 -0.011400 0.323500 0.743400
0 -24.007000 19.341299 20.055500 -0.005200 0.999900 -0.013700 0.355200 0.743400
0 -21.965200 19.335501 18.862101 -0.003900 0.999900 -0.011800 0.365000 0.738800

0 -37.620300 11.213100 18.752899 -0.997700 0.061700 -0.028100 0.272500 0.737500
0 -37.551399 12.910400 20.055500 -0.996500 0.072400 -0.041600 0.280800 0.743400
0 -37.257801 16.952000 20.055500 -0.920500 0.389900 -0.024800 0.300300 0.743400

0 -37.257801 16.952000 20.055500 -0.920500 0.389900 -0.024800 0.300300 0.743400
0 -36.917999 16.731701 3.998300 -0.889400 0.371300 -0.266500 0.299300 0.673800
0 -37.620300 11.213100 18.752899 -0.997700 0.061700 -0.028100 0.272500 0.737500

0 -35.240700 18.672100 3.998300 -0.460600 0.847600 -0.263400 0.305700 0.674100
0 -36.917999 16.731701 3.998300 -0.889400 0.371300 -0.266500 0.299300 0.673800
0 -37.257801 16.952000 20.055500 -0.920500 0.389900 -0.024800 0.300300 0.743400

0 -35.610100 15.389300 1.081600 -0.814200 0.299200 -0.497600 0.292700 0.661400
0 -36.917999 16.731701 3.998300 -0.889400 0.371300 -0.266500 0.299300 0.673800
0 -35.240700 18.672100 3.998300 -0.460600 0.847600 -0.263400 0.305700 0.674100

0 -35.240700 18.672100 3.998300 -0.460600 0.847600 -0.263400 0.305700 0.674100
0 -33.467499 17.587000 1.081600 -0.390500 0.799300 -0.456900 0.305700 0.661100
0 -35.610100 15.389300 1.081600 -0.814200 0.299200 -0.497600 0.292700 0.661400

0 -35.058102 15.214100 0.001000 -0.814300 0.340100 -0.470400 0.292000 0.656500
0 -35.610100 15.389300 1.081600 -0.814200 0.299200 -0.497600 0.292700 0.661400
0 -33.467499 17.587000 1.081600 -0.390500 0.799300 -0.456900 0.305700 0.661100

0 -33.467499 17.587000 1.081600 -0.390500 0.799300 -0.456900 0.305700 0.661100
0 -33.187099 17.129499 0.001000 -0.436600 0.781000 -0.446500 0.305700 0.656500
0 -35.058102 15.214100 0.001000 -0.814300 0.340100 -0.470400 0.292000 0.656500

0 -33.187099 17.129499 0.001000 -0.436600 0.781000 -0.446500 0.305700 0.656500
0 -33.467499 17.587000 1.081600 -0.390500 0.799300 -0.456900 0.305700 0.661100
0 -30.656401 18.247900 1.081600 -0.105900 0.923800 -0.367900 0.323500 0.661600

0 -30.656401 18.247900 1.081600 -0.105900 0.923800 -0.367900 0.323500 0.661600
0 -30.661600 17.700600 0.001000 -0.103600 0.887500 -0.449000 0.323500 0.656500
0 -33.187099 17.129499 0.001000 -0.436600 0.781000 -0.446500 0.305700 0.656500

0 -12.276900 17.735500 0.001000 -0.001800 0.891200 -0.453700 0.411400 0.656500
0 -30.661600 17.700600 0.001000 -0.103600 0.887500 -0.449000 0.323500 0.656500
0 -30.656401 18.247900 1.081600 -0.105900 0.923800 -0.367900 0.323500 0.661600

0 -35.581001 5.919300 1.081600 -0.889300 -0.000800 -0.457300 0.246600 0.661400
0 -35.058102 15.214100 0.001000 -0.814300 0.340100 -0.470400 0.292000 0.656500
0 -35.058102 5.920900 0.001000 -0.900100 0.000000 -0.435600 0.246600 0.656500

0 -35.610100 15.389300 1.081600 -0.814200 0.299200 -0.497600 0.292700 0.661400
0 -35.058102 15.214100 0.001000 -0.814300 0.340100 -0.470400 0.292000 0.656500
0 -35.581001 5.919300 1.081600 -0.889300 -0.000800 -0.457300 0.246600 0.661400

0 -35.610100 15.389300 1.081600 -0.814200 0.299200 -0.497600 0.292700 0.661400
0 -35.581001 5.919300 1.081600 -0.889300 -0.000800 -0.457300 0.246600 0.661400
0 -37.308300 7.026700 3.998300 -0.949600 0.020000 -0.312800 0.252000 0.673800

0 -37.308300 7.026700 3.998300 -0.949600 0.020000 -0.312800 0.252000 0.673800
0 -36.917999 16.731701 3.998300 -0.889400 0.371300 -0.266500 0.299300 0.673800
0 -35.610100 15.389300 1.081600 -0.814200 0.299200 -0.497600 0.292700 0.661400

0 -37.308300 7.026700 3.998300 -0.949600 0.020000 -0.312800 0.252000 0.673800
0 -37.620300 11.213100 18.752899 -0.997700 0.061700 -0.028100 0.272500 0.737500
0 -36.917999 16.731701 3.998300 -0.889400 0.371300 -0.266500 0.299300 0.673800

0 -21.965200 -19.335501 18.862101 -0.003900 -0.999900 -0.011800 0.070200 0.738500
0 -24.007000 -19.341299 20.055500 -0.005200 -0.999900 -0.013700 0.080000 0.743400
0 -30.646500 -19.306900 20.055500 -0.050700 -0.998700 -0.011400 0.111700 0.743400

0 -30.646500 -19.306900 20.055500 -0.050700 -0.998700 -0.011400 0.111700 0.743400
0 -30.696899 -19.132999 3.998300 -0.065700 -0.983900 -0.166300 0.112000 0.674800
0 -21.965200 -19.335501 18.862101 -0.003900 -0.999900 -0.011800 0.070200 0.738500

0 -35.240700 -18.672100 3.998300 -0.461100 -0.847600 -0.262700 0.129500 0.674100
0 -30.696899 -19.132999 3.998300 -0.065700 -0.983900 -0.166300 0.112000 0.674800
0 -30.646500 -19.306900 20.055500 -0.050700 -0.998700 -0.011400 0.111700 0.743400

0 -30.696899 -19.132999 3.998300 -0.065700 -0.983900 -0.166300 0.112000 0.674800
0 -35.240700 -18.672100 3.998300 -0.461100 -0.847600 -0.262700 0.129500 0.674100
0 -33.467499 -17.587000 1.081600 -0.390500 -0.799300 -0.456900 0.129500 0.661100

0 -35.610100 -15.389300 1.081600 -0.814200 -0.299200 -0.497600 0.142600 0.661400
0 -33.467499 -17.587000 1.081600 -0.390500 -0.799300 -0.456900 0.129500 0.661100
0 -35.240700 -18.672100 3.998300 -0.461100 -0.847600 -0.262700 0.129500 0.674100

0 -33.467499 -17.587000 1.081600 -0.390500 -0.799300 -0.456900 0.129500 0.661100
0 -35.610100 -15.389300 1.081600 -0.814200 -0.299200 -0.497600 0.142600 0.661400
0 -35.058102 -15.214100 0.001000 -0.814300 -0.340100 -0.470400 0.143400 0.656500

0 -35.610100 -15.389300 1.081600 -0.814200 -0.299200 -0.497600 0.142600 0.661400
0 -35.581001 -5.919300 1.081600 -0.889300 0.000800 -0.457300 0.188700 0.661400
0 -35.058102 -15.214100 0.001000 -0.814300 -0.340100 -0.470400 0.143400 0.656500

0 -35.058102 -6.092000 0.001000 -0.900100 0.000000 -0.435600 0.188000 0.656500
0 -35.058102 -15.214100 0.001000 -0.814300 -0.340100 -0.470400 0.143400 0.656500
0 -35.581001 -5.919300 1.081600 -0.889300 0.000800 -0.457300 0.188700 0.661400

0 -35.058102 5.920900 0.001000 -0.900100 0.000000 -0.435600 0.246600 0.656500
0 -35.058102 -6.092000 0.001000 -0.900100 0.000000 -0.435600 0.188000 0.656500
0 -35.581001 -5.919300 1.081600 -0.889300 0.000800 -0.457300 0.188700 0.661400

0 -35.581001 -5.919300 1.081600 -0.889300 0.000800 -0.457300 0.188700 0.661400
0 -35.581001 5.919300 1.081600 -0.889300 -0.000800 -0.457300 0.246600 0.661400
0 -35.058102 5.920900 0.001000 -0.900100 0.000000 -0.435600 0.246600 0.656500

0 -30.646500 -19.306900 20.055500 -0.050700 -0.998700 -0.011400 0.111700 0.743400
0 -35.564098 -18.834000 20.055500 -0.453700 -0.890900 -0.019700 0.129500 0.743400
0 -35.240700 -18.672100 3.998300 -0.461100 -0.847600 -0.262700 0.129500 0.674100

0 -36.917999 -16.731701 3.998300 -0.889400 -0.371900 -0.265800 0.136000 0.673800
0 -35.240700 -18.672100 3.998300 -0.461100 -0.847600 -0.262700 0.129500 0.674100
0 -35.564098 -18.834000 20.055500 -0.453700 -0.890900 -0.019700 0.129500 0.743400

0 -35.240700 -18.672100 3.998300 -0.461100 -0.847600 -0.262700 0.129500 0.674100
0 -36.917999 -16.731701 3.998300 -0.889400 -0.371900 -0.265800 0.136000 0.673800
0 -35.610100 -15.389300 1.081600 -0.814200 -0.299200 -0.497600 0.142600 0.661400

0 -35.610100 -15.389300 1.081600 -0.814200 -0.299200 -0.497600 0.142600 0.661400
0 -36.917999 -16.731701 3.998300 -0.889400 -0.371900 -0.265800 0.136000 0.673800
0 -37.308300 -7.026700 3.998300 -0.949600 -0.020000 -0.312800 0.183300 0.673800

0 -37.308300 -7.026700 3.998300 -0.949600 -0.020000 -0.312800 0.183300 0.673800
0 -35.581001 -5.919300 1.081600 -0.889300 0.000800 -0.457300 0.188700 0.661400
0 -35.610100 -15.389300 1.081600 -0.814200 -0.299200 -0.497600 0.142600 0.661400

0 -37.620300 -11.213100 18.752899 -0.997700 -0.061700 -0.028100 0.163000 0.737500
0 -37.308300 -7.026700 3.998300 -0.949600 -0.020000 -0.312800 0.183300 0.673800
0 -36.917999 -16.731701 3.998300 -0.889400 -0.371900 -0.265800 0.136000 0.673800

0 -37.620300 -11.213100 18.752899 -0.997700 -0.061700 -0.028100 0.163000 0.737500
0 -36.917999 -16.731701 3.998300 -0.889400 -0.371900 -0.265800 0.136000 0.673800
0 -37.257801 -16.952000 20.055500 -0.920100 -0.390800 -0.026300 0.134900 0.743400

0 -35.564098 -18.834000 20.055500 -0.453700 -0.890900 -0.019700 0.129500 0.743400
0 -37.257801 -16.952000 20.055500 -0.920100 -0.390800 -0.026300 0.134900 0.743400
0 -36.917999 -16.731701 3.998300 -0.889400 -0.371900 -0.265800 0.136000 0.673800

0 -37.257801 -16.952000 20.055500 -0.920100 -0.390800 -0.026300 0.134900 0.743400
0 -37.551399 -12.910400 20.055500 -0.996500 -0.072400 -0.041600 0.154700 0.743400
0 -37.620300 -11.213100 18.752899 -0.997700 -0.061700 -0.028100 0.163000 0.737500

0 37.396099 3.826100 18.215700 0.000000 1.000000 0.000000 0.180400 0.598100
0 38.717899 3.826100 18.216200 0.000000 1.000000 0.000000 0.172200 0.598100
0 39.114799 3.826100 17.123301 0.000000 1.000000 0.000000 0.169800 0.591300

0 39.114799 3.826100 17.123301 0.000000 1.000000 0.000000 0.169800 0.591300
0 38.776501 3.826100 15.976600 0.000000 1.000000 0.000000 0.171900 0.584000
0 37.396099 3.826100 18.215700 0.000000 1.000000 0.000000 0.180400 0.598100

0 37.396099 3.826100 18.215700 0.000000 1.000000 0.000000 0.180400 0.598100
0 38.776501 3.826100 15.976600 0.000000 1.000000 0.000000 0.171900 0.584000
0 37.396500 3.826100 15.977000 0.000000 1.000000 0.000000 0.180400 0.584000

0 38.717899 3.826100 18.216200 -0.000400 0.000000 1.000000 0.106800 0.527300
0 37.396099 3.826100 18.215700 -0.000400 0.000000 1.000000 0.106800 0.533400
0 37.396099 -4.177200 18.215700 -0.000400 0.000000 1.000000 0.068500 0.533400

0 37.396099 -4.177200 18.215700 -0.000400 0.000000 1.000000 0.068500 0.533400
0 38.717899 -4.177200 18.216200 -0.000400 0.000000 1.000000 0.068500 0.527300
0 38.717899 3.826100 18.216200 -0.000400 0.000000 1.000000 0.106800 0.527300

0 38.717899 3.826100 18.216200 0.939900 0.000000 0.341300 0.106800 0.527300
0 38.717899 -4.177200 18.216200 0.939900 0.000000 0.341300 0.068500 0.527300
0 39.114799 -4.177200 17.123301 0.999500 0.000000 0.030700 0.068500 0.522200

0 39.114799 -4.177200 17.123301 0.999500 0.000000 0.030700 0.068500 0.522200
0 39.114799 3.826100 17.123301 0.999500 0.000000 0.030700 0.106800 0.522200
0 38.717899 3.826100 18.216200 0.939900 0.000000 0.341300 0.106800 0.527300

0 39.114799 3.826100 17.123301 0.999500 0.000000 0.030700 0.106800 0.522200
0 39.114799 -4.177200 17.123301 0.999500 0.000000 0.030700 0.068500 0.522200
0 38.776501 -4.177200 15.976600 0.959100 0.000000 -0.283000 0.068500 0.516800

0 38.776501 -4.177200 15.976600 0.959100 0.000000 -0.283000 0.068500 0.516800
0 38.776501 3.826100 15.976600 0.959100 0.000000 -0.283000 0.106800 0.516800
0 39.114799 3.826100 17.123301 0.999500 0.000000 0.030700 0.106800 0.522200

0 37.396500 3.826100 15.977000 -0.000300 0.000000 -1.000000 0.106800 0.510700
0 38.776501 3.826100 15.976600 -0.000300 0.000000 -1.000000 0.106800 0.516800
0 38.776501 -4.177200 15.976600 -0.000300 0.000000 -1.000000 0.068500 0.516800

0 38.776501 -4.177200 15.976600 -0.000300 0.000000 -1.000000 0.068500 0.516800
0 37.396500 -4.177200 15.977000 -0.000300 0.000000 -1.000000 0.068500 0.510700
0 37.396500 3.826100 15.977000 -0.000300 0.000000 -1.000000 0.106800 0.510700

0 33.640999 -16.509701 24.407101 0.004900 -0.000200 1.000000 0.018900 0.490200
0 33.670399 16.581400 24.419701 0.004700 -0.000400 1.000000 0.018600 0.379400
0 0.003200 18.775801 24.580200 -0.000100 -0.000100 1.000000 0.128700 0.371600

0 0.003200 18.775801 24.580200 -0.000100 -0.000100 1.000000 0.128700 0.371600
0 0.003200 -18.758301 24.578699 -0.000000 -0.000000 1.000000 0.128800 0.498000
0 33.640999 -16.509701 24.407101 0.004900 -0.000200 1.000000 0.018900 0.490200

0 0.003200 -18.758301 24.578699 -0.000000 -0.000000 1.000000 0.128800 0.498000
0 0.003200 18.775801 24.580200 -0.000100 -0.000100 1.000000 0.128700 0.371600
0 -33.633301 16.532400 24.407400 -0.005100 -0.000000 1.000000 0.238500 0.379400

0 -33.633301 16.532400 24.407400 -0.005100 -0.000000 1.000000 0.238500 0.379400
0 -33.632500 -16.509501 24.406799 -0.005100 -0.000000 1.000000 0.238500 0.489700
0 0.003200 -18.758301 24.578699 -0.000000 -0.000000 1.000000 0.128800 0.498000

0 38.455898 -5.449100 19.206900 0.000000 0.450000 -0.893000 0.250000 0.598600
0 38.455898 -6.414500 17.902800 0.000000 0.803700 -0.595000 0.250000 0.603500
0 37.414200 -6.414500 17.902800 0.000000 0.803700 -0.595000 0.245100 0.603500

0 37.414200 -6.414500 17.902800 0.000000 0.803700 -0.595000 0.245100 0.603500
0 37.414200 -5.449100 19.206900 0.000000 0.450000 -0.893000 0.245100 0.598600
0 38.455898 -5.449100 19.206900 0.000000 0.450000 -0.893000 0.250000 0.598600

0 38.455898 5.449100 19.206900 0.000000 -0.450000 -0.893000 0.250000 0.543500
0 38.455898 -5.449100 19.206900 0.000000 0.450000 -0.893000 0.250000 0.598600
0 37.414200 -5.449100 19.206900 0.000000 0.450000 -0.893000 0.245100 0.598600

0 37.414200 -5.449100 19.206900 0.000000 0.450000 -0.893000 0.245100 0.598600
0 37.414200 5.449100 19.206900 0.000000 -0.450000 -0.893000 0.245100 0.543500
0 38.455898 5.449100 19.206900 0.000000 -0.450000 -0.893000 0.250000 0.543500

0 38.455898 6.414500 17.902800 0.000000 -0.803700 -0.595000 0.250700 0.538600
0 38.455898 5.449100 19.206900 0.000000 -0.450000 -0.893000 0.250000 0.543500
0 37.414200 5.449100 19.206900 0.000000 -0.450000 -0.893000 0.245100 0.543500

0 37.414200 5.449100 19.206900 0.000000 -0.450000 -0.893000 0.245100 0.543500
0 37.414200 6.414500 17.902800 0.000000 -0.803700 -0.595000 0.245100 0.538600
0 38.455898 6.414500 17.902800 0.000000 -0.803700 -0.595000 0.250700 0.538600

0 -30.661600 -17.700600 0.001000 0.000000 0.000000 -1.000000 0.687000 0.945400
0 -33.187099 -17.129499 0.001000 0.000000 0.000000 -1.000000 0.647900 0.945400
0 -35.058102 -15.214100 0.001000 0.000000 0.000000 -1.000000 0.640600 0.936200

0 -35.058102 -15.214100 0.001000 0.000000 0.000000 -1.000000 0.640600 0.936200
0 -35.058102 -6.092000 0.001000 0.000000 0.000000 -1.000000 0.640600 0.899400
0 -30.661600 -17.700600 0.001000 0.000000 0.000000 -1.000000 0.687000 0.945400

0 -30.661600 -17.700600 0.001000 0.000000 0.000000 -1.000000 0.687000 0.945400
0 -35.058102 -6.092000 0.001000 0.000000 0.000000 -1.000000 0.640600 0.899400
0 -35.058102 5.920900 0.001000 0.000000 0.000000 -1.000000 0.640600 0.850700

0 -35.058102 5.920900 0.001000 0.000000 0.000000 -1.000000 0.640600 0.850700
0 -30.661600 17.700600 0.001000 0.000000 0.000000 -1.000000 0.686500 0.803700
0 -30.661600 -17.700600 0.001000 0.000000 0.000000 -1.000000 0.687000 0.945400

0 -30.661600 17.700600 0.001000 0.000000 0.000000 -1.000000 0.686500 0.803700
0 -35.058102 5.920900 0.001000 0.000000 0.000000 -1.000000 0.640600 0.850700
0 -35.058102 15.214100 0.001000 0.000000 0.000000 -1.000000 0.640600 0.813100

0 -35.058102 15.214100 0.001000 0.000000 0.000000 -1.000000 0.640600 0.813100
0 -33.187099 17.129499 0.001000 0.000000 0.000000 -1.000000 0.647500 0.803700
0 -30.661600 17.700600 0.001000 0.000000 0.000000 -1.000000 0.686500 0.803700

0 -30.661600 -17.700600 0.001000 0.000000 0.000000 -1.000000 0.687000 0.945400
0 -30.661600 17.700600 0.001000 0.000000 0.000000 -1.000000 0.686500 0.803700
0 -12.276900 17.735500 0.001000 0.000000 0.000000 -1.000000 0.724100 0.803700

0 -12.276900 17.735500 0.001000 0.000000 0.000000 -1.000000 0.724100 0.803700
0 -12.276900 -17.735500 0.001000 0.000000 0.000000 -1.000000 0.724600 0.945400
0 -30.661600 -17.700600 0.001000 0.000000 0.000000 -1.000000 0.687000 0.945400

0 30.794901 -20.052200 20.055500 0.000000 0.000000 -1.000000 0.308300 0.551000
0 30.646500 -19.306900 20.055500 0.000000 0.000000 -1.000000 0.305700 0.551500
0 35.564098 -18.834000 20.055500 0.000000 0.000000 -1.000000 0.304200 0.534400

0 35.564098 -18.834000 20.055500 0.000000 0.000000 -1.000000 0.304200 0.534400
0 36.077400 -19.323799 20.055500 0.000000 0.000000 -1.000000 0.306200 0.532500
0 30.794901 -20.052200 20.055500 0.000000 0.000000 -1.000000 0.308300 0.551000

0 36.077400 -19.323799 20.055500 0.000000 0.000000 -1.000000 0.306200 0.532500
0 35.564098 -18.834000 20.055500 0.000000 0.000000 -1.000000 0.304200 0.534400
0 37.257801 -16.952000 20.055500 0.000000 0.000000 -1.000000 0.297600 0.528300

0 37.257801 -16.952000 20.055500 0.000000 0.000000 -1.000000 0.297600 0.528300
0 38.035099 -16.956900 20.055500 0.000000 0.000000 -1.000000 0.297600 0.525600
0 36.077400 -19.323799 20.055500 0.000000 0.000000 -1.000000 0.306200 0.532500

0 38.035099 -16.956900 20.055500 0.000000 0.000000 -1.000000 0.297600 0.525600
0 37.257801 -16.952000 20.055500 0.000000 0.000000 -1.000000 0.297600 0.528300
0 37.551399 -12.910400 20.055500 0.000200 -0.310800 -0.950500 0.283000 0.526900

0 37.551399 -12.910400 20.055500 0.000200 -0.310800 -0.950500 0.283000 0.526900
0 38.352001 -12.909900 20.055500 0.000200 -0.333400 -0.942800 0.283000 0.524200
0 38.035099 -16.956900 20.055500 0.000000 0.000000 -1.000000 0.297600 0.525600

0 38.352001 -12.909900 20.055500 0.000200 -0.333400 -0.942800 0.283000 0.524200
0 37.551399 -12.910400 20.055500 0.000200 -0.310800 -0.950500 0.283000 0.526900
0 37.620300 -11.213100 18.752899 0.000000 -0.826700 -0.562600 0.276900 0.526600

0 37.620300 -11.213100 18.752899 0.000000 -0.826700 -0.562600 0.276900 0.526600
0 38.427700 -11.213100 18.752899 0.000000 -0.828300 -0.560300 0.276900 0.523700
0 38.352001 -12.909900 20.055500 0.000200 -0.333400 -0.942800 0.283000 0.524200

0 38.109100 -7.026700 3.998300 0.000000 -0.952100 -0.305900 0.261500 0.524400
0 38.427700 -11.213100 18.752899 0.000000 -0.828300 -0.560300 0.276900 0.523700
0 37.620300 -11.213100 18.752899 0.000000 -0.826700 -0.562600 0.276900 0.526600

0 37.620300 -11.213100 18.752899 0.000000 -0.826700 -0.562600 0.276900 0.526600
0 37.308300 -7.026700 3.998300 0.000000 -0.947400 -0.320200 0.261500 0.527300
0 38.109100 -7.026700 3.998300 0.000000 -0.952100 -0.305900 0.261500 0.524400

0 36.344799 -5.919300 1.081600 0.000000 -0.934900 -0.355000 0.257300 0.530500
0 38.109100 -7.026700 3.998300 0.000000 -0.952100 -0.305900 0.261500 0.524400
0 37.308300 -7.026700 3.998300 0.000000 -0.947400 -0.320200 0.261500 0.527300

0 37.308300 -7.026700 3.998300 0.000000 -0.947400 -0.320200 0.261500 0.527300
0 35.581001 -5.919300 1.081600 0.000000 -0.934900 -0.355000 0.257300 0.533200
0 36.344799 -5.919300 1.081600 0.000000 -0.934900 -0.355000 0.257300 0.530500

0 8.713000 -19.021400 1.081600 0.000000 0.000000 -1.000000 0.460000 0.633500
0 11.618400 -18.287100 1.081600 0.029300 0.000000 -0.999600 0.458000 0.625700
0 11.618400 -19.021400 1.081600 0.482900 0.000000 -0.875700 0.460000 0.625700

0 11.618400 -19.021400 1.081600 0.482900 0.000000 -0.875700 0.460000 0.625700
0 11.618400 -18.287100 1.081600 0.029300 0.000000 -0.999600 0.458000 0.625700
0 13.776000 -19.174101 3.998300 0.839100 0.000000 -0.544000 0.460700 0.620100

0 13.776000 -19.174101 3.998300 0.839100 0.000000 -0.544000 0.460700 0.620100
0 13.776000 -19.944000 3.998300 0.845000 0.000000 -0.534800 0.462900 0.620100
0 11.618400 -19.021400 1.081600 0.482900 0.000000 -0.875700 0.460000 0.625700

0 13.776000 -19.944000 3.998300 0.845000 0.000000 -0.534800 0.462900 0.620100
0 13.776000 -19.174101 3.998300 0.839100 0.000000 -0.544000 0.460700 0.620100
0 21.965200 -19.335501 18.862101 0.716700 0.000000 -0.697300 0.461700 0.598100

0 21.965200 -19.335501 18.862101 0.716700 0.000000 -0.697300 0.461700 0.598100
0 21.965200 -20.111900 18.862101 0.715400 0.000000 -0.698700 0.463900 0.598100
0 13.776000 -19.944000 3.998300 0.845000 0.000000 -0.534800 0.462900 0.620100

0 24.007000 -20.113001 20.055500 0.262100 0.000000 -0.965000 0.463900 0.592800
0 21.965200 -20.111900 18.862101 0.715400 0.000000 -0.698700 0.463900 0.598100
0 21.965200 -19.335501 18.862101 0.716700 0.000000 -0.697300 0.461700 0.598100

0 21.965200 -19.335501 18.862101 0.716700 0.000000 -0.697300 0.461700 0.598100
0 24.007000 -19.341299 20.055500 0.261200 0.000000 -0.965300 0.461700 0.592800
0 24.007000 -20.113001 20.055500 0.262100 0.000000 -0.965000 0.463900 0.592800

0 24.007000 -20.113001 20.055500 0.262100 0.000000 -0.965000 0.463900 0.592800
0 24.007000 -19.341299 20.055500 0.261200 0.000000 -0.965300 0.461700 0.592800
0 30.646500 -19.306900 20.055500 0.000000 0.000000 -1.000000 0.462200 0.575000

0 30.646500 -19.306900 20.055500 0.000000 0.000000 -1.000000 0.462200 0.575000
0 30.794901 -20.052200 20.055500 0.000000 0.000000 -1.000000 0.464100 0.574700
0 24.007000 -20.113001 20.055500 0.262100 0.000000 -0.965000 0.463900 0.592800

0 8.670600 -19.418400 27.058500 0.000000 -0.992900 0.119300 0.664600 0.536100
0 5.453500 -19.418501 27.059099 0.000100 -0.992900 0.119200 0.664600 0.549800
0 5.487000 -19.557699 25.900000 0.000000 -0.998500 0.054400 0.658700 0.549800

0 5.487000 -19.557699 25.900000 0.000000 -0.998500 0.054400 0.658700 0.549800
0 8.725800 -19.557699 25.900000 0.000000 -0.998600 0.052800 0.658700 0.536100
0 8.670600 -19.418400 27.058500 0.000000 -0.992900 0.119300 0.664600 0.536100

0 8.723700 -19.297899 4.122500 0.000000 -0.990200 -0.139500 0.548300 0.536100
0 8.725800 -19.557699 25.900000 0.000000 -0.998600 0.052800 0.658700 0.536100
0 5.487000 -19.557699 25.900000 0.000000 -0.998500 0.054400 0.658700 0.549800

0 5.487000 -19.557699 25.900000 0.000000 -0.998500 0.054400 0.658700 0.549800
0 5.484900 -19.298000 4.122700 0.000100 -0.990200 -0.139700 0.548300 0.549800
0 8.723700 -19.297899 4.122500 0.000000 -0.990200 -0.139500 0.548300 0.536100

0 8.713000 -18.648001 1.758800 0.000100 -0.964300 -0.265000 0.536600 0.536100
0 8.723700 -19.297899 4.122500 0.000000 -0.990200 -0.139500 0.548300 0.536100
0 5.484900 -19.298000 4.122700 0.000100 -0.990200 -0.139700 0.548300 0.549800

0 5.484900 -19.298000 4.122700 0.000100 -0.990200 -0.139700 0.548300 0.549800
0 5.474200 -18.649000 1.759400 0.000200 -0.964300 -0.264800 0.536600 0.549800
0 8.713000 -18.648001 1.758800 0.000100 -0.964300 -0.265000 0.536600 0.536100

0 -37.246498 -13.305400 26.642401 -0.786700 0.079300 0.612200 0.496800 0.989100
0 -37.240299 -13.391600 26.933001 -0.990400 0.125400 0.058300 0.496600 0.990900
0 -37.050499 -13.058900 26.815701 -0.752900 0.147700 0.641400 0.495600 0.990200

0 -37.246498 -13.305400 26.642401 -0.786700 0.079300 0.612200 0.496800 0.989100
0 -37.050499 -13.058900 26.815701 -0.752900 0.147700 0.641400 0.495600 0.990200
0 -37.050400 13.083300 26.815701 -0.753100 -0.150900 0.640400 0.368400 0.990200

0 -37.050400 13.083300 26.815701 -0.753100 -0.150900 0.640400 0.368400 0.990200
0 -37.246201 13.325800 26.642599 -0.786700 -0.080300 0.612000 0.367200 0.989100
0 -37.246498 -13.305400 26.642401 -0.786700 0.079300 0.612200 0.496800 0.989100

0 -37.246201 13.325800 26.642599 -0.786700 -0.080300 0.612000 0.367200 0.989100
0 -37.050400 13.083300 26.815701 -0.753100 -0.150900 0.640400 0.368400 0.990200
0 -37.241100 13.412300 26.933500 -0.990400 -0.127100 0.055100 0.366900 0.990600

0 -36.843201 16.851000 26.913500 -0.603200 0.277500 0.747800 0.349900 0.990600
0 -37.246201 13.325800 26.642599 -0.786700 -0.080300 0.612000 0.367200 0.989100
0 -37.241100 13.412300 26.933500 -0.990400 -0.127100 0.055100 0.366900 0.990600

0 -37.246498 -13.305400 26.642401 -0.786700 0.079300 0.612200 0.496800 0.989100
0 -37.246201 13.325800 26.642599 -0.786700 -0.080300 0.612000 0.367200 0.989100
0 -38.455898 13.199900 25.893299 -0.528400 0.026900 0.848600 0.367900 0.983800

0 -38.455898 13.199900 25.893299 -0.528400 0.026900 0.848600 0.367900 0.983800
0 -38.455898 -13.199900 25.893299 -0.528100 -0.027100 0.848800 0.496600 0.983800
0 -37.246498 -13.305400 26.642401 -0.786700 0.079300 0.612200 0.496800 0.989100

0 -37.246498 -13.305400 26.642401 -0.786700 0.079300 0.612200 0.496800 0.989100
0 -38.455898 -13.199900 25.893299 -0.528100 -0.027100 0.848800 0.496600 0.983800
0 -38.035099 -16.983299 25.893299 -0.585300 -0.224100 0.779300 0.514600 0.983800

0 -38.035099 -16.983299 25.893299 -0.585300 -0.224100 0.779300 0.514600 0.983800
0 -36.842899 -16.829901 26.913300 -0.605800 -0.320000 0.728400 0.514200 0.990600
0 -37.246498 -13.305400 26.642401 -0.786700 0.079300 0.612200 0.496800 0.989100

0 -37.246498 -13.305400 26.642401 -0.786700 0.079300 0.612200 0.496800 0.989100
0 -36.842899 -16.829901 26.913300 -0.605800 -0.320000 0.728400 0.514200 0.990600
0 -37.240299 -13.391600 26.933001 -0.990400 0.125400 0.058300 0.496600 0.990900

0 -34.903301 -18.711300 26.908100 -0.485900 -0.435800 0.757600 0.524900 0.990500
0 -36.842899 -16.829901 26.913300 -0.605800 -0.320000 0.728400 0.514200 0.990600
0 -38.035099 -16.983299 25.893299 -0.585300 -0.224100 0.779300 0.514600 0.983800

0 -38.035099 -16.983299 25.893299 -0.585300 -0.224100 0.779300 0.514600 0.983800
0 -36.077400 -19.323799 25.893299 -0.473400 -0.396000 0.786800 0.524900 0.983800
0 -34.903301 -18.711300 26.908100 -0.485900 -0.435800 0.757600 0.524900 0.990500

0 -26.179100 19.529600 26.966900 0.004200 0.877700 0.479100 0.294200 0.990700
0 -8.664400 19.435600 27.059799 0.004800 0.994500 0.104400 0.212500 0.991100
0 -8.725800 19.557699 25.900000 0.005800 0.992500 0.121700 0.212800 0.983800

0 -8.725800 19.557699 25.900000 0.005800 0.992500 0.121700 0.212800 0.983800
0 -25.762600 20.125299 25.893299 0.013000 0.872000 0.489400 0.291500 0.983800
0 -26.179100 19.529600 26.966900 0.004200 0.877700 0.479100 0.294200 0.990700

0 -31.967501 19.478100 26.924801 -0.094400 0.854300 0.511200 0.320600 0.990600
0 -26.179100 19.529600 26.966900 0.004200 0.877700 0.479100 0.294200 0.990700
0 -25.762600 20.125299 25.893299 0.013000 0.872000 0.489400 0.291500 0.983800

0 -25.762600 20.125299 25.893299 0.013000 0.872000 0.489400 0.291500 0.983800
0 -32.364799 20.052200 25.893299 -0.120100 0.838000 0.532300 0.322300 0.983800
0 -31.967501 19.478100 26.924801 -0.094400 0.854300 0.511200 0.320600 0.990600

0 -34.904499 18.733101 26.908800 -0.272200 0.675400 0.685400 0.338600 0.990500
0 -31.967501 19.478100 26.924801 -0.094400 0.854300 0.511200 0.320600 0.990600
0 -32.364799 20.052200 25.893299 -0.120100 0.838000 0.532300 0.322300 0.983800

0 -32.364799 20.052200 25.893299 -0.120100 0.838000 0.532300 0.322300 0.983800
0 -36.077400 19.323799 25.893299 -0.374200 0.576900 0.726100 0.338400 0.983900
0 -34.904499 18.733101 26.908800 -0.272200 0.675400 0.685400 0.338600 0.990500

0 -36.843201 16.851000 26.913500 -0.603200 0.277500 0.747800 0.349900 0.990600
0 -34.904499 18.733101 26.908800 -0.272200 0.675400 0.685400 0.338600 0.990500
0 -36.077400 19.323799 25.893299 -0.374200 0.576900 0.726100 0.338400 0.983900

0 -36.077400 19.323799 25.893299 -0.374200 0.576900 0.726100 0.338400 0.983900
0 -38.035099 16.983299 25.893299 -0.605800 0.212700 0.766600 0.349900 0.983800
0 -36.843201 16.851000 26.913500 -0.603200 0.277500 0.747800 0.349900 0.990600

0 -37.246201 13.325800 26.642599 -0.786700 -0.080300 0.612000 0.367200 0.989100
0 -36.843201 16.851000 26.913500 -0.603200 0.277500 0.747800 0.349900 0.990600
0 -38.035099 16.983299 25.893299 -0.605800 0.212700 0.766600 0.349900 0.983800

0 -38.035099 16.983299 25.893299 -0.605800 0.212700 0.766600 0.349900 0.983800
0 -38.455898 13.199900 25.893299 -0.528400 0.026900 0.848600 0.367900 0.983800
0 -37.246201 13.325800 26.642599 -0.786700 -0.080300 0.612000 0.367200 0.989100

0 -38.455898 5.449100 19.206900 0.000000 -0.450000 -0.893000 0.378400 0.532200
0 -38.455898 6.414500 17.902800 0.000000 -0.803700 -0.595000 0.378400 0.527300
0 -37.414200 6.414500 17.902800 0.000000 -0.803700 -0.595000 0.383500 0.527300

0 -37.414200 6.414500 17.902800 0.000000 -0.803700 -0.595000 0.383500 0.527300
0 -37.414200 5.449100 19.206900 0.000000 -0.450000 -0.893000 0.383500 0.532200
0 -38.455898 5.449100 19.206900 0.000000 -0.450000 -0.893000 0.378400 0.532200

0 -38.455898 5.449100 19.206900 0.000000 -0.450000 -0.893000 0.378400 0.532200
0 -37.414200 5.449100 19.206900 0.000000 -0.450000 -0.893000 0.383500 0.532200
0 -37.414200 -5.449100 19.206900 0.000000 0.450000 -0.893000 0.383500 0.587400

0 -37.414200 -5.449100 19.206900 0.000000 0.450000 -0.893000 0.383500 0.587400
0 -38.455898 -5.449100 19.206900 0.000000 0.450000 -0.893000 0.378400 0.587400
0 -38.455898 5.449100 19.206900 0.000000 -0.450000 -0.893000 0.378400 0.532200

0 -38.455898 -6.414500 17.902800 0.000000 0.803700 -0.595000 0.378400 0.592300
0 -38.455898 -5.449100 19.206900 0.000000 0.450000 -0.893000 0.378400 0.587400
0 -37.414200 -5.449100 19.206900 0.000000 0.450000 -0.893000 0.383500 0.587400

0 -37.414200 -5.449100 19.206900 0.000000 0.450000 -0.893000 0.383500 0.587400
0 -37.414200 -6.414500 17.902800 0.000000 0.803700 -0.595000 0.383500 0.592300
0 -38.455898 -6.414500 17.902800 0.000000 0.803700 -0.595000 0.378400 0.592300

0 -24.007000 -20.113001 20.055500 -0.262100 0.000000 -0.965000 0.470000 0.554000
0 -30.794901 -20.052200 20.055500 0.000000 0.000000 -1.000000 0.469700 0.572000
0 -30.646500 -19.306900 20.055500 0.000000 0.000000 -1.000000 0.467800 0.571500

0 -30.646500 -19.306900 20.055500 0.000000 0.000000 -1.000000 0.467800 0.571500
0 -24.007000 -19.341299 20.055500 -0.261200 0.000000 -0.965300 0.467800 0.554000
0 -24.007000 -20.113001 20.055500 -0.262100 0.000000 -0.965000 0.470000 0.554000

0 -21.965200 -20.111900 18.862101 -0.715400 0.000000 -0.698700 0.470000 0.548600
0 -24.007000 -20.113001 20.055500 -0.262100 0.000000 -0.965000 0.470000 0.554000
0 -24.007000 -19.341299 20.055500 -0.261200 0.000000 -0.965300 0.467800 0.554000

0 -24.007000 -19.341299 20.055500 -0.261200 0.000000 -0.965300 0.467800 0.554000
0 -21.965200 -19.335501 18.862101 -0.716700 0.000000 -0.697300 0.467800 0.548600
0 -21.965200 -20.111900 18.862101 -0.715400 0.000000 -0.698700 0.470000 0.548600

0 -13.776000 -19.944000 3.998300 -0.845000 0.000000 -0.534800 0.469700 0.526600
0 -21.965200 -20.111900 18.862101 -0.715400 0.000000 -0.698700 0.470000 0.548600
0 -21.965200 -19.335501 18.862101 -0.716700 0.000000 -0.697300 0.467800 0.548600

0 -21.965200 -19.335501 18.862101 -0.716700 0.000000 -0.697300 0.467800 0.548600
0 -13.776000 -19.174101 3.998300 -0.839100 0.000000 -0.544000 0.467500 0.526600
0 -13.776000 -19.944000 3.998300 -0.845000 0.000000 -0.534800 0.469700 0.526600

0 -11.618400 -19.021400 1.081600 -0.482900 0.000000 -0.875700 0.467000 0.521000
0 -13.776000 -19.944000 3.998300 -0.845000 0.000000 -0.534800 0.469700 0.526600
0 -13.776000 -19.174101 3.998300 -0.839100 0.000000 -0.544000 0.467500 0.526600

0 -13.776000 -19.174101 3.998300 -0.839100 0.000000 -0.544000 0.467500 0.526600
0 -11.618400 -18.287100 1.081600 -0.029300 0.000000 -0.999600 0.465100 0.521000
0 -11.618400 -19.021400 1.081600 -0.482900 0.000000 -0.875700 0.467000 0.521000

0 -8.713000 -19.021400 1.081600 0.000000 0.000000 -1.000000 0.467300 0.513200
0 -11.618400 -19.021400 1.081600 -0.482900 0.000000 -0.875700 0.467000 0.521000
0 -11.618400 -18.287100 1.081600 -0.029300 0.000000 -0.999600 0.465100 0.521000

0 -11.618400 18.287100 1.081600 -0.029300 0.000000 -0.999600 0.363500 0.520500
0 -11.618400 -18.287100 1.081600 -0.029300 0.000000 -0.999600 0.465100 0.521000
0 -12.276900 -17.735500 0.001000 0.853900 0.000000 -0.520400 0.463600 0.522700

0 -12.276900 -17.735500 0.001000 0.853900 0.000000 -0.520400 0.463600 0.522700
0 -12.276900 17.735500 0.001000 0.853900 0.000000 -0.520400 0.365000 0.522200
0 -11.618400 18.287100 1.081600 -0.029300 0.000000 -0.999600 0.363500 0.520500

0 -30.646500 19.306900 20.055500 0.000000 0.000000 -1.000000 0.360600 0.571000
0 -30.794901 20.052200 20.055500 0.000000 0.000000 -1.000000 0.358400 0.571500
0 -24.007000 20.113001 20.055500 -0.262100 0.000000 -0.965000 0.358400 0.553500

0 -24.007000 20.113001 20.055500 -0.262100 0.000000 -0.965000 0.358400 0.553500
0 -24.007000 19.341299 20.055500 -0.261200 0.000000 -0.965300 0.360600 0.553500
0 -30.646500 19.306900 20.055500 0.000000 0.000000 -1.000000 0.360600 0.571000

0 -21.965200 19.335501 18.862101 -0.716700 0.000000 -0.697300 0.360600 0.548100
0 -24.007000 19.341299 20.055500 -0.261200 0.000000 -0.965300 0.360600 0.553500
0 -24.007000 20.113001 20.055500 -0.262100 0.000000 -0.965000 0.358400 0.553500

0 -24.007000 20.113001 20.055500 -0.262100 0.000000 -0.965000 0.358400 0.553500
0 -21.965200 20.111900 18.862101 -0.715400 0.000000 -0.698700 0.358400 0.548100
0 -21.965200 19.335501 18.862101 -0.716700 0.000000 -0.697300 0.360600 0.548100

0 -13.776000 19.174101 3.998300 -0.839100 0.000000 -0.544000 0.361100 0.526100
0 -21.965200 19.335501 18.862101 -0.716700 0.000000 -0.697300 0.360600 0.548100
0 -21.965200 20.111900 18.862101 -0.715400 0.000000 -0.698700 0.358400 0.548100

0 -21.965200 20.111900 18.862101 -0.715400 0.000000 -0.698700 0.358400 0.548100
0 -13.776000 19.944000 3.998300 -0.845000 0.000000 -0.534800 0.358900 0.526100
0 -13.776000 19.174101 3.998300 -0.839100 0.000000 -0.544000 0.361100 0.526100

0 -13.776000 19.174101 3.998300 -0.839100 0.000000 -0.544000 0.361100 0.526100
0 -13.776000 19.944000 3.998300 -0.845000 0.000000 -0.534800 0.358900 0.526100
0 -11.618400 19.021400 1.081600 -0.482900 0.000000 -0.875700 0.361600 0.520500

0 -11.618400 19.021400 1.081600 -0.482900 0.000000 -0.875700 0.361600 0.520500
0 -11.618400 18.287100 1.081600 -0.029300 0.000000 -0.999600 0.363500 0.520500
0 -13.776000 19.174101 3.998300 -0.839100 0.000000 -0.544000 0.361100 0.526100

0 -8.713000 19.021400 1.081600 0.000000 0.000000 -1.000000 0.361600 0.512700
0 -11.618400 18.287100 1.081600 -0.029300 0.000000 -0.999600 0.363500 0.520500
0 -11.618400 19.021400 1.081600 -0.482900 0.000000 -0.875700 0.361600 0.520500

0 5.484900 -19.944000 3.998300 0.000000 -0.987700 -0.156500 0.591300 0.678000
0 5.487000 -20.125299 25.893299 0.000000 -1.000000 -0.008300 0.591300 0.592500
0 -5.487000 -20.125299 25.893299 0.000000 -1.000000 -0.008300 0.631300 0.592500

0 -5.487000 -20.125299 25.893299 0.000000 -1.000000 -0.008300 0.631300 0.592500
0 -5.484900 -19.944000 3.998300 0.000000 -0.987700 -0.156500 0.631300 0.678000
0 5.484900 -19.944000 3.998300 0.000000 -0.987700 -0.156500 0.591300 0.678000

0 5.484900 -19.944000 3.998300 0.000000 -0.987700 -0.156500 0.591300 0.678000
0 -5.484900 -19.944000 3.998300 0.000000 -0.987700 -0.156500 0.631300 0.678000
0 -5.474200 -19.021400 1.081600 0.000000 -0.953400 -0.301600 0.631300 0.689900

0 -5.474200 -19.021400 1.081600 0.000000 -0.953400 -0.301600 0.631300 0.689900
0 5.474200 -19.021400 1.081600 0.000000 -0.953400 -0.301600 0.590800 0.689900
0 5.484900 -19.944000 3.998300 0.000000 -0.987700 -0.156500 0.591300 0.678000

0 25.762600 -20.125299 25.893299 0.005900 -1.000000 -0.003200 0.081500 0.961300
0 24.007000 -20.113001 20.055500 0.003700 -1.000000 -0.003200 0.074200 0.937300
0 30.794901 -20.052200 20.055500 0.062900 -0.997900 -0.017600 0.102500 0.937300

0 21.965200 -20.111900 18.862101 -0.001100 -1.000000 -0.004900 0.065600 0.932800
0 24.007000 -20.113001 20.055500 0.003700 -1.000000 -0.003200 0.074200 0.937300
0 25.762600 -20.125299 25.893299 0.005900 -1.000000 -0.003200 0.081500 0.961300

0 25.762600 -20.125299 25.893299 0.005900 -1.000000 -0.003200 0.081500 0.961300
0 8.725800 -20.125299 25.893299 -0.002300 -1.000000 -0.006300 0.010300 0.961300
0 21.965200 -20.111900 18.862101 -0.001100 -1.000000 -0.004900 0.065600 0.932800

0 21.965200 -20.111900 18.862101 -0.001100 -1.000000 -0.004900 0.065600 0.932800
0 8.725800 -20.125299 25.893299 -0.002300 -1.000000 -0.006300 0.010300 0.961300
0 8.723700 -19.944000 3.998300 -0.000800 -0.987500 -0.157600 0.010300 0.873000

0 8.723700 -19.944000 3.998300 -0.000800 -0.987500 -0.157600 0.010300 0.873000
0 13.776000 -19.944000 3.998300 0.000000 -0.994600 -0.103900 0.031400 0.873000
0 21.965200 -20.111900 18.862101 -0.001100 -1.000000 -0.004900 0.065600 0.932800

0 11.618400 -19.021400 1.081600 0.000000 -0.953400 -0.301600 0.022400 0.861100
0 13.776000 -19.944000 3.998300 0.000000 -0.994600 -0.103900 0.031400 0.873000
0 8.723700 -19.944000 3.998300 -0.000800 -0.987500 -0.157600 0.010300 0.873000

0 8.723700 -19.944000 3.998300 -0.000800 -0.987500 -0.157600 0.010300 0.873000
0 8.713000 -19.021400 1.081600 0.000000 -0.953400 -0.301600 0.010300 0.861100
0 11.618400 -19.021400 1.081600 0.000000 -0.953400 -0.301600 0.022400 0.861100

0 38.455898 5.449100 19.206900 1.000000 0.003900 0.000300 0.232200 0.935200
0 38.455898 13.199900 25.893299 0.998500 0.054700 -0.009200 0.265600 0.961300
0 38.455898 -13.199900 25.893299 0.998500 -0.054700 -0.009200 0.151100 0.961300

0 38.455898 -13.199900 25.893299 0.998500 -0.054700 -0.009200 0.151100 0.961300
0 38.455898 -5.449100 19.206900 1.000000 -0.003600 -0.002000 0.184800 0.935200
0 38.455898 5.449100 19.206900 1.000000 0.003900 0.000300 0.232200 0.935200

0 38.455898 -5.449100 19.206900 1.000000 -0.003600 -0.002000 0.184800 0.935200
0 38.455898 -13.199900 25.893299 0.998500 -0.054700 -0.009200 0.151100 0.961300
0 38.352001 -12.909900 20.055500 0.998800 -0.045100 -0.020000 0.152500 0.937300

0 38.035099 -16.956900 20.055500 0.924900 -0.380000 -0.008800 0.134900 0.937300
0 38.352001 -12.909900 20.055500 0.998800 -0.045100 -0.020000 0.152500 0.937300
0 38.455898 -13.199900 25.893299 0.998500 -0.054700 -0.009200 0.151100 0.961300

0 38.455898 -13.199900 25.893299 0.998500 -0.054700 -0.009200 0.151100 0.961300
0 38.035099 -16.983299 25.893299 0.919700 -0.392700 -0.000700 0.134800 0.961300
0 38.035099 -16.956900 20.055500 0.924900 -0.380000 -0.008800 0.134900 0.937300

0 36.077400 -19.323799 20.055500 0.495000 -0.868800 -0.013500 0.124600 0.937300
0 38.035099 -16.956900 20.055500 0.924900 -0.380000 -0.008800 0.134900 0.937300
0 38.035099 -16.983299 25.893299 0.919700 -0.392700 -0.000700 0.134800 0.961300

0 38.035099 -16.983299 25.893299 0.919700 -0.392700 -0.000700 0.134800 0.961300
0 36.077400 -19.323799 25.893299 0.509000 -0.860800 0.000000 0.124600 0.961300
0 36.077400 -19.323799 20.055500 0.495000 -0.868800 -0.013500 0.124600 0.937300

0 36.077400 -19.323799 20.055500 0.495000 -0.868800 -0.013500 0.124600 0.937300
0 36.077400 -19.323799 25.893299 0.509000 -0.860800 0.000000 0.124600 0.961300
0 32.364799 -20.052200 25.893299 0.102300 -0.994700 -0.011000 0.109100 0.961300

0 32.364799 -20.052200 25.893299 0.102300 -0.994700 -0.011000 0.109100 0.961300
0 30.794901 -20.052200 20.055500 0.062900 -0.997900 -0.017600 0.102500 0.937300
0 36.077400 -19.323799 20.055500 0.495000 -0.868800 -0.013500 0.124600 0.937300

0 30.794901 -20.052200 20.055500 0.062900 -0.997900 -0.017600 0.102500 0.937300
0 32.364799 -20.052200 25.893299 0.102300 -0.994700 -0.011000 0.109100 0.961300
0 25.762600 -20.125299 25.893299 0.005900 -1.000000 -0.003200 0.081500 0.961300

0 -33.187099 -17.129499 0.001000 -0.436600 -0.781000 -0.446500 0.129500 0.656500
0 -30.661600 -17.700600 0.001000 -0.103600 -0.887500 -0.449000 0.111900 0.656500
0 -30.656401 -18.247900 1.081600 -0.105900 -0.923800 -0.367900 0.111800 0.661400

0 -30.656401 -18.247900 1.081600 -0.105900 -0.923800 -0.367900 0.111800 0.661400
0 -30.661600 -17.700600 0.001000 -0.103600 -0.887500 -0.449000 0.111900 0.656500
0 -12.276900 -17.735500 0.001000 -0.001800 -0.891200 -0.453700 0.023900 0.656500

0 -12.276900 -17.735500 0.001000 -0.001800 -0.891200 -0.453700 0.023900 0.656500
0 -11.618400 -18.287100 1.081600 -0.001900 -0.925300 -0.379100 0.020800 0.661100
0 -30.656401 -18.247900 1.081600 -0.105900 -0.923800 -0.367900 0.111800 0.661400

0 -30.656401 -18.247900 1.081600 -0.105900 -0.923800 -0.367900 0.111800 0.661400
0 -11.618400 -18.287100 1.081600 -0.001900 -0.925300 -0.379100 0.020800 0.661100
0 -13.776000 -19.174101 3.998300 -0.002200 -0.979400 -0.202100 0.031000 0.674800

0 -35.058102 -15.214100 0.001000 -0.814300 -0.340100 -0.470400 0.143400 0.656500
0 -33.187099 -17.129499 0.001000 -0.436600 -0.781000 -0.446500 0.129500 0.656500
0 -33.467499 -17.587000 1.081600 -0.390500 -0.799300 -0.456900 0.129500 0.661100

0 -30.656401 -18.247900 1.081600 -0.105900 -0.923800 -0.367900 0.111800 0.661400
0 -33.467499 -17.587000 1.081600 -0.390500 -0.799300 -0.456900 0.129500 0.661100
0 -33.187099 -17.129499 0.001000 -0.436600 -0.781000 -0.446500 0.129500 0.656500

0 -33.467499 -17.587000 1.081600 -0.390500 -0.799300 -0.456900 0.129500 0.661100
0 -30.656401 -18.247900 1.081600 -0.105900 -0.923800 -0.367900 0.111800 0.661400
0 -30.696899 -19.132999 3.998300 -0.065700 -0.983900 -0.166300 0.112000 0.674800

0 -13.776000 -19.174101 3.998300 -0.002200 -0.979400 -0.202100 0.031000 0.674800
0 -30.696899 -19.132999 3.998300 -0.065700 -0.983900 -0.166300 0.112000 0.674800
0 -30.656401 -18.247900 1.081600 -0.105900 -0.923800 -0.367900 0.111800 0.661400

0 -13.776000 -19.174101 3.998300 -0.002200 -0.979400 -0.202100 0.031000 0.674800
0 -21.965200 -19.335501 18.862101 -0.003900 -0.999900 -0.011800 0.070200 0.738500
0 -30.696899 -19.132999 3.998300 -0.065700 -0.983900 -0.166300 0.112000 0.674800

0 31.975800 19.478600 26.925301 0.078600 0.851200 0.518900 0.023100 0.990400
0 34.913101 18.733601 26.909201 0.190700 0.738000 0.647300 0.006300 0.990500
0 36.077400 19.323799 25.893299 0.182500 0.771300 0.609800 0.006300 0.983700

0 36.077400 19.323799 25.893299 0.182500 0.771300 0.609800 0.006300 0.983700
0 32.364799 20.052200 25.893299 0.101100 0.853200 0.511700 0.021100 0.983700
0 31.975800 19.478600 26.925301 0.078600 0.851200 0.518900 0.023100 0.990400

0 26.186899 19.530100 26.967501 0.005100 0.875300 0.483600 0.050500 0.991000
0 31.975800 19.478600 26.925301 0.078600 0.851200 0.518900 0.023100 0.990400
0 32.364799 20.052200 25.893299 0.101100 0.853200 0.511700 0.021100 0.983700

0 32.364799 20.052200 25.893299 0.101100 0.853200 0.511700 0.021100 0.983700
0 25.762600 20.125299 25.893299 0.001900 0.879200 0.476400 0.051700 0.983700
0 26.186899 19.530100 26.967501 0.005100 0.875300 0.483600 0.050500 0.991000

0 8.670700 19.435699 27.059999 -0.031700 0.992100 0.121500 0.131800 0.991100
0 26.186899 19.530100 26.967501 0.005100 0.875300 0.483600 0.050500 0.991000
0 25.762600 20.125299 25.893299 0.001900 0.879200 0.476400 0.051700 0.983700

0 25.762600 20.125299 25.893299 0.001900 0.879200 0.476400 0.051700 0.983700
0 8.725800 19.557699 25.900000 -0.033100 0.994100 0.103000 0.131500 0.983700
0 8.670700 19.435699 27.059999 -0.031700 0.992100 0.121500 0.131800 0.991100

0 40.463299 -3.298900 27.683901 0.499000 0.105600 -0.860100 0.366000 0.976900
0 41.240501 -6.465400 27.683901 0.447600 -0.026600 -0.893800 0.348400 0.976800
0 39.689400 -6.689800 26.913799 0.446800 -0.085500 -0.890600 0.349600 0.972700

0 39.689400 -6.689800 26.913799 0.446800 -0.085500 -0.890600 0.349600 0.972700
0 41.240501 -6.465400 27.683901 0.447600 -0.026600 -0.893800 0.348400 0.976800
0 39.867100 -9.461900 27.683901 0.358300 -0.314500 -0.879100 0.337900 0.976000

0 39.867100 -9.461900 27.683901 0.358300 -0.314500 -0.879100 0.337900 0.976000
0 38.284199 -8.988700 26.908501 0.306200 -0.392500 -0.867300 0.337900 0.972200
0 39.689400 -6.689800 26.913799 0.446800 -0.085500 -0.890600 0.349600 0.972700

0 38.284199 -8.988700 26.908501 0.306200 -0.392500 -0.867300 0.337900 0.972200
0 39.867100 -9.461900 27.683901 0.358300 -0.314500 -0.879100 0.337900 0.976000
0 36.817101 -11.115500 27.683901 0.221600 -0.528500 -0.819500 0.325200 0.975500

0 36.817101 -11.115500 27.683901 0.221600 -0.528500 -0.819500 0.325200 0.975500
0 35.625500 -10.432800 26.924101 0.175400 -0.589800 -0.788300 0.320600 0.972100
0 38.284199 -8.988700 26.908501 0.306200 -0.392500 -0.867300 0.337900 0.972200

0 35.625500 -10.432800 26.924101 0.175400 -0.589800 -0.788300 0.320600 0.972100
0 36.817101 -11.115500 27.683901 0.221600 -0.528500 -0.819500 0.325200 0.975500
0 30.781401 -12.353900 27.683901 0.177700 -0.732400 -0.657300 0.295400 0.975600

0 30.781401 -12.353900 27.683901 0.177700 -0.732400 -0.657300 0.295400 0.975600
0 30.029400 -11.909000 26.965799 0.174300 -0.748900 -0.639400 0.293200 0.972300
0 35.625500 -10.432800 26.924101 0.175400 -0.589800 -0.788300 0.320600 0.972100

0 30.029400 -11.909000 26.965799 0.174300 -0.748900 -0.639400 0.293200 0.972300
0 30.781401 -12.353900 27.683901 0.177700 -0.732400 -0.657300 0.295400 0.975600
0 13.123500 -16.254400 27.679600 0.232700 -0.943900 -0.234200 0.212200 0.975800

0 13.123500 -16.254400 27.679600 0.232700 -0.943900 -0.234200 0.212200 0.975800
0 13.135100 -16.108200 27.058001 0.234300 -0.947300 -0.218400 0.212400 0.972800
0 30.029400 -11.909000 26.965799 0.174300 -0.748900 -0.639400 0.293200 0.972300

0 31.196501 25.911400 26.913900 0.351000 0.296200 -0.888300 0.518100 0.973200
0 28.843000 27.256201 26.909201 0.220500 0.382800 -0.897100 0.529300 0.972800
0 30.002600 28.403500 27.683901 0.247600 0.392300 -0.885900 0.529300 0.976800

0 30.002600 28.403500 27.683901 0.247600 0.392300 -0.885900 0.529300 0.976800
0 32.669701 26.433701 27.683901 0.381200 0.240800 -0.892600 0.520000 0.977400
0 31.196501 25.911400 26.913900 0.351000 0.296200 -0.888300 0.518100 0.973200

0 31.196501 25.911400 26.913900 0.351000 0.296200 -0.888300 0.518100 0.973200
0 32.669701 26.433701 27.683901 0.381200 0.240800 -0.892600 0.520000 0.977400
0 33.536400 23.289900 27.683901 0.487900 0.151200 -0.859700 0.498300 0.978100

0 33.536400 23.289900 27.683901 0.487900 0.151200 -0.859700 0.498300 0.978100
0 32.449001 22.681000 26.934099 0.501900 0.152200 -0.851400 0.500000 0.973500
0 31.196501 25.911400 26.913900 0.351000 0.296200 -0.888300 0.518100 0.973200

0 32.449001 22.681000 26.934099 0.501900 0.152200 -0.851400 0.500000 0.973500
0 33.536400 23.289900 27.683901 0.487900 0.151200 -0.859700 0.498300 0.978100
0 37.000099 9.994700 27.683901 0.511000 0.133100 -0.849200 0.434100 0.977100

0 37.000099 9.994700 27.683901 0.511000 0.133100 -0.849200 0.434100 0.977100
0 32.347401 22.315399 26.815599 0.511100 0.133200 -0.849100 0.499300 0.972700
0 32.449001 22.681000 26.934099 0.501900 0.152200 -0.851400 0.500000 0.973500

0 37.000099 9.994700 27.683901 0.511000 0.133100 -0.849200 0.434100 0.977100
0 38.939602 -2.988500 26.815701 0.511000 0.133100 -0.849200 0.368400 0.972300
0 32.347401 22.315399 26.815599 0.511100 0.133200 -0.849100 0.499300 0.972700

0 38.939602 -2.988500 26.815701 0.511000 0.133100 -0.849200 0.368400 0.972300
0 37.000099 9.994700 27.683901 0.511000 0.133100 -0.849200 0.434100 0.977100
0 40.463299 -3.298900 27.683901 0.499000 0.105600 -0.860100 0.366000 0.976900

0 40.463299 -3.298900 27.683901 0.499000 0.105600 -0.860100 0.366000 0.976900
0 39.207298 -3.264100 26.933599 0.511900 0.112200 -0.851700 0.366900 0.972900
0 38.939602 -2.988500 26.815701 0.511000 0.133100 -0.849200 0.368400 0.972300

0 39.689400 -6.689800 26.913799 0.446800 -0.085500 -0.890600 0.349600 0.972700
0 39.207298 -3.264100 26.933599 0.511900 0.112200 -0.851700 0.366900 0.972900
0 40.463299 -3.298900 27.683901 0.499000 0.105600 -0.860100 0.366000 0.976900

0 -8.664400 19.435600 27.059799 -0.000000 0.994500 0.104600 0.864700 0.578400
0 -5.447200 19.435801 27.060499 -0.000100 0.994500 0.104500 0.864300 0.563700
0 -5.487000 19.557699 25.900000 -0.000000 0.998900 0.047000 0.872100 0.563700

0 -5.487000 19.557699 25.900000 -0.000000 0.998900 0.047000 0.872100 0.563700
0 -8.725800 19.557699 25.900000 -0.000000 0.999000 0.045500 0.872100 0.578400
0 -8.664400 19.435600 27.059799 -0.000000 0.994500 0.104600 0.864700 0.578400

0 -8.725800 19.557699 25.900000 -0.000000 0.999000 0.045500 0.872100 0.578400
0 -5.487000 19.557699 25.900000 -0.000000 0.998900 0.047000 0.872100 0.563700
0 -5.484900 19.298000 4.122700 -0.000100 0.990200 -0.139800 0.989300 0.563700

0 -5.484900 19.298000 4.122700 -0.000100 0.990200 -0.139800 0.989300 0.563700
0 -8.723700 19.297899 4.122500 -0.000000 0.990200 -0.139500 0.989300 0.578400
0 -8.725800 19.557699 25.900000 -0.000000 0.999000 0.045500 0.872100 0.578400

0 -8.713000 18.648001 1.758800 -0.000100 0.964300 -0.265000 1.001000 0.578400
0 -8.723700 19.297899 4.122500 -0.000000 0.990200 -0.139500 0.989300 0.578400
0 -5.484900 19.298000 4.122700 -0.000100 0.990200 -0.139800 0.989300 0.563700

0 -5.484900 19.298000 4.122700 -0.000100 0.990200 -0.139800 0.989300 0.563700
0 -5.474200 18.649000 1.759400 -0.000200 0.964300 -0.264800 1.001000 0.563700
0 -8.713000 18.648001 1.758800 -0.000100 0.964300 -0.265000 1.001000 0.578400

0 35.564098 18.834000 20.055500 0.000000 0.000000 -1.000000 0.167500 0.531300
0 30.646500 19.306900 20.055500 0.000000 0.000000 -1.000000 0.165300 0.548300
0 30.794901 20.052200 20.055500 0.000000 0.000000 -1.000000 0.162600 0.547900

0 30.794901 20.052200 20.055500 0.000000 0.000000 -1.000000 0.162600 0.547900
0 36.077400 19.323799 20.055500 0.000000 0.000000 -1.000000 0.165800 0.529500
0 35.564098 18.834000 20.055500 0.000000 0.000000 -1.000000 0.167500 0.531300

0 37.257801 16.952000 20.055500 0.000000 0.000000 -1.000000 0.174400 0.525600
0 35.564098 18.834000 20.055500 0.000000 0.000000 -1.000000 0.167500 0.531300
0 36.077400 19.323799 20.055500 0.000000 0.000000 -1.000000 0.165800 0.529500

0 36.077400 19.323799 20.055500 0.000000 0.000000 -1.000000 0.165800 0.529500
0 38.035099 16.956900 20.055500 0.000000 0.000000 -1.000000 0.174400 0.522700
0 37.257801 16.952000 20.055500 0.000000 0.000000 -1.000000 0.174400 0.525600

0 37.551399 12.910400 20.055500 0.000200 0.310800 -0.950500 0.189100 0.524900
0 37.257801 16.952000 20.055500 0.000000 0.000000 -1.000000 0.174400 0.525600
0 38.035099 16.956900 20.055500 0.000000 0.000000 -1.000000 0.174400 0.522700

0 38.035099 16.956900 20.055500 0.000000 0.000000 -1.000000 0.174400 0.522700
0 38.352001 12.909900 20.055500 0.000200 0.333400 -0.942800 0.189200 0.522000
0 37.551399 12.910400 20.055500 0.000200 0.310800 -0.950500 0.189100 0.524900

0 37.620300 11.213100 18.752899 0.000000 0.826700 -0.562600 0.195300 0.524700
0 37.551399 12.910400 20.055500 0.000200 0.310800 -0.950500 0.189100 0.524900
0 38.352001 12.909900 20.055500 0.000200 0.333400 -0.942800 0.189200 0.522000

0 38.352001 12.909900 20.055500 0.000200 0.333400 -0.942800 0.189200 0.522000
0 38.427700 11.213100 18.752899 0.000000 0.828300 -0.560300 0.195300 0.522000
0 37.620300 11.213100 18.752899 0.000000 0.826700 -0.562600 0.195300 0.524700

0 37.620300 11.213100 18.752899 0.000000 0.826700 -0.562600 0.195300 0.524700
0 38.427700 11.213100 18.752899 0.000000 0.828300 -0.560300 0.195300 0.522000
0 38.109100 7.026700 3.998300 0.000000 0.952100 -0.305900 0.210600 0.523400

0 38.109100 7.026700 3.998300 0.000000 0.952100 -0.305900 0.210600 0.523400
0 37.308300 7.026700 3.998300 0.000000 0.947400 -0.320200 0.210600 0.526100
0 37.620300 11.213100 18.752899 0.000000 0.826700 -0.562600 0.195300 0.524700

0 37.308300 7.026700 3.998300 0.000000 0.947400 -0.320200 0.210600 0.526100
0 38.109100 7.026700 3.998300 0.000000 0.952100 -0.305900 0.210600 0.523400
0 36.344799 5.919300 1.081600 0.000000 0.934900 -0.355000 0.214500 0.529500

0 36.344799 5.919300 1.081600 0.000000 0.934900 -0.355000 0.214500 0.529500
0 35.581001 5.919300 1.081600 0.000000 0.934900 -0.355000 0.214500 0.532200
0 37.308300 7.026700 3.998300 0.000000 0.947400 -0.320200 0.210600 0.526100

0 -37.414200 3.530100 7.615700 0.000000 -0.962900 0.270000 0.367200 0.557900
0 -37.414200 6.414500 17.902800 0.000000 -0.962900 0.270000 0.367200 0.579600
0 -38.455898 6.414500 17.902800 0.000000 -0.962900 0.270000 0.374500 0.579600

0 -38.455898 6.414500 17.902800 0.000000 -0.962900 0.270000 0.374500 0.579600
0 -38.455898 3.530100 7.615700 0.000000 -0.962900 0.270000 0.374800 0.558100
0 -37.414200 3.530100 7.615700 0.000000 -0.962900 0.270000 0.367200 0.557900

0 -30.794901 20.052200 20.055500 0.000000 0.000000 -1.000000 0.161900 0.597400
0 -30.646500 19.306900 20.055500 0.000000 0.000000 -1.000000 0.164600 0.596900
0 -35.564098 18.834000 20.055500 0.000000 0.000000 -1.000000 0.166100 0.614000

0 -35.564098 18.834000 20.055500 0.000000 0.000000 -1.000000 0.166100 0.614000
0 -36.077400 19.323799 20.055500 0.000000 0.000000 -1.000000 0.164300 0.615700
0 -30.794901 20.052200 20.055500 0.000000 0.000000 -1.000000 0.161900 0.597400

0 -36.077400 19.323799 20.055500 0.000000 0.000000 -1.000000 0.164300 0.615700
0 -35.564098 18.834000 20.055500 0.000000 0.000000 -1.000000 0.166100 0.614000
0 -37.257801 16.952000 20.055500 0.000000 0.000000 -1.000000 0.173000 0.619900

0 -37.257801 16.952000 20.055500 0.000000 0.000000 -1.000000 0.173000 0.619900
0 -38.035099 16.956900 20.055500 0.000000 0.000000 -1.000000 0.173000 0.622600
0 -36.077400 19.323799 20.055500 0.000000 0.000000 -1.000000 0.164300 0.615700

0 -38.035099 16.956900 20.055500 0.000000 0.000000 -1.000000 0.173000 0.622600
0 -37.257801 16.952000 20.055500 0.000000 0.000000 -1.000000 0.173000 0.619900
0 -37.551399 12.910400 20.055500 -0.000200 0.310800 -0.950500 0.187600 0.621100

0 -37.551399 12.910400 20.055500 -0.000200 0.310800 -0.950500 0.187600 0.621100
0 -38.352001 12.909900 20.055500 -0.000200 0.333400 -0.942800 0.187600 0.623800
0 -38.035099 16.956900 20.055500 0.000000 0.000000 -1.000000 0.173000 0.622600

0 -38.352001 12.909900 20.055500 -0.000200 0.333400 -0.942800 0.187600 0.623800
0 -37.551399 12.910400 20.055500 -0.000200 0.310800 -0.950500 0.187600 0.621100
0 -37.620300 11.213100 18.752899 -0.000000 0.826700 -0.562600 0.193800 0.621300

0 -37.620300 11.213100 18.752899 -0.000000 0.826700 -0.562600 0.193800 0.621300
0 -38.427700 11.213100 18.752899 0.000000 0.828300 -0.560300 0.193800 0.624000
0 -38.352001 12.909900 20.055500 -0.000200 0.333400 -0.942800 0.187600 0.623800

0 -38.109100 7.026700 3.998300 0.000000 0.952100 -0.305900 0.209000 0.623000
0 -38.427700 11.213100 18.752899 0.000000 0.828300 -0.560300 0.193800 0.624000
0 -37.620300 11.213100 18.752899 -0.000000 0.826700 -0.562600 0.193800 0.621300

0 -37.620300 11.213100 18.752899 -0.000000 0.826700 -0.562600 0.193800 0.621300
0 -37.308300 7.026700 3.998300 0.000000 0.947400 -0.320200 0.209000 0.620400
0 -38.109100 7.026700 3.998300 0.000000 0.952100 -0.305900 0.209000 0.623000

0 -36.344799 5.919300 1.081600 0.000000 0.934900 -0.355000 0.213100 0.616900
0 -38.109100 7.026700 3.998300 0.000000 0.952100 -0.305900 0.209000 0.623000
0 -37.308300 7.026700 3.998300 0.000000 0.947400 -0.320200 0.209000 0.620400

0 -37.308300 7.026700 3.998300 0.000000 0.947400 -0.320200 0.209000 0.620400
0 -35.581001 5.919300 1.081600 0.000000 0.934900 -0.355000 0.213100 0.614300
0 -36.344799 5.919300 1.081600 0.000000 0.934900 -0.355000 0.213100 0.616900

0 -38.035099 16.956900 20.055500 -0.924900 0.380000 -0.008800 0.142600 0.770400
0 -38.352001 12.909900 20.055500 -0.999200 0.039900 -0.010500 0.160200 0.770400
0 -38.455898 13.199900 25.893299 -0.998500 0.054700 -0.009200 0.158800 0.794300

0 -38.455898 13.199900 25.893299 -0.998500 0.054700 -0.009200 0.158800 0.794300
0 -38.035099 16.983299 25.893299 -0.919700 0.392700 -0.000700 0.142500 0.793600
0 -38.035099 16.956900 20.055500 -0.924900 0.380000 -0.008800 0.142600 0.770400

0 -36.077400 19.323799 20.055500 -0.495000 0.868800 -0.013500 0.132200 0.770400
0 -38.035099 16.956900 20.055500 -0.924900 0.380000 -0.008800 0.142600 0.770400
0 -38.035099 16.983299 25.893299 -0.919700 0.392700 -0.000700 0.142500 0.793600

0 -38.035099 16.983299 25.893299 -0.919700 0.392700 -0.000700 0.142500 0.793600
0 -36.077400 19.323799 25.893299 -0.509000 0.860800 0.000000 0.132200 0.793600
0 -36.077400 19.323799 20.055500 -0.495000 0.868800 -0.013500 0.132200 0.770400

0 -36.077400 19.323799 20.055500 -0.495000 0.868800 -0.013500 0.132200 0.770400
0 -36.077400 19.323799 25.893299 -0.509000 0.860800 0.000000 0.132200 0.793600
0 -32.364799 20.052200 25.893299 -0.102300 0.994700 -0.011000 0.116800 0.793600

0 -32.364799 20.052200 25.893299 -0.102300 0.994700 -0.011000 0.116800 0.793600
0 -30.794901 20.052200 20.055500 -0.062900 0.997900 -0.017600 0.110300 0.770400
0 -36.077400 19.323799 20.055500 -0.495000 0.868800 -0.013500 0.132200 0.770400

0 -30.794901 20.052200 20.055500 -0.062900 0.997900 -0.017600 0.110300 0.770400
0 -32.364799 20.052200 25.893299 -0.102300 0.994700 -0.011000 0.116800 0.793600
0 -25.762600 20.125299 25.893299 -0.005900 1.000000 -0.003200 0.089200 0.793600

0 -25.762600 20.125299 25.893299 -0.005900 1.000000 -0.003200 0.089200 0.793600
0 -24.007000 20.113001 20.055500 -0.003700 1.000000 -0.003200 0.081800 0.770400
0 -30.794901 20.052200 20.055500 -0.062900 0.997900 -0.017600 0.110300 0.770400

0 -21.965200 20.111900 18.862101 0.001100 1.000000 -0.004900 0.073400 0.765300
0 -24.007000 20.113001 20.055500 -0.003700 1.000000 -0.003200 0.081800 0.770400
0 -25.762600 20.125299 25.893299 -0.005900 1.000000 -0.003200 0.089200 0.793600

0 -25.762600 20.125299 25.893299 -0.005900 1.000000 -0.003200 0.089200 0.793600
0 -8.725800 20.125299 25.893299 0.002300 1.000000 -0.006300 0.018000 0.793600
0 -21.965200 20.111900 18.862101 0.001100 1.000000 -0.004900 0.073400 0.765300

0 -21.965200 20.111900 18.862101 0.001100 1.000000 -0.004900 0.073400 0.765300
0 -8.725800 20.125299 25.893299 0.002300 1.000000 -0.006300 0.018000 0.793600
0 -8.723700 19.944000 3.998300 0.000800 0.987500 -0.157600 0.018000 0.705300

0 -8.723700 19.944000 3.998300 0.000800 0.987500 -0.157600 0.018000 0.705300
0 -13.776000 19.944000 3.998300 0.000000 0.994600 -0.103900 0.039100 0.705300
0 -21.965200 20.111900 18.862101 0.001100 1.000000 -0.004900 0.073400 0.765300

0 -11.618400 19.021400 1.081600 0.000000 0.953400 -0.301600 0.030200 0.693400
0 -13.776000 19.944000 3.998300 0.000000 0.994600 -0.103900 0.039100 0.705300
0 -8.723700 19.944000 3.998300 0.000800 0.987500 -0.157600 0.018000 0.705300

0 -8.723700 19.944000 3.998300 0.000800 0.987500 -0.157600 0.018000 0.705300
0 -8.713000 19.021400 1.081600 0.000000 0.953400 -0.301600 0.018000 0.693400
0 -11.618400 19.021400 1.081600 0.000000 0.953400 -0.301600 0.030200 0.693400

0 5.487000 20.125299 25.893299 0.000000 0.011800 0.999900 0.146000 0.981900
0 -5.487000 20.125299 25.893299 0.000000 0.011800 0.999900 0.197100 0.981900
0 -5.487000 19.557699 25.900000 0.000000 0.011800 0.999900 0.197600 0.983800

0 -5.487000 19.557699 25.900000 0.000000 0.011800 0.999900 0.197600 0.983800
0 5.487000 19.557699 25.900000 0.000000 0.011800 0.999900 0.146500 0.983700
0 5.487000 20.125299 25.893299 0.000000 0.011800 0.999900 0.146000 0.981900

0 -38.455898 -3.530100 7.615700 0.000000 0.000000 1.000000 0.388200 0.528100
0 -37.414200 -3.530100 7.615700 0.000000 0.000000 1.000000 0.394500 0.528100
0 -37.414200 3.530100 7.615700 0.000000 0.000000 1.000000 0.394500 0.573000

0 -37.414200 3.530100 7.615700 0.000000 0.000000 1.000000 0.394500 0.573000
0 -38.455898 3.530100 7.615700 0.000000 0.000000 1.000000 0.388200 0.573000
0 -38.455898 -3.530100 7.615700 0.000000 0.000000 1.000000 0.388200 0.528100

0 -35.581001 -5.919300 1.081600 0.000000 0.000000 -1.000000 0.256100 0.614500
0 -36.344799 -5.919300 1.081600 0.000000 0.000000 -1.000000 0.256100 0.617200
0 -36.344799 5.919300 1.081600 0.000000 0.000000 -1.000000 0.213100 0.616900

0 -36.344799 5.919300 1.081600 0.000000 0.000000 -1.000000 0.213100 0.616900
0 -35.581001 5.919300 1.081600 0.000000 0.000000 -1.000000 0.213100 0.614300
0 -35.581001 -5.919300 1.081600 0.000000 0.000000 -1.000000 0.256100 0.614500

0 -8.725800 20.125299 25.893299 1.000000 0.000000 0.000100 0.340600 0.623000
0 -8.725800 19.557699 25.900000 1.000000 0.000000 0.000100 0.337900 0.623000
0 -8.723700 19.297899 4.122500 1.000000 0.000400 0.002100 0.336700 0.530000

0 -8.723700 19.297899 4.122500 1.000000 0.000400 0.002100 0.336700 0.530000
0 -8.723700 19.944000 3.998300 1.000000 0.000700 0.002100 0.339800 0.529500
0 -8.725800 20.125299 25.893299 1.000000 0.000000 0.000100 0.340600 0.623000

0 -8.723700 19.944000 3.998300 1.000000 0.000700 0.002100 0.339800 0.529500
0 -8.723700 19.297899 4.122500 1.000000 0.000400 0.002100 0.336700 0.530000
0 -8.713000 18.648001 1.758800 1.000000 0.002100 0.001400 0.333700 0.520000

0 -8.713000 18.648001 1.758800 1.000000 0.002100 0.001400 0.333700 0.520000
0 -8.713000 19.021400 1.081600 1.000000 0.001800 0.001000 0.335400 0.517100
0 -8.723700 19.944000 3.998300 1.000000 0.000700 0.002100 0.339800 0.529500

0 -8.713000 -19.021400 1.081600 1.000000 -0.001800 0.001000 0.160300 0.517300
0 -8.713000 19.021400 1.081600 1.000000 0.001800 0.001000 0.335400 0.517100
0 -8.713000 18.648001 1.758800 1.000000 0.002100 0.001400 0.333700 0.520000

0 -8.713000 18.648001 1.758800 1.000000 0.002100 0.001400 0.333700 0.520000
0 -8.713000 -18.648001 1.758800 1.000000 -0.002100 0.001400 0.162000 0.520000
0 -8.713000 -19.021400 1.081600 1.000000 -0.001800 0.001000 0.160300 0.517300

0 -8.723700 -19.944000 3.998300 1.000000 -0.000700 0.002100 0.156100 0.529500
0 -8.713000 -19.021400 1.081600 1.000000 -0.001800 0.001000 0.160300 0.517300
0 -8.713000 -18.648001 1.758800 1.000000 -0.002100 0.001400 0.162000 0.520000

0 -8.713000 -18.648001 1.758800 1.000000 -0.002100 0.001400 0.162000 0.520000
0 -8.723700 -19.297899 4.122500 1.000000 -0.000400 0.002100 0.159100 0.530000
0 -8.723700 -19.944000 3.998300 1.000000 -0.000700 0.002100 0.156100 0.529500

0 -8.725800 -20.125299 25.893299 1.000000 -0.000000 0.000100 0.155300 0.623000
0 -8.723700 -19.944000 3.998300 1.000000 -0.000700 0.002100 0.156100 0.529500
0 -8.723700 -19.297899 4.122500 1.000000 -0.000400 0.002100 0.159100 0.530000

0 -8.723700 -19.297899 4.122500 1.000000 -0.000400 0.002100 0.159100 0.530000
0 -8.725800 -19.557699 25.900000 1.000000 -0.000000 0.000100 0.157800 0.623000
0 -8.725800 -20.125299 25.893299 1.000000 -0.000000 0.000100 0.155300 0.623000

0 -5.447200 19.435801 27.060499 -0.000100 0.000000 1.000000 0.147100 0.360800
0 -8.664400 19.435600 27.059799 -0.002900 -0.000100 1.000000 0.157800 0.361300
0 -8.666100 18.775600 27.059799 -0.002900 0.000000 1.000000 0.157700 0.363300

0 -8.666100 18.775600 27.059799 -0.002900 0.000000 1.000000 0.157700 0.363300
0 -5.447200 18.775801 27.060499 -0.000100 -0.000000 1.000000 0.147000 0.363300
0 -5.447200 19.435801 27.060499 -0.000100 0.000000 1.000000 0.147100 0.360800

0 5.453600 19.435801 27.060699 0.000100 -0.000100 1.000000 0.110400 0.360800
0 -5.447200 19.435801 27.060499 -0.000100 0.000000 1.000000 0.147100 0.360800
0 -5.447200 18.775801 27.060499 -0.000100 -0.000000 1.000000 0.147000 0.363300

0 -5.447200 18.775801 27.060499 -0.000100 -0.000000 1.000000 0.147000 0.363300
0 5.453500 18.775801 27.060600 0.000100 -0.000100 1.000000 0.110400 0.363300
0 5.453600 19.435801 27.060699 0.000100 -0.000100 1.000000 0.110400 0.360800

0 8.670700 19.435699 27.059999 0.002700 -0.000000 1.000000 0.099500 0.361300
0 5.453600 19.435801 27.060699 0.000100 -0.000100 1.000000 0.110400 0.360800
0 5.453500 18.775801 27.060600 0.000100 -0.000100 1.000000 0.110400 0.363300

0 5.453500 18.775801 27.060600 0.000100 -0.000100 1.000000 0.110400 0.363300
0 8.672500 18.775700 27.059999 0.002700 -0.000100 1.000000 0.099700 0.363300
0 8.670700 19.435699 27.059999 0.002700 -0.000000 1.000000 0.099500 0.361300

0 26.186899 19.530100 26.967501 0.005700 -0.006600 1.000000 0.040200 0.360400
0 8.670700 19.435699 27.059999 0.002700 -0.000000 1.000000 0.099500 0.361300
0 8.672500 18.775700 27.059999 0.002700 -0.000100 1.000000 0.099700 0.363300

0 8.672500 18.775700 27.059999 0.002700 -0.000100 1.000000 0.099700 0.363300
0 29.038099 18.844700 26.946600 0.007000 -0.002000 1.000000 0.030800 0.363800
0 26.186899 19.530100 26.967501 0.005700 -0.006600 1.000000 0.040200 0.360400

0 31.975800 19.478600 26.925301 0.006500 0.003500 1.000000 0.020500 0.363800
0 26.186899 19.530100 26.967501 0.005700 -0.006600 1.000000 0.040200 0.360400
0 29.038099 18.844700 26.946600 0.007000 -0.002000 1.000000 0.030800 0.363800

0 34.913101 18.733601 26.909201 -0.012200 -0.033800 0.999400 0.010500 0.368200
0 31.975800 19.478600 26.925301 0.006500 0.003500 1.000000 0.020500 0.363800
0 29.038099 18.844700 26.946600 0.007000 -0.002000 1.000000 0.030800 0.363800

0 29.038099 18.844700 26.946600 0.007000 -0.002000 1.000000 0.030800 0.363800
0 34.580200 18.137100 26.882200 -0.013600 -0.041900 0.999000 0.011700 0.369600
0 34.913101 18.733601 26.909201 -0.012200 -0.033800 0.999400 0.010500 0.368200

0 36.852001 16.851000 26.913900 -0.065200 -0.048800 0.996700 0.003800 0.375500
0 34.913101 18.733601 26.909201 -0.012200 -0.033800 0.999400 0.010500 0.368200
0 34.580200 18.137100 26.882200 -0.013600 -0.041900 0.999000 0.011700 0.369600

0 34.580200 18.137100 26.882200 -0.013600 -0.041900 0.999000 0.011700 0.369600
0 36.226101 16.542500 26.854401 -0.068100 -0.054100 0.996200 0.005600 0.376500
0 36.852001 16.851000 26.913900 -0.065200 -0.048800 0.996700 0.003800 0.375500

0 37.059200 13.083200 26.815599 -0.079700 -0.030400 0.996400 0.001500 0.389600
0 36.852001 16.851000 26.913900 -0.065200 -0.048800 0.996700 0.003800 0.375500
0 36.226101 16.542500 26.854401 -0.068100 -0.054100 0.996200 0.005600 0.376500

0 -5.487000 -20.125299 25.893299 -1.000000 0.000000 -0.000100 0.528300 0.615200
0 -5.487000 -19.557699 25.900000 -1.000000 0.000000 -0.000100 0.525900 0.615200
0 -5.484900 -19.298000 4.122700 -1.000000 0.000400 -0.002100 0.524400 0.522200

0 -5.484900 -19.298000 4.122700 -1.000000 0.000400 -0.002100 0.524400 0.522200
0 -5.484900 -19.944000 3.998300 -1.000000 0.000700 -0.002100 0.527300 0.521700
0 -5.487000 -20.125299 25.893299 -1.000000 0.000000 -0.000100 0.528300 0.615200

0 -5.484900 -19.944000 3.998300 -1.000000 0.000700 -0.002100 0.527300 0.521700
0 -5.484900 -19.298000 4.122700 -1.000000 0.000400 -0.002100 0.524400 0.522200
0 -5.474200 -18.649000 1.759400 -1.000000 0.002100 -0.001400 0.521500 0.512000

0 -5.474200 -18.649000 1.759400 -1.000000 0.002100 -0.001400 0.521500 0.512000
0 -5.474200 -19.021400 1.081600 -1.000000 0.001800 -0.001000 0.523400 0.509000
0 -5.484900 -19.944000 3.998300 -1.000000 0.000700 -0.002100 0.527300 0.521700

0 -5.474200 19.021400 1.081600 -1.000000 -0.001800 -0.001000 0.348400 0.509300
0 -5.474200 -19.021400 1.081600 -1.000000 0.001800 -0.001000 0.523400 0.509000
0 -5.474200 -18.649000 1.759400 -1.000000 0.002100 -0.001400 0.521500 0.512000

0 -5.474200 -18.649000 1.759400 -1.000000 0.002100 -0.001400 0.521500 0.512000
0 -5.474200 18.649000 1.759400 -1.000000 -0.002100 -0.001400 0.350100 0.512200
0 -5.474200 19.021400 1.081600 -1.000000 -0.001800 -0.001000 0.348400 0.509300

0 -5.484900 19.944000 3.998300 -1.000000 -0.000700 -0.002100 0.344000 0.521700
0 -5.474200 19.021400 1.081600 -1.000000 -0.001800 -0.001000 0.348400 0.509300
0 -5.474200 18.649000 1.759400 -1.000000 -0.002100 -0.001400 0.350100 0.512200

0 -5.474200 18.649000 1.759400 -1.000000 -0.002100 -0.001400 0.350100 0.512200
0 -5.484900 19.298000 4.122700 -1.000000 -0.000400 -0.002100 0.346900 0.522200
0 -5.484900 19.944000 3.998300 -1.000000 -0.000700 -0.002100 0.344000 0.521700

0 -5.487000 20.125299 25.893299 -1.000000 -0.000000 -0.000100 0.343300 0.615200
0 -5.484900 19.944000 3.998300 -1.000000 -0.000700 -0.002100 0.344000 0.521700
0 -5.484900 19.298000 4.122700 -1.000000 -0.000400 -0.002100 0.346900 0.522200

0 -5.484900 19.298000 4.122700 -1.000000 -0.000400 -0.002100 0.346900 0.522200
0 -5.487000 19.557699 25.900000 -1.000000 -0.000000 -0.000100 0.345700 0.615200
0 -5.487000 20.125299 25.893299 -1.000000 -0.000000 -0.000100 0.343300 0.615200

0 8.670600 -19.418400 27.058500 0.002900 0.000100 1.000000 0.099500 0.508300
0 26.185400 -19.509100 26.965799 0.005500 0.007300 1.000000 0.040300 0.509000
0 29.036600 -18.823099 26.945200 0.007300 0.001900 1.000000 0.030900 0.505600

0 29.036600 -18.823099 26.945200 0.007300 0.001900 1.000000 0.030900 0.505600
0 8.672300 -18.758400 27.058500 0.002900 -0.000000 1.000000 0.099700 0.506100
0 8.670600 -19.418400 27.058500 0.002900 0.000100 1.000000 0.099500 0.508300

0 5.453500 -19.418501 27.059099 0.000100 -0.000000 1.000000 0.110500 0.508300
0 8.670600 -19.418400 27.058500 0.002900 0.000100 1.000000 0.099500 0.508300
0 8.672300 -18.758400 27.058500 0.002900 -0.000000 1.000000 0.099700 0.506100

0 8.672300 -18.758400 27.058500 0.002900 -0.000000 1.000000 0.099700 0.506100
0 5.453500 -18.758499 27.059099 0.000100 0.000000 1.000000 0.110500 0.506100
0 5.453500 -19.418501 27.059099 0.000100 -0.000000 1.000000 0.110500 0.508300

0 -5.447100 -19.418501 27.059000 -0.000100 0.000000 1.000000 0.147100 0.508300
0 5.453500 -19.418501 27.059099 0.000100 -0.000000 1.000000 0.110500 0.508300
0 5.453500 -18.758499 27.059099 0.000100 0.000000 1.000000 0.110500 0.506100

0 5.453500 -18.758499 27.059099 0.000100 0.000000 1.000000 0.110500 0.506100
0 -5.447100 -18.758499 27.059000 -0.000100 -0.000000 1.000000 0.147100 0.506100
0 -5.447100 -19.418501 27.059000 -0.000100 0.000000 1.000000 0.147100 0.508300

0 -8.664200 -19.418301 27.058300 -0.002800 -0.000000 1.000000 0.158000 0.508300
0 -5.447100 -19.418501 27.059000 -0.000100 0.000000 1.000000 0.147100 0.508300
0 -5.447100 -18.758499 27.059000 -0.000100 -0.000000 1.000000 0.147100 0.506100

0 -5.447100 -18.758499 27.059000 -0.000100 -0.000000 1.000000 0.147100 0.506100
0 -8.665900 -18.758301 27.058300 -0.002800 0.000100 1.000000 0.157700 0.506100
0 -8.664200 -19.418301 27.058300 -0.002800 -0.000000 1.000000 0.158000 0.508300

0 -26.177601 -19.508600 26.965200 -0.005700 0.006100 1.000000 0.217300 0.509000
0 -8.664200 -19.418301 27.058300 -0.002800 -0.000000 1.000000 0.158000 0.508300
0 -8.665900 -18.758301 27.058300 -0.002800 0.000100 1.000000 0.157700 0.506100

0 -8.665900 -18.758301 27.058300 -0.002800 0.000100 1.000000 0.157700 0.506100
0 -29.028500 -18.822599 26.944700 -0.006900 0.001900 1.000000 0.226700 0.505600
0 -26.177601 -19.508600 26.965200 -0.005700 0.006100 1.000000 0.217300 0.509000

0 -31.966101 -19.455900 26.923700 -0.006400 -0.003600 1.000000 0.236900 0.505600
0 -26.177601 -19.508600 26.965200 -0.005700 0.006100 1.000000 0.217300 0.509000
0 -29.028500 -18.822599 26.944700 -0.006900 0.001900 1.000000 0.226700 0.505600

0 -34.903301 -18.711300 26.908100 0.012200 0.033400 0.999400 0.247100 0.501200
0 -31.966101 -19.455900 26.923700 -0.006400 -0.003600 1.000000 0.236900 0.505600
0 -29.028500 -18.822599 26.944700 -0.006900 0.001900 1.000000 0.226700 0.505600

0 -29.028500 -18.822599 26.944700 -0.006900 0.001900 1.000000 0.226700 0.505600
0 -34.570499 -18.114700 26.881399 0.013500 0.041400 0.999100 0.245700 0.499500
0 -34.903301 -18.711300 26.908100 0.012200 0.033400 0.999400 0.247100 0.501200

0 -36.842899 -16.829901 26.913300 0.071400 0.035300 0.996800 0.253400 0.493700
0 -34.903301 -18.711300 26.908100 0.012200 0.033400 0.999400 0.247100 0.501200
0 -34.570499 -18.114700 26.881399 0.013500 0.041400 0.999100 0.245700 0.499500

0 -34.570499 -18.114700 26.881399 0.013500 0.041400 0.999100 0.245700 0.499500
0 -36.216999 -16.521200 26.854200 0.075500 0.040300 0.996300 0.251500 0.492700
0 -36.842899 -16.829901 26.913300 0.071400 0.035300 0.996800 0.253400 0.493700

0 -37.240299 -13.391600 26.933001 0.107800 0.122200 0.986600 0.256800 0.481400
0 -36.842899 -16.829901 26.913300 0.071400 0.035300 0.996800 0.253400 0.493700
0 -36.216999 -16.521200 26.854200 0.075500 0.040300 0.996300 0.251500 0.492700

0 -36.216999 -16.521200 26.854200 0.075500 0.040300 0.996300 0.251500 0.492700
0 -36.475300 -13.388100 26.847799 0.056300 0.052800 0.997000 0.254400 0.480500
0 -37.240299 -13.391600 26.933001 0.107800 0.122200 0.986600 0.256800 0.481400

0 -37.050499 -13.058900 26.815701 0.013100 0.119600 0.992700 0.256300 0.479000
0 -37.240299 -13.391600 26.933001 0.107800 0.122200 0.986600 0.256800 0.481400
0 -36.475300 -13.388100 26.847799 0.056300 0.052800 0.997000 0.254400 0.480500

0 -37.050400 13.083300 26.815701 0.013600 -0.121200 0.992500 0.256300 0.390100
0 -37.050499 -13.058900 26.815701 0.013100 0.119600 0.992700 0.256300 0.479000
0 -36.475300 -13.388100 26.847799 0.056300 0.052800 0.997000 0.254400 0.480500

0 -36.475300 -13.388100 26.847799 0.056300 0.052800 0.997000 0.254400 0.480500
0 -36.475498 13.413100 26.848101 0.055300 -0.050900 0.997200 0.254400 0.388700
0 -37.050400 13.083300 26.815701 0.013600 -0.121200 0.992500 0.256300 0.390100

0 -37.241100 13.412300 26.933500 0.110200 -0.121700 0.986400 0.256800 0.388200
0 -37.050400 13.083300 26.815701 0.013600 -0.121200 0.992500 0.256300 0.390100
0 -36.475498 13.413100 26.848101 0.055300 -0.050900 0.997200 0.254400 0.388700

0 -36.843201 16.851000 26.913500 0.078500 -0.035900 0.996300 0.253200 0.376000
0 -37.241100 13.412300 26.933500 0.110200 -0.121700 0.986400 0.256800 0.388200
0 -36.475498 13.413100 26.848101 0.055300 -0.050900 0.997200 0.254400 0.388700

0 -36.475498 13.413100 26.848101 0.055300 -0.050900 0.997200 0.254400 0.388700
0 -36.217300 16.542299 26.854200 0.073600 -0.034000 0.996700 0.251500 0.377000
0 -36.843201 16.851000 26.913500 0.078500 -0.035900 0.996300 0.253200 0.376000

0 -34.904499 18.733101 26.908800 0.015800 -0.041400 0.999000 0.246900 0.368200
0 -36.843201 16.851000 26.913500 0.078500 -0.035900 0.996300 0.253200 0.376000
0 -36.217300 16.542299 26.854200 0.073600 -0.034000 0.996700 0.251500 0.377000

0 -36.217300 16.542299 26.854200 0.073600 -0.034000 0.996700 0.251500 0.377000
0 -34.571602 18.136600 26.882000 0.009700 -0.036000 0.999300 0.245600 0.369600
0 -34.904499 18.733101 26.908800 0.015800 -0.041400 0.999000 0.246900 0.368200

0 -31.967501 19.478100 26.924801 -0.008600 -0.013900 0.999900 0.236900 0.363800
0 -34.904499 18.733101 26.908800 0.015800 -0.041400 0.999000 0.246900 0.368200
0 -34.571602 18.136600 26.882000 0.009700 -0.036000 0.999300 0.245600 0.369600

0 -34.571602 18.136600 26.882000 0.009700 -0.036000 0.999300 0.245600 0.369600
0 -29.030100 18.844200 26.946100 -0.007400 -0.001900 1.000000 0.226600 0.363800
0 -31.967501 19.478100 26.924801 -0.008600 -0.013900 0.999900 0.236900 0.363800

0 -26.179100 19.529600 26.966900 -0.005500 -0.007500 1.000000 0.217300 0.360400
0 -31.967501 19.478100 26.924801 -0.008600 -0.013900 0.999900 0.236900 0.363800
0 -29.030100 18.844200 26.946100 -0.007400 -0.001900 1.000000 0.226600 0.363800

0 -8.664400 19.435600 27.059799 -0.002900 -0.000100 1.000000 0.157800 0.361300
0 -26.179100 19.529600 26.966900 -0.005500 -0.007500 1.000000 0.217300 0.360400
0 -29.030100 18.844200 26.946100 -0.007400 -0.001900 1.000000 0.226600 0.363800

0 -29.030100 18.844200 26.946100 -0.007400 -0.001900 1.000000 0.226600 0.363800
0 -8.666100 18.775600 27.059799 -0.002900 0.000000 1.000000 0.157700 0.363300
0 -8.664400 19.435600 27.059799 -0.002900 -0.000100 1.000000 0.157800 0.361300

0 37.059299 -13.058900 26.815701 -0.045000 0.145500 0.988300 0.001100 0.479500
0 37.059200 13.083200 26.815599 -0.005300 0.000000 1.000000 0.001500 0.389600
0 36.398499 -13.239600 26.812201 -0.053900 0.109600 0.992500 0.003100 0.480000

0 37.248901 -13.391900 26.933599 -0.083600 0.129800 0.988000 0.000700 0.481900
0 37.059299 -13.058900 26.815701 -0.045000 0.145500 0.988300 0.001100 0.479500
0 36.398499 -13.239600 26.812201 -0.053900 0.109600 0.992500 0.003100 0.480000

0 36.398499 -13.239600 26.812201 -0.053900 0.109600 0.992500 0.003100 0.480000
0 36.569599 -13.536400 26.883699 -0.092700 0.088100 0.991800 0.002900 0.481900
0 37.248901 -13.391900 26.933599 -0.083600 0.129800 0.988000 0.000700 0.481900

0 36.851700 -16.830000 26.913799 -0.077200 0.032100 0.996500 0.004000 0.494100
0 37.248901 -13.391900 26.933599 -0.083600 0.129800 0.988000 0.000700 0.481900
0 36.569599 -13.536400 26.883699 -0.092700 0.088100 0.991800 0.002900 0.481900

0 36.569599 -13.536400 26.883699 -0.092700 0.088100 0.991800 0.002900 0.481900
0 36.225800 -16.521299 26.854401 -0.075700 0.030000 0.996700 0.005900 0.493200
0 36.851700 -16.830000 26.913799 -0.077200 0.032100 0.996500 0.004000 0.494100

0 34.911800 -18.711700 26.908501 -0.016100 0.041400 0.999000 0.010500 0.501500
0 36.851700 -16.830000 26.913799 -0.077200 0.032100 0.996500 0.004000 0.494100
0 36.225800 -16.521299 26.854401 -0.075700 0.030000 0.996700 0.005900 0.493200

0 36.225800 -16.521299 26.854401 -0.075700 0.030000 0.996700 0.005900 0.493200
0 34.579102 -18.115101 26.881599 -0.009900 0.036000 0.999300 0.011800 0.500000
0 34.911800 -18.711700 26.908501 -0.016100 0.041400 0.999000 0.010500 0.501500

0 31.974300 -19.456400 26.924101 0.008500 0.013900 0.999900 0.020600 0.505600
0 34.911800 -18.711700 26.908501 -0.016100 0.041400 0.999000 0.010500 0.501500
0 34.579102 -18.115101 26.881599 -0.009900 0.036000 0.999300 0.011800 0.500000

0 34.579102 -18.115101 26.881599 -0.009900 0.036000 0.999300 0.011800 0.500000
0 29.036600 -18.823099 26.945200 0.007300 0.001900 1.000000 0.030900 0.505600
0 31.974300 -19.456400 26.924101 0.008500 0.013900 0.999900 0.020600 0.505600

0 26.185400 -19.509100 26.965799 0.005500 0.007300 1.000000 0.040300 0.509000
0 31.974300 -19.456400 26.924101 0.008500 0.013900 0.999900 0.020600 0.505600
0 29.036600 -18.823099 26.945200 0.007300 0.001900 1.000000 0.030900 0.505600

0 -11.618400 -19.021400 1.081600 0.000000 -0.953400 -0.301600 0.402100 0.693600
0 -8.713000 -19.021400 1.081600 0.000000 -0.953400 -0.301600 0.414300 0.693600
0 -8.723700 -19.944000 3.998300 0.000800 -0.987500 -0.157600 0.414100 0.705600

0 -8.723700 -19.944000 3.998300 0.000800 -0.987500 -0.157600 0.414100 0.705600
0 -13.776000 -19.944000 3.998300 0.000000 -0.994600 -0.103900 0.393100 0.705600
0 -11.618400 -19.021400 1.081600 0.000000 -0.953400 -0.301600 0.402100 0.693600

0 -21.965200 -20.111900 18.862101 0.001100 -1.000000 -0.004900 0.358900 0.765300
0 -13.776000 -19.944000 3.998300 0.000000 -0.994600 -0.103900 0.393100 0.705600
0 -8.723700 -19.944000 3.998300 0.000800 -0.987500 -0.157600 0.414100 0.705600

0 -8.723700 -19.944000 3.998300 0.000800 -0.987500 -0.157600 0.414100 0.705600
0 -8.725800 -20.125299 25.893299 0.002300 -1.000000 -0.006300 0.414100 0.793600
0 -21.965200 -20.111900 18.862101 0.001100 -1.000000 -0.004900 0.358900 0.765300

0 -21.965200 -20.111900 18.862101 0.001100 -1.000000 -0.004900 0.358900 0.765300
0 -8.725800 -20.125299 25.893299 0.002300 -1.000000 -0.006300 0.414100 0.793600
0 -25.762600 -20.125299 25.893299 -0.005900 -1.000000 -0.003200 0.343000 0.793600

0 -25.762600 -20.125299 25.893299 -0.005900 -1.000000 -0.003200 0.343000 0.793600
0 -24.007000 -20.113001 20.055500 -0.003700 -1.000000 -0.003200 0.350300 0.770400
0 -21.965200 -20.111900 18.862101 0.001100 -1.000000 -0.004900 0.358900 0.765300

0 -30.794901 -20.052200 20.055500 -0.062900 -0.997900 -0.017600 0.322000 0.770400
0 -24.007000 -20.113001 20.055500 -0.003700 -1.000000 -0.003200 0.350300 0.770400
0 -25.762600 -20.125299 25.893299 -0.005900 -1.000000 -0.003200 0.343000 0.793600

0 -25.762600 -20.125299 25.893299 -0.005900 -1.000000 -0.003200 0.343000 0.793600
0 -32.364799 -20.052200 25.893299 -0.102300 -0.994700 -0.011000 0.315400 0.793600
0 -30.794901 -20.052200 20.055500 -0.062900 -0.997900 -0.017600 0.322000 0.770400

0 -36.077400 -19.323799 20.055500 -0.495000 -0.868800 -0.013500 0.300000 0.770400
0 -30.794901 -20.052200 20.055500 -0.062900 -0.997900 -0.017600 0.322000 0.770400
0 -32.364799 -20.052200 25.893299 -0.102300 -0.994700 -0.011000 0.315400 0.793600

0 -32.364799 -20.052200 25.893299 -0.102300 -0.994700 -0.011000 0.315400 0.793600
0 -36.077400 -19.323799 25.893299 -0.509000 -0.860800 0.000000 0.300000 0.793600
0 -36.077400 -19.323799 20.055500 -0.495000 -0.868800 -0.013500 0.300000 0.770400

0 -36.077400 -19.323799 20.055500 -0.495000 -0.868800 -0.013500 0.300000 0.770400
0 -36.077400 -19.323799 25.893299 -0.509000 -0.860800 0.000000 0.300000 0.793600
0 -38.035099 -16.983299 25.893299 -0.919700 -0.392700 -0.000700 0.289800 0.793600

0 -38.035099 -16.983299 25.893299 -0.919700 -0.392700 -0.000700 0.289800 0.793600
0 -38.035099 -16.956900 20.055500 -0.924900 -0.380000 -0.008800 0.289800 0.770400
0 -36.077400 -19.323799 20.055500 -0.495000 -0.868800 -0.013500 0.300000 0.770400

0 -38.035099 -16.956900 20.055500 -0.924900 -0.380000 -0.008800 0.289800 0.770400
0 -38.035099 -16.983299 25.893299 -0.919700 -0.392700 -0.000700 0.289800 0.793600
0 -38.455898 -13.199900 25.893299 -0.998500 -0.054700 -0.009200 0.273400 0.794300

0 -38.455898 -13.199900 25.893299 -0.998500 -0.054700 -0.009200 0.273400 0.794300
0 -38.352001 -12.909900 20.055500 -0.999200 -0.039900 -0.010500 0.272000 0.770400
0 -38.035099 -16.956900 20.055500 -0.924900 -0.380000 -0.008800 0.289800 0.770400

0 -38.455898 -5.449100 19.206900 -1.000000 -0.003900 0.000300 0.239900 0.767600
0 -38.352001 -12.909900 20.055500 -0.999200 -0.039900 -0.010500 0.272000 0.770400
0 -38.455898 -13.199900 25.893299 -0.998500 -0.054700 -0.009200 0.273400 0.794300

0 -38.427700 -11.213100 18.752899 -0.999600 -0.012300 0.026400 0.264900 0.765700
0 -38.352001 -12.909900 20.055500 -0.999200 -0.039900 -0.010500 0.272000 0.770400
0 -38.455898 -5.449100 19.206900 -1.000000 -0.003900 0.000300 0.239900 0.767600

0 -38.455898 -5.449100 19.206900 -1.000000 -0.003900 0.000300 0.239900 0.767600
0 -38.455898 -6.414500 17.902800 -1.000000 -0.005700 0.001100 0.244000 0.762300
0 -38.427700 -11.213100 18.752899 -0.999600 -0.012300 0.026400 0.264900 0.765700

0 -38.427700 -11.213100 18.752899 -0.999600 -0.012300 0.026400 0.264900 0.765700
0 -38.455898 -6.414500 17.902800 -1.000000 -0.005700 0.001100 0.244000 0.762300
0 -38.455898 -3.530100 7.615700 -0.997500 -0.024100 -0.065800 0.231400 0.721400

0 -38.455898 -3.530100 7.615700 -0.997500 -0.024100 -0.065800 0.231400 0.721400
0 -38.109100 -7.026700 3.998300 -0.966900 -0.020500 -0.254200 0.246600 0.706800
0 -38.427700 -11.213100 18.752899 -0.999600 -0.012300 0.026400 0.264900 0.765700

0 -38.109100 -7.026700 3.998300 -0.966900 -0.020500 -0.254200 0.246600 0.706800
0 -38.455898 -3.530100 7.615700 -0.997500 -0.024100 -0.065800 0.231400 0.721400
0 -38.109100 -4.982600 3.998300 -0.949300 0.000000 -0.314400 0.237800 0.706800

0 -38.455898 5.449100 19.206900 -1.000000 0.003900 0.000300 0.192500 0.767600
0 -38.455898 -5.449100 19.206900 -1.000000 -0.003900 0.000300 0.239900 0.767600
0 -38.455898 -13.199900 25.893299 -0.998500 -0.054700 -0.009200 0.273400 0.794300

0 -38.455898 -13.199900 25.893299 -0.998500 -0.054700 -0.009200 0.273400 0.794300
0 -38.455898 13.199900 25.893299 -0.998500 0.054700 -0.009200 0.158800 0.794300
0 -38.455898 5.449100 19.206900 -1.000000 0.003900 0.000300 0.192500 0.767600

0 -38.455898 -3.530100 7.615700 -0.997500 -0.024100 -0.065800 0.231400 0.721400
0 -38.455898 3.530100 7.615700 -0.997500 0.036300 -0.060500 0.200800 0.721400
0 -38.109100 4.982600 3.998300 -0.949300 0.000000 -0.314400 0.194600 0.706800

0 -38.109100 4.982600 3.998300 -0.949300 0.000000 -0.314400 0.194600 0.706800
0 -38.109100 -4.982600 3.998300 -0.949300 0.000000 -0.314400 0.237800 0.706800
0 -38.455898 -3.530100 7.615700 -0.997500 -0.024100 -0.065800 0.231400 0.721400

0 -36.344799 -5.919300 1.081600 -0.855600 0.000000 -0.517600 0.241800 0.694300
0 -38.109100 -7.026700 3.998300 -0.966900 -0.020500 -0.254200 0.246600 0.706800
0 -38.109100 -4.982600 3.998300 -0.949300 0.000000 -0.314400 0.237800 0.706800

0 -36.344799 5.919300 1.081600 -0.855600 0.000000 -0.517600 0.190400 0.694300
0 -36.344799 -5.919300 1.081600 -0.855600 0.000000 -0.517600 0.241800 0.694300
0 -38.109100 -4.982600 3.998300 -0.949300 0.000000 -0.314400 0.237800 0.706800

0 -38.109100 -4.982600 3.998300 -0.949300 0.000000 -0.314400 0.237800 0.706800
0 -38.109100 4.982600 3.998300 -0.949300 0.000000 -0.314400 0.194600 0.706800
0 -36.344799 5.919300 1.081600 -0.855600 0.000000 -0.517600 0.190400 0.694300

0 -36.344799 5.919300 1.081600 -0.855600 0.000000 -0.517600 0.190400 0.694300
0 -38.109100 4.982600 3.998300 -0.949300 0.000000 -0.314400 0.194600 0.706800
0 -38.109100 7.026700 3.998300 -0.968300 0.019500 -0.249000 0.185700 0.706800

0 -38.109100 7.026700 3.998300 -0.968300 0.019500 -0.249000 0.185700 0.706800
0 -38.109100 4.982600 3.998300 -0.949300 0.000000 -0.314400 0.194600 0.706800
0 -38.455898 3.530100 7.615700 -0.997500 0.036300 -0.060500 0.200800 0.721400

0 -38.455898 3.530100 7.615700 -0.997500 0.036300 -0.060500 0.200800 0.721400
0 -38.455898 6.414500 17.902800 -0.999900 0.012900 -0.010000 0.188400 0.762300
0 -38.109100 7.026700 3.998300 -0.968300 0.019500 -0.249000 0.185700 0.706800

0 -38.427700 11.213100 18.752899 -0.999700 0.008800 0.022900 0.167500 0.765700
0 -38.109100 7.026700 3.998300 -0.968300 0.019500 -0.249000 0.185700 0.706800
0 -38.455898 6.414500 17.902800 -0.999900 0.012900 -0.010000 0.188400 0.762300

0 -38.427700 11.213100 18.752899 -0.999700 0.008800 0.022900 0.167500 0.765700
0 -38.455898 6.414500 17.902800 -0.999900 0.012900 -0.010000 0.188400 0.762300
0 -38.455898 5.449100 19.206900 -1.000000 0.003900 0.000300 0.192500 0.767600

0 -38.455898 5.449100 19.206900 -1.000000 0.003900 0.000300 0.192500 0.767600
0 -38.352001 12.909900 20.055500 -0.999200 0.039900 -0.010500 0.160200 0.770400
0 -38.427700 11.213100 18.752899 -0.999700 0.008800 0.022900 0.167500 0.765700

0 -38.455898 13.199900 25.893299 -0.998500 0.054700 -0.009200 0.158800 0.794300
0 -38.352001 12.909900 20.055500 -0.999200 0.039900 -0.010500 0.160200 0.770400
0 -38.455898 5.449100 19.206900 -1.000000 0.003900 0.000300 0.192500 0.767600

0 13.069300 -16.053600 30.261499 -0.966100 -0.257500 -0.019100 0.507300 0.955700
0 13.123500 -16.254400 27.679600 -0.967700 -0.252000 -0.000700 0.518600 0.956600
0 13.266600 -16.803900 27.683901 -0.967700 -0.252100 -0.000700 0.518600 0.959200

0 13.266600 -16.803900 27.683901 -0.967700 -0.252100 -0.000700 0.518600 0.959200
0 13.223300 -16.644800 30.441401 -0.963100 -0.268800 -0.014000 0.506300 0.958500
0 13.069300 -16.053600 30.261499 -0.966100 -0.257500 -0.019100 0.507300 0.955700

0 12.857400 -15.543500 32.022301 -0.935700 -0.352000 0.022600 0.500000 0.953100
0 13.069300 -16.053600 30.261499 -0.966100 -0.257500 -0.019100 0.507300 0.955700
0 13.223300 -16.644800 30.441401 -0.963100 -0.268800 -0.014000 0.506300 0.958500

0 13.223300 -16.644800 30.441401 -0.963100 -0.268800 -0.014000 0.506300 0.958500
0 13.103300 -16.204201 32.244999 -0.939900 -0.340100 0.028800 0.499000 0.956400
0 12.857400 -15.543500 32.022301 -0.935700 -0.352000 0.022600 0.500000 0.953100

0 12.857400 -15.543500 32.022301 -0.935700 -0.352000 0.022600 0.500000 0.953100
0 13.103300 -16.204201 32.244999 -0.939900 -0.340100 0.028800 0.499000 0.956400
0 12.934800 -15.585300 33.618500 -0.924400 -0.360500 0.124200 0.493200 0.953400

0 12.934800 -15.585300 33.618500 -0.924400 -0.360500 0.124200 0.493200 0.953400
0 12.601600 -14.962100 33.108200 -0.925600 -0.329000 0.187500 0.495400 0.950200
0 12.857400 -15.543500 32.022301 -0.935700 -0.352000 0.022600 0.500000 0.953100

0 12.601600 -14.962100 33.108200 -0.925600 -0.329000 0.187500 0.495400 0.950200
0 12.934800 -15.585300 33.618500 -0.924400 -0.360500 0.124200 0.493200 0.953400
0 12.039700 -12.149400 33.618500 -0.973700 -0.227200 0.018200 0.493200 0.937100

0 12.039700 -12.149400 33.618500 -0.973700 -0.227200 0.018200 0.493200 0.937100
0 12.039700 -12.149400 33.174599 -0.974600 -0.223900 0.000000 0.494900 0.937100
0 12.601600 -14.962100 33.108200 -0.925600 -0.329000 0.187500 0.495400 0.950200

0 12.039700 -12.149400 33.174599 -0.974600 -0.223900 0.000000 0.494900 0.937100
0 12.039700 -12.149400 33.618500 -0.973700 -0.227200 0.018200 0.493200 0.937100
0 8.178200 2.673000 33.618500 -0.967700 -0.252100 0.000000 0.493200 0.866600

0 8.178200 2.673000 33.618500 -0.967700 -0.252100 0.000000 0.493200 0.866600
0 8.178200 2.673000 33.174599 -0.967700 -0.252100 0.000000 0.494900 0.866600
0 12.039700 -12.149400 33.174599 -0.974600 -0.223900 0.000000 0.494900 0.937100

0 8.178200 2.673000 33.174599 -0.967700 -0.252100 0.000000 0.494900 0.866600
0 8.178200 2.673000 33.618500 -0.967700 -0.252100 0.000000 0.493200 0.866600
0 4.316800 17.495001 33.618500 -0.960800 -0.276700 0.018200 0.493200 0.796000

0 4.316800 17.495001 33.618500 -0.960800 -0.276700 0.018200 0.493200 0.796000
0 4.316800 17.495001 33.174599 -0.960000 -0.280100 0.000000 0.494900 0.796000
0 8.178200 2.673000 33.174599 -0.967700 -0.252100 0.000000 0.494900 0.866600

0 3.434400 20.226200 33.108200 -0.968500 -0.164100 0.187400 0.495400 0.782800
0 4.316800 17.495001 33.174599 -0.960000 -0.280100 0.000000 0.494900 0.796000
0 4.316800 17.495001 33.618500 -0.960800 -0.276700 0.018200 0.493200 0.796000

0 4.316800 17.495001 33.618500 -0.960800 -0.276700 0.018200 0.493200 0.796000
0 3.421700 20.930799 33.618500 -0.982800 -0.136100 0.124500 0.493200 0.779800
0 3.434400 20.226200 33.108200 -0.968500 -0.164100 0.187400 0.495400 0.782800

0 3.374400 20.857401 32.022301 -0.988600 -0.149100 0.022600 0.500000 0.779900
0 3.434400 20.226200 33.108200 -0.968500 -0.164100 0.187400 0.495400 0.782800
0 3.421700 20.930799 33.618500 -0.982800 -0.136100 0.124500 0.493200 0.779800

0 3.421700 20.930799 33.618500 -0.982800 -0.136100 0.124500 0.493200 0.779800
0 3.266900 21.553200 32.244999 -0.986400 -0.161600 0.028800 0.499000 0.776700
0 3.374400 20.857401 32.022301 -0.988600 -0.149100 0.022600 0.500000 0.779900

0 3.374400 20.857401 32.022301 -0.988600 -0.149100 0.022600 0.500000 0.779900
0 3.266900 21.553200 32.244999 -0.986400 -0.161600 0.028800 0.499000 0.776700
0 3.156700 21.996300 30.441401 -0.971800 -0.235300 -0.014000 0.506300 0.774700

0 3.156700 21.996300 30.441401 -0.971800 -0.235300 -0.014000 0.506300 0.774700
0 3.310700 21.405100 30.261499 -0.968900 -0.246600 -0.019100 0.507300 0.777500
0 3.374400 20.857401 32.022301 -0.988600 -0.149100 0.022600 0.500000 0.779900

0 3.310700 21.405100 30.261499 -0.968900 -0.246600 -0.019100 0.507300 0.777500
0 3.156700 21.996300 30.441401 -0.971800 -0.235300 -0.014000 0.506300 0.774700
0 3.116800 22.156200 27.683901 -0.967700 -0.252200 -0.000700 0.518100 0.773900

0 3.116800 22.156200 27.683901 -0.967700 -0.252200 -0.000700 0.518100 0.773900
0 3.260000 21.606800 27.679600 -0.967700 -0.252200 -0.000700 0.518100 0.776600
0 3.310700 21.405100 30.261499 -0.968900 -0.246600 -0.019100 0.507300 0.777500

0 8.713000 18.648001 1.758800 0.000100 0.964300 -0.265000 0.990700 0.536100
0 5.474200 18.649000 1.759400 0.000200 0.964300 -0.264800 0.990700 0.549800
0 5.484900 19.298000 4.122700 0.000100 0.990200 -0.139800 0.978500 0.549800

0 5.484900 19.298000 4.122700 0.000100 0.990200 -0.139800 0.978500 0.549800
0 8.723700 19.297899 4.122500 0.000000 0.990200 -0.139500 0.978500 0.536100
0 8.713000 18.648001 1.758800 0.000100 0.964300 -0.265000 0.990700 0.536100

0 8.725800 19.557699 25.900000 0.000000 0.999000 0.045500 0.868200 0.536100
0 8.723700 19.297899 4.122500 0.000000 0.990200 -0.139500 0.978500 0.536100
0 5.484900 19.298000 4.122700 0.000100 0.990200 -0.139800 0.978500 0.549800

0 5.484900 19.298000 4.122700 0.000100 0.990200 -0.139800 0.978500 0.549800
0 5.487000 19.557699 25.900000 0.000000 0.998900 0.046900 0.868200 0.549800
0 8.725800 19.557699 25.900000 0.000000 0.999000 0.045500 0.868200 0.536100

0 8.725800 19.557699 25.900000 0.000000 0.999000 0.045500 0.868200 0.536100
0 5.487000 19.557699 25.900000 0.000000 0.998900 0.046900 0.868200 0.549800
0 5.453600 19.435801 27.060699 0.000000 0.994500 0.104500 0.860400 0.549800

0 5.453600 19.435801 27.060699 0.000000 0.994500 0.104500 0.860400 0.549800
0 8.670700 19.435699 27.059999 0.000100 0.994500 0.104600 0.860400 0.536100
0 8.725800 19.557699 25.900000 0.000000 0.999000 0.045500 0.868200 0.536100

0 5.487000 20.125299 25.893299 1.000000 -0.000000 -0.000100 0.508300 0.532200
0 5.487000 19.557699 25.900000 1.000000 -0.000000 -0.000100 0.505900 0.532200
0 5.484900 19.298000 4.122700 1.000000 -0.000400 -0.002100 0.504900 0.625200

0 5.484900 19.298000 4.122700 1.000000 -0.000400 -0.002100 0.504900 0.625200
0 5.484900 19.944000 3.998300 1.000000 -0.000700 -0.002100 0.507800 0.625700
0 5.487000 20.125299 25.893299 1.000000 -0.000000 -0.000100 0.508300 0.532200

0 5.484900 19.944000 3.998300 1.000000 -0.000700 -0.002100 0.507800 0.625700
0 5.484900 19.298000 4.122700 1.000000 -0.000400 -0.002100 0.504900 0.625200
0 5.474200 18.649000 1.759400 1.000000 -0.002100 -0.001400 0.501500 0.635300

0 5.474200 18.649000 1.759400 1.000000 -0.002100 -0.001400 0.501500 0.635300
0 5.474200 19.021400 1.081600 1.000000 -0.001800 -0.001000 0.503400 0.638200
0 5.484900 19.944000 3.998300 1.000000 -0.000700 -0.002100 0.507800 0.625700

0 5.474200 19.021400 1.081600 1.000000 -0.001800 -0.001000 0.503400 0.638200
0 5.474200 18.649000 1.759400 1.000000 -0.002100 -0.001400 0.501500 0.635300
0 5.474200 -18.649000 1.759400 1.000000 0.002100 -0.001400 0.330100 0.635300

0 5.474200 -18.649000 1.759400 1.000000 0.002100 -0.001400 0.330100 0.635300
0 5.474200 -19.021400 1.081600 1.000000 0.001800 -0.001000 0.328400 0.638200
0 5.474200 19.021400 1.081600 1.000000 -0.001800 -0.001000 0.503400 0.638200

0 5.484900 -19.944000 3.998300 1.000000 0.000700 -0.002100 0.324000 0.625700
0 5.474200 -19.021400 1.081600 1.000000 0.001800 -0.001000 0.328400 0.638200
0 5.474200 -18.649000 1.759400 1.000000 0.002100 -0.001400 0.330100 0.635300

0 5.474200 -18.649000 1.759400 1.000000 0.002100 -0.001400 0.330100 0.635300
0 5.484900 -19.298000 4.122700 1.000000 0.000400 -0.002100 0.327100 0.625200
0 5.484900 -19.944000 3.998300 1.000000 0.000700 -0.002100 0.324000 0.625700

0 5.487000 -20.125299 25.893299 1.000000 0.000000 -0.000100 0.323200 0.532200
0 5.484900 -19.944000 3.998300 1.000000 0.000700 -0.002100 0.324000 0.625700
0 5.484900 -19.298000 4.122700 1.000000 0.000400 -0.002100 0.327100 0.625200

0 5.484900 -19.298000 4.122700 1.000000 0.000400 -0.002100 0.327100 0.625200
0 5.487000 -19.557699 25.900000 1.000000 0.000000 -0.000100 0.325900 0.532200
0 5.487000 -20.125299 25.893299 1.000000 0.000000 -0.000100 0.323200 0.532200

0 -8.713000 18.648001 1.758800 0.000200 0.000000 -1.000000 0.461700 0.819700
0 -5.474200 18.649000 1.759400 0.000200 0.000000 -1.000000 0.447800 0.819700
0 -5.474200 -18.649000 1.759400 0.000200 0.000000 -1.000000 0.447800 0.659200

0 -5.474200 -18.649000 1.759400 0.000200 0.000000 -1.000000 0.447800 0.659200
0 -8.713000 -18.648001 1.758800 0.000200 0.000000 -1.000000 0.461700 0.659200
0 -8.713000 18.648001 1.758800 0.000200 0.000000 -1.000000 0.461700 0.819700

0 -8.713000 -18.648001 1.758800 -0.000100 -0.964300 -0.265000 0.537600 0.578400
0 -5.474200 -18.649000 1.759400 -0.000200 -0.964300 -0.264800 0.537600 0.563700
0 -5.484900 -19.298000 4.122700 -0.000100 -0.990200 -0.139700 0.550300 0.563700

0 -5.484900 -19.298000 4.122700 -0.000100 -0.990200 -0.139700 0.550300 0.563700
0 -8.723700 -19.297899 4.122500 -0.000000 -0.990200 -0.139500 0.550300 0.578400
0 -8.713000 -18.648001 1.758800 -0.000100 -0.964300 -0.265000 0.537600 0.578400

0 -8.723700 -19.297899 4.122500 -0.000000 -0.990200 -0.139500 0.550300 0.578400
0 -5.484900 -19.298000 4.122700 -0.000100 -0.990200 -0.139700 0.550300 0.563700
0 -5.487000 -19.557699 25.900000 -0.000000 -0.998500 0.054500 0.667000 0.563700

0 -5.487000 -19.557699 25.900000 -0.000000 -0.998500 0.054500 0.667000 0.563700
0 -8.725800 -19.557699 25.900000 -0.000000 -0.998600 0.052700 0.667000 0.578400
0 -8.723700 -19.297899 4.122500 -0.000000 -0.990200 -0.139500 0.550300 0.578400

0 -8.725800 -19.557699 25.900000 -0.000000 -0.998600 0.052700 0.667000 0.578400
0 -5.487000 -19.557699 25.900000 -0.000000 -0.998500 0.054500 0.667000 0.563700
0 -5.447100 -19.418501 27.059000 -0.000000 -0.992900 0.119300 0.672900 0.563700

0 -5.447100 -19.418501 27.059000 -0.000000 -0.992900 0.119300 0.672900 0.563700
0 -8.664200 -19.418301 27.058300 -0.000100 -0.992800 0.119500 0.672900 0.578400
0 -8.725800 -19.557699 25.900000 -0.000000 -0.998600 0.052700 0.667000 0.578400

0 -8.713000 19.021400 1.081600 0.000000 0.000000 -1.000000 0.436800 0.813400
0 -8.713000 -19.021400 1.081600 0.000000 0.000000 -1.000000 0.437300 0.958700
0 -11.618400 -18.287100 1.081600 0.000000 0.000000 -1.000000 0.426000 0.955900

0 -11.618400 -18.287100 1.081600 0.000000 0.000000 -1.000000 0.426000 0.955900
0 -11.618400 18.287100 1.081600 0.000000 0.000000 -1.000000 0.425500 0.816200
0 -8.713000 19.021400 1.081600 0.000000 0.000000 -1.000000 0.436800 0.813400

0 15.706500 -18.903900 27.955900 1.000000 0.000000 0.000000 0.301500 0.448700
0 15.706500 -19.241899 27.419100 1.000000 0.000000 0.000000 0.307400 0.445300
0 15.706500 -18.844101 26.925699 1.000000 0.000000 0.000000 0.313500 0.452100

0 15.706500 -18.844101 26.925699 1.000000 0.000000 0.000000 0.313500 0.452100
0 15.706500 -18.282801 27.789400 1.000000 0.000000 0.000000 0.301300 0.455600
0 15.706500 -18.903900 27.955900 1.000000 0.000000 0.000000 0.301500 0.448700

0 15.706500 -18.282801 27.789400 1.000000 0.000000 0.000000 0.301300 0.455600
0 15.706500 -18.844101 26.925699 1.000000 0.000000 0.000000 0.313500 0.452100
0 15.706500 -18.247200 27.156099 1.000000 0.000000 0.000000 0.307400 0.459000

0 5.453500 -19.418501 27.059099 -0.000000 -0.992900 0.119200 0.197000 0.972800
0 -5.447100 -19.418501 27.059000 -0.000000 -0.992900 0.119200 0.146200 0.972900
0 -5.487000 -19.557699 25.900000 -0.000000 -0.992900 0.119200 0.146000 0.967300

0 -5.487000 -19.557699 25.900000 -0.000000 -0.992900 0.119200 0.146000 0.967300
0 5.487000 -19.557699 25.900000 0.000000 -0.992900 0.119200 0.197100 0.967300
0 5.453500 -19.418501 27.059099 -0.000000 -0.992900 0.119200 0.197000 0.972800

0 -5.447200 19.435801 27.060499 -0.000000 0.994500 0.104500 0.197500 0.991100
0 5.453600 19.435801 27.060699 -0.000000 0.994500 0.104400 0.146900 0.991100
0 5.487000 19.557699 25.900000 -0.000000 0.994500 0.104400 0.146500 0.983700

0 5.487000 19.557699 25.900000 -0.000000 0.994500 0.104400 0.146500 0.983700
0 -5.487000 19.557699 25.900000 0.000000 0.994500 0.104500 0.197600 0.983800
0 -5.447200 19.435801 27.060499 -0.000000 0.994500 0.104500 0.197500 0.991100

0 -38.455898 -6.414500 17.902800 0.000000 0.962900 0.270000 0.375000 0.529100
0 -37.414200 -6.414500 17.902800 0.000000 0.962900 0.270000 0.367700 0.529100
0 -37.414200 -3.530100 7.615700 0.000000 0.962900 0.270000 0.367400 0.550500

0 -37.414200 -3.530100 7.615700 0.000000 0.962900 0.270000 0.367400 0.550500
0 -38.455898 -3.530100 7.615700 0.000000 0.962900 0.270000 0.375000 0.550800
0 -38.455898 -6.414500 17.902800 0.000000 0.962900 0.270000 0.375000 0.529100

0 -36.344799 -5.919300 1.081600 0.000000 -0.934900 -0.355000 0.256100 0.617200
0 -35.581001 -5.919300 1.081600 0.000000 -0.934900 -0.355000 0.256100 0.614500
0 -37.308300 -7.026700 3.998300 0.000000 -0.947400 -0.320200 0.260000 0.620600

0 -37.308300 -7.026700 3.998300 0.000000 -0.947400 -0.320200 0.260000 0.620600
0 -38.109100 -7.026700 3.998300 0.000000 -0.952100 -0.305900 0.260000 0.623300
0 -36.344799 -5.919300 1.081600 0.000000 -0.934900 -0.355000 0.256100 0.617200

0 -38.109100 -7.026700 3.998300 0.000000 -0.952100 -0.305900 0.260000 0.623300
0 -37.308300 -7.026700 3.998300 0.000000 -0.947400 -0.320200 0.260000 0.620600
0 -37.620300 -11.213100 18.752899 -0.000000 -0.826700 -0.562600 0.275400 0.621800

0 -37.620300 -11.213100 18.752899 -0.000000 -0.826700 -0.562600 0.275400 0.621800
0 -38.427700 -11.213100 18.752899 0.000000 -0.828300 -0.560300 0.275400 0.624500
0 -38.109100 -7.026700 3.998300 0.000000 -0.952100 -0.305900 0.260000 0.623300

0 -38.352001 -12.909900 20.055500 -0.000200 -0.333400 -0.942800 0.281500 0.624300
0 -38.427700 -11.213100 18.752899 0.000000 -0.828300 -0.560300 0.275400 0.624500
0 -37.620300 -11.213100 18.752899 -0.000000 -0.826700 -0.562600 0.275400 0.621800

0 -37.620300 -11.213100 18.752899 -0.000000 -0.826700 -0.562600 0.275400 0.621800
0 -37.551399 -12.910400 20.055500 -0.000200 -0.310800 -0.950500 0.281500 0.621300
0 -38.352001 -12.909900 20.055500 -0.000200 -0.333400 -0.942800 0.281500 0.624300

0 -38.035099 -16.956900 20.055500 0.000000 0.000000 -1.000000 0.296100 0.623300
0 -38.352001 -12.909900 20.055500 -0.000200 -0.333400 -0.942800 0.281500 0.624300
0 -37.551399 -12.910400 20.055500 -0.000200 -0.310800 -0.950500 0.281500 0.621300

0 -37.551399 -12.910400 20.055500 -0.000200 -0.310800 -0.950500 0.281500 0.621300
0 -37.257801 -16.952000 20.055500 0.000000 0.000000 -1.000000 0.296100 0.620600
0 -38.035099 -16.956900 20.055500 0.000000 0.000000 -1.000000 0.296100 0.623300

0 -36.077400 -19.323799 20.055500 0.000000 0.000000 -1.000000 0.304700 0.616500
0 -38.035099 -16.956900 20.055500 0.000000 0.000000 -1.000000 0.296100 0.623300
0 -37.257801 -16.952000 20.055500 0.000000 0.000000 -1.000000 0.296100 0.620600

0 -37.257801 -16.952000 20.055500 0.000000 0.000000 -1.000000 0.296100 0.620600
0 -35.564098 -18.834000 20.055500 0.000000 0.000000 -1.000000 0.303000 0.614500
0 -36.077400 -19.323799 20.055500 0.000000 0.000000 -1.000000 0.304700 0.616500

0 -30.794901 -20.052200 20.055500 0.000000 0.000000 -1.000000 0.307400 0.597900
0 -36.077400 -19.323799 20.055500 0.000000 0.000000 -1.000000 0.304700 0.616500
0 -35.564098 -18.834000 20.055500 0.000000 0.000000 -1.000000 0.303000 0.614500

0 -35.564098 -18.834000 20.055500 0.000000 0.000000 -1.000000 0.303000 0.614500
0 -30.646500 -19.306900 20.055500 0.000000 0.000000 -1.000000 0.304700 0.597400
0 -30.794901 -20.052200 20.055500 0.000000 0.000000 -1.000000 0.307400 0.597900

0 8.725800 -20.125299 25.893299 -1.000000 -0.000000 0.000100 0.317400 0.531700
0 8.725800 -19.557699 25.900000 -1.000000 -0.000000 0.000100 0.314900 0.531700
0 8.723700 -19.297899 4.122500 -1.000000 -0.000400 0.002100 0.313700 0.624800

0 8.723700 -19.297899 4.122500 -1.000000 -0.000400 0.002100 0.313700 0.624800
0 8.723700 -19.944000 3.998300 -1.000000 -0.000700 0.002100 0.316700 0.625200
0 8.725800 -20.125299 25.893299 -1.000000 -0.000000 0.000100 0.317400 0.531700

0 8.723700 -19.944000 3.998300 -1.000000 -0.000700 0.002100 0.316700 0.625200
0 8.723700 -19.297899 4.122500 -1.000000 -0.000400 0.002100 0.313700 0.624800
0 8.713000 -18.648001 1.758800 -1.000000 -0.002100 0.001400 0.310800 0.634800

0 8.713000 -18.648001 1.758800 -1.000000 -0.002100 0.001400 0.310800 0.634800
0 8.713000 -19.021400 1.081600 -1.000000 -0.001800 0.001000 0.312500 0.637700
0 8.723700 -19.944000 3.998300 -1.000000 -0.000700 0.002100 0.316700 0.625200

0 8.713000 -19.021400 1.081600 -1.000000 -0.001800 0.001000 0.312500 0.637700
0 8.713000 -18.648001 1.758800 -1.000000 -0.002100 0.001400 0.310800 0.634800
0 8.713000 18.648001 1.758800 -1.000000 0.002100 0.001400 0.138900 0.634800

0 8.713000 18.648001 1.758800 -1.000000 0.002100 0.001400 0.138900 0.634800
0 8.713000 19.021400 1.081600 -1.000000 0.001800 0.001000 0.137200 0.637700
0 8.713000 -19.021400 1.081600 -1.000000 -0.001800 0.001000 0.312500 0.637700

0 8.723700 19.944000 3.998300 -1.000000 0.000700 0.002100 0.133100 0.625200
0 8.713000 19.021400 1.081600 -1.000000 0.001800 0.001000 0.137200 0.637700
0 8.713000 18.648001 1.758800 -1.000000 0.002100 0.001400 0.138900 0.634800

0 8.713000 18.648001 1.758800 -1.000000 0.002100 0.001400 0.138900 0.634800
0 8.723700 19.297899 4.122500 -1.000000 0.000400 0.002100 0.136000 0.624800
0 8.723700 19.944000 3.998300 -1.000000 0.000700 0.002100 0.133100 0.625200

0 8.725800 20.125299 25.893299 -1.000000 0.000000 0.000100 0.132100 0.531700
0 8.723700 19.944000 3.998300 -1.000000 0.000700 0.002100 0.133100 0.625200
0 8.723700 19.297899 4.122500 -1.000000 0.000400 0.002100 0.136000 0.624800

0 8.723700 19.297899 4.122500 -1.000000 0.000400 0.002100 0.136000 0.624800
0 8.725800 19.557699 25.900000 -1.000000 0.000000 0.000100 0.134800 0.531700
0 8.725800 20.125299 25.893299 -1.000000 0.000000 0.000100 0.132100 0.531700

0 5.487000 -19.557699 25.900000 0.000000 -0.011800 0.999900 0.197100 0.967300
0 -5.487000 -19.557699 25.900000 0.000000 -0.011800 0.999900 0.146000 0.967300
0 -5.487000 -20.125299 25.893299 0.000000 -0.011800 0.999900 0.145800 0.967100

0 -5.487000 -20.125299 25.893299 0.000000 -0.011800 0.999900 0.145800 0.967100
0 5.487000 -20.125299 25.893299 0.000000 -0.011800 0.999900 0.196900 0.967100
0 5.487000 -19.557699 25.900000 0.000000 -0.011800 0.999900 0.197100 0.967300

0 -31.966101 -19.455900 26.923700 -0.077800 -0.842200 0.533600 0.023200 0.972300
0 -34.903301 -18.711300 26.908100 -0.188300 -0.729100 0.658000 0.005600 0.972400
0 -36.077400 -19.323799 25.893299 -0.180300 -0.762400 0.621500 0.005600 0.967400

0 -36.077400 -19.323799 25.893299 -0.180300 -0.762400 0.621500 0.005600 0.967400
0 -32.364799 -20.052200 25.893299 -0.100300 -0.844200 0.526600 0.020800 0.967200
0 -31.966101 -19.455900 26.923700 -0.077800 -0.842200 0.533600 0.023200 0.972300

0 -26.177601 -19.508600 26.965200 -0.005200 -0.867300 0.497700 0.048800 0.972500
0 -31.966101 -19.455900 26.923700 -0.077800 -0.842200 0.533600 0.023200 0.972300
0 -32.364799 -20.052200 25.893299 -0.100300 -0.844200 0.526600 0.020800 0.967200

0 -32.364799 -20.052200 25.893299 -0.100300 -0.844200 0.526600 0.020800 0.967200
0 -25.762600 -20.125299 25.893299 -0.002100 -0.871500 0.490400 0.051500 0.967200
0 -26.177601 -19.508600 26.965200 -0.005200 -0.867300 0.497700 0.048800 0.972500

0 -8.664200 -19.418301 27.058300 0.031600 -0.990200 0.136400 0.131200 0.972900
0 -26.177601 -19.508600 26.965200 -0.005200 -0.867300 0.497700 0.048800 0.972500
0 -25.762600 -20.125299 25.893299 -0.002100 -0.871500 0.490400 0.051500 0.967200

0 -25.762600 -20.125299 25.893299 -0.002100 -0.871500 0.490400 0.051500 0.967200
0 -8.725800 -19.557699 25.900000 0.033000 -0.992500 0.117700 0.131000 0.967300
0 -8.664200 -19.418301 27.058300 0.031600 -0.990200 0.136400 0.131200 0.972900

0 15.706500 -20.654600 18.023399 1.000000 0.000000 0.000000 0.301500 0.448700
0 15.706500 -20.992599 17.486601 1.000000 0.000000 0.000000 0.307400 0.445300
0 15.706500 -20.594801 16.993200 1.000000 0.000000 0.000000 0.313500 0.452100

0 15.706500 -20.594801 16.993200 1.000000 0.000000 0.000000 0.313500 0.452100
0 15.706500 -20.033501 17.856899 1.000000 0.000000 0.000000 0.301300 0.455600
0 15.706500 -20.654600 18.023399 1.000000 0.000000 0.000000 0.301500 0.448700

0 15.706500 -20.033501 17.856899 1.000000 0.000000 0.000000 0.301300 0.455600
0 15.706500 -20.594801 16.993200 1.000000 0.000000 0.000000 0.313500 0.452100
0 15.706500 -19.997900 17.223600 1.000000 0.000000 0.000000 0.307400 0.459000

0 15.706500 -20.654600 7.829800 1.000000 0.000000 0.000000 0.301500 0.448700
0 15.706500 -20.992599 7.293000 1.000000 0.000000 0.000000 0.307400 0.445300
0 15.706500 -20.594801 6.799600 1.000000 0.000000 0.000000 0.313500 0.452100

0 15.706500 -20.594801 6.799600 1.000000 0.000000 0.000000 0.313500 0.452100
0 15.706500 -20.033501 7.663300 1.000000 0.000000 0.000000 0.301300 0.455600
0 15.706500 -20.654600 7.829800 1.000000 0.000000 0.000000 0.301500 0.448700

0 15.706500 -20.033501 7.663300 1.000000 0.000000 0.000000 0.301300 0.455600
0 15.706500 -20.594801 6.799600 1.000000 0.000000 0.000000 0.313500 0.452100
0 15.706500 -19.997900 7.030000 1.000000 0.000000 0.000000 0.307400 0.459000

0 15.706500 -21.385401 4.966300 1.000000 0.000000 0.000000 0.301500 0.448700
0 15.706500 -21.723400 4.429500 1.000000 0.000000 0.000000 0.307400 0.445300
0 15.706500 -21.325600 3.936100 1.000000 0.000000 0.000000 0.313500 0.452100

0 15.706500 -21.325600 3.936100 1.000000 0.000000 0.000000 0.313500 0.452100
0 15.706500 -20.764200 4.799900 1.000000 0.000000 0.000000 0.301300 0.455600
0 15.706500 -21.385401 4.966300 1.000000 0.000000 0.000000 0.301500 0.448700

0 15.706500 -20.764200 4.799900 1.000000 0.000000 0.000000 0.301300 0.455600
0 15.706500 -21.325600 3.936100 1.000000 0.000000 0.000000 0.313500 0.452100
0 15.706500 -20.728701 4.166500 1.000000 0.000000 0.000000 0.307400 0.459000

0 17.996300 -32.358002 1.769600 0.919600 0.392700 0.000100 0.301500 0.448700
0 18.207100 -32.851700 2.107600 0.919600 0.392700 0.000100 0.307400 0.445300
0 18.400900 -33.305401 1.709800 0.919700 0.392700 0.000000 0.313500 0.452100

0 18.400900 -33.305401 1.709800 0.919700 0.392700 0.000000 0.313500 0.452100
0 18.061701 -32.511101 1.148500 0.919700 0.392700 0.000000 0.301300 0.455600
0 17.996300 -32.358002 1.769600 0.919600 0.392700 0.000100 0.301500 0.448700

0 18.061701 -32.511101 1.148500 0.919700 0.392700 0.000000 0.301300 0.455600
0 18.400900 -33.305401 1.709800 0.919700 0.392700 0.000000 0.313500 0.452100
0 18.310400 -33.093498 1.112900 0.919700 0.392700 -0.000000 0.307400 0.459000

0 5.474200 19.021400 1.081600 0.000000 0.000000 -1.000000 0.590800 0.846800
0 5.474200 -19.021400 1.081600 0.000000 0.000000 -1.000000 0.590800 0.689900
0 -5.474200 -19.021400 1.081600 0.000000 0.000000 -1.000000 0.631300 0.689900

0 -5.474200 -19.021400 1.081600 0.000000 0.000000 -1.000000 0.631300 0.689900
0 -5.474200 19.021400 1.081600 0.000000 0.000000 -1.000000 0.631300 0.846800
0 5.474200 19.021400 1.081600 0.000000 0.000000 -1.000000 0.590800 0.846800
end
